caseId,category,expected,actual,result
catalog.loaded,catalog,not null,loaded,PASS
catalog.validation,catalog,0 errors,0 errors,PASS
catalog.profile_count,prototype_30,30,30,PASS
catalog.version_count,version_150,150,150,PASS
catalog.range_count,stat_range_600,600,600,PASS
catalog.i031_excluded,i031_exclusion,0,0,PASS
catalog.maturity,data_maturity,BALANCE_CANDIDATE,BALANCE_CANDIDATE,PASS
profile.I001,prototype_30,I001-I030 unique,I001,PASS
version.I001@white,version_150,I001@white / BALANCE_CANDIDATE,I001@white / BALANCE_CANDIDATE,PASS
range.I001@white.damage,stat_range_600,"defined, ordered, step-aligned",8..12,PASS
range.I001@white.break,stat_range_600,"defined, ordered, step-aligned",5..8,PASS
range.I001@white.nianCost,stat_range_600,"defined, ordered, step-aligned",4..5,PASS
range.I001@white.cooldown,stat_range_600,"defined, ordered, step-aligned",5..6,PASS
version.I001@green,version_150,I001@green / BALANCE_CANDIDATE,I001@green / BALANCE_CANDIDATE,PASS
range.I001@green.damage,stat_range_600,"defined, ordered, step-aligned",11..16,PASS
range.I001@green.break,stat_range_600,"defined, ordered, step-aligned",7..10,PASS
range.I001@green.nianCost,stat_range_600,"defined, ordered, step-aligned",4..4,PASS
range.I001@green.cooldown,stat_range_600,"defined, ordered, step-aligned",5..5,PASS
version.I001@blue,version_150,I001@blue / BALANCE_CANDIDATE,I001@blue / BALANCE_CANDIDATE,PASS
range.I001@blue.damage,stat_range_600,"defined, ordered, step-aligned",15..20,PASS
range.I001@blue.break,stat_range_600,"defined, ordered, step-aligned",9..13,PASS
range.I001@blue.nianCost,stat_range_600,"defined, ordered, step-aligned",3..4,PASS
range.I001@blue.cooldown,stat_range_600,"defined, ordered, step-aligned",4..5,PASS
version.I001@purple,version_150,I001@purple / BALANCE_CANDIDATE,I001@purple / BALANCE_CANDIDATE,PASS
range.I001@purple.damage,stat_range_600,"defined, ordered, step-aligned",18..22,PASS
range.I001@purple.break,stat_range_600,"defined, ordered, step-aligned",11..14,PASS
range.I001@purple.nianCost,stat_range_600,"defined, ordered, step-aligned",2..3,PASS
range.I001@purple.cooldown,stat_range_600,"defined, ordered, step-aligned",3..4,PASS
version.I001@orange,version_150,I001@orange / BALANCE_CANDIDATE,I001@orange / BALANCE_CANDIDATE,PASS
range.I001@orange.damage,stat_range_600,"defined, ordered, step-aligned",22..24,PASS
range.I001@orange.break,stat_range_600,"defined, ordered, step-aligned",14..15,PASS
range.I001@orange.nianCost,stat_range_600,"defined, ordered, step-aligned",2..3,PASS
range.I001@orange.cooldown,stat_range_600,"defined, ordered, step-aligned",3..4,PASS
profile.I002,prototype_30,I001-I030 unique,I002,PASS
version.I002@white,version_150,I002@white / BALANCE_CANDIDATE,I002@white / BALANCE_CANDIDATE,PASS
range.I002@white.damage,stat_range_600,"defined, ordered, step-aligned",12..18,PASS
range.I002@white.control,stat_range_600,"defined, ordered, step-aligned",1..3,PASS
range.I002@white.nianCost,stat_range_600,"defined, ordered, step-aligned",5..6,PASS
range.I002@white.cooldown,stat_range_600,"defined, ordered, step-aligned",5..6,PASS
version.I002@green,version_150,I002@green / BALANCE_CANDIDATE,I002@green / BALANCE_CANDIDATE,PASS
range.I002@green.damage,stat_range_600,"defined, ordered, step-aligned",16..23,PASS
range.I002@green.control,stat_range_600,"defined, ordered, step-aligned",3..6,PASS
range.I002@green.nianCost,stat_range_600,"defined, ordered, step-aligned",5..5,PASS
range.I002@green.cooldown,stat_range_600,"defined, ordered, step-aligned",5..5,PASS
version.I002@blue,version_150,I002@blue / BALANCE_CANDIDATE,I002@blue / BALANCE_CANDIDATE,PASS
range.I002@blue.damage,stat_range_600,"defined, ordered, step-aligned",22..29,PASS
range.I002@blue.control,stat_range_600,"defined, ordered, step-aligned",5..8,PASS
range.I002@blue.nianCost,stat_range_600,"defined, ordered, step-aligned",4..5,PASS
range.I002@blue.cooldown,stat_range_600,"defined, ordered, step-aligned",4..5,PASS
version.I002@purple,version_150,I002@purple / BALANCE_CANDIDATE,I002@purple / BALANCE_CANDIDATE,PASS
range.I002@purple.damage,stat_range_600,"defined, ordered, step-aligned",26..32,PASS
range.I002@purple.control,stat_range_600,"defined, ordered, step-aligned",7..9,PASS
range.I002@purple.nianCost,stat_range_600,"defined, ordered, step-aligned",3..4,PASS
range.I002@purple.cooldown,stat_range_600,"defined, ordered, step-aligned",3..4,PASS
version.I002@orange,version_150,I002@orange / BALANCE_CANDIDATE,I002@orange / BALANCE_CANDIDATE,PASS
range.I002@orange.damage,stat_range_600,"defined, ordered, step-aligned",31..34,PASS
range.I002@orange.control,stat_range_600,"defined, ordered, step-aligned",9..10,PASS
range.I002@orange.nianCost,stat_range_600,"defined, ordered, step-aligned",3..4,PASS
range.I002@orange.cooldown,stat_range_600,"defined, ordered, step-aligned",3..4,PASS
profile.I003,prototype_30,I001-I030 unique,I003,PASS
version.I003@white,version_150,I003@white / BALANCE_CANDIDATE,I003@white / BALANCE_CANDIDATE,PASS
range.I003@white.break,stat_range_600,"defined, ordered, step-aligned",16..23,PASS
range.I003@white.damage,stat_range_600,"defined, ordered, step-aligned",13..18,PASS
range.I003@white.nianCost,stat_range_600,"defined, ordered, step-aligned",6..7,PASS
range.I003@white.cooldown,stat_range_600,"defined, ordered, step-aligned",6..7,PASS
version.I003@green,version_150,I003@green / BALANCE_CANDIDATE,I003@green / BALANCE_CANDIDATE,PASS
range.I003@green.break,stat_range_600,"defined, ordered, step-aligned",21..30,PASS
range.I003@green.damage,stat_range_600,"defined, ordered, step-aligned",17..24,PASS
range.I003@green.nianCost,stat_range_600,"defined, ordered, step-aligned",6..6,PASS
range.I003@green.cooldown,stat_range_600,"defined, ordered, step-aligned",6..6,PASS
version.I003@blue,version_150,I003@blue / BALANCE_CANDIDATE,I003@blue / BALANCE_CANDIDATE,PASS
range.I003@blue.break,stat_range_600,"defined, ordered, step-aligned",28..36,PASS
range.I003@blue.damage,stat_range_600,"defined, ordered, step-aligned",22..29,PASS
range.I003@blue.nianCost,stat_range_600,"defined, ordered, step-aligned",5..6,PASS
range.I003@blue.cooldown,stat_range_600,"defined, ordered, step-aligned",5..6,PASS
version.I003@purple,version_150,I003@purple / BALANCE_CANDIDATE,I003@purple / BALANCE_CANDIDATE,PASS
range.I003@purple.break,stat_range_600,"defined, ordered, step-aligned",34..40,PASS
range.I003@purple.damage,stat_range_600,"defined, ordered, step-aligned",27..32,PASS
range.I003@purple.nianCost,stat_range_600,"defined, ordered, step-aligned",4..5,PASS
range.I003@purple.cooldown,stat_range_600,"defined, ordered, step-aligned",4..5,PASS
version.I003@orange,version_150,I003@orange / BALANCE_CANDIDATE,I003@orange / BALANCE_CANDIDATE,PASS
range.I003@orange.break,stat_range_600,"defined, ordered, step-aligned",39..43,PASS
range.I003@orange.damage,stat_range_600,"defined, ordered, step-aligned",31..34,PASS
range.I003@orange.nianCost,stat_range_600,"defined, ordered, step-aligned",4..5,PASS
range.I003@orange.cooldown,stat_range_600,"defined, ordered, step-aligned",4..5,PASS
profile.I004,prototype_30,I001-I030 unique,I004,PASS
version.I004@white,version_150,I004@white / BALANCE_CANDIDATE,I004@white / BALANCE_CANDIDATE,PASS
range.I004@white.control,stat_range_600,"defined, ordered, step-aligned",1..3,PASS
range.I004@white.damage,stat_range_600,"defined, ordered, step-aligned",10..14,PASS
range.I004@white.nianCost,stat_range_600,"defined, ordered, step-aligned",5..6,PASS
range.I004@white.cooldown,stat_range_600,"defined, ordered, step-aligned",4..5,PASS
version.I004@green,version_150,I004@green / BALANCE_CANDIDATE,I004@green / BALANCE_CANDIDATE,PASS
range.I004@green.control,stat_range_600,"defined, ordered, step-aligned",3..6,PASS
range.I004@green.damage,stat_range_600,"defined, ordered, step-aligned",13..19,PASS
range.I004@green.nianCost,stat_range_600,"defined, ordered, step-aligned",5..5,PASS
range.I004@green.cooldown,stat_range_600,"defined, ordered, step-aligned",4..4,PASS
version.I004@blue,version_150,I004@blue / BALANCE_CANDIDATE,I004@blue / BALANCE_CANDIDATE,PASS
range.I004@blue.control,stat_range_600,"defined, ordered, step-aligned",5..8,PASS
range.I004@blue.damage,stat_range_600,"defined, ordered, step-aligned",18..23,PASS
range.I004@blue.nianCost,stat_range_600,"defined, ordered, step-aligned",4..5,PASS
range.I004@blue.cooldown,stat_range_600,"defined, ordered, step-aligned",3..4,PASS
version.I004@purple,version_150,I004@purple / BALANCE_CANDIDATE,I004@purple / BALANCE_CANDIDATE,PASS
range.I004@purple.control,stat_range_600,"defined, ordered, step-aligned",7..9,PASS
range.I004@purple.damage,stat_range_600,"defined, ordered, step-aligned",21..25,PASS
range.I004@purple.nianCost,stat_range_600,"defined, ordered, step-aligned",3..4,PASS
range.I004@purple.cooldown,stat_range_600,"defined, ordered, step-aligned",2..3,PASS
version.I004@orange,version_150,I004@orange / BALANCE_CANDIDATE,I004@orange / BALANCE_CANDIDATE,PASS
range.I004@orange.control,stat_range_600,"defined, ordered, step-aligned",9..10,PASS
range.I004@orange.damage,stat_range_600,"defined, ordered, step-aligned",24..27,PASS
range.I004@orange.nianCost,stat_range_600,"defined, ordered, step-aligned",3..4,PASS
range.I004@orange.cooldown,stat_range_600,"defined, ordered, step-aligned",2..3,PASS
profile.I005,prototype_30,I001-I030 unique,I005,PASS
version.I005@white,version_150,I005@white / BALANCE_CANDIDATE,I005@white / BALANCE_CANDIDATE,PASS
range.I005@white.break,stat_range_600,"defined, ordered, step-aligned",14..21,PASS
range.I005@white.control,stat_range_600,"defined, ordered, step-aligned",1..3,PASS
range.I005@white.nianCost,stat_range_600,"defined, ordered, step-aligned",6..7,PASS
range.I005@white.cooldown,stat_range_600,"defined, ordered, step-aligned",5..6,PASS
version.I005@green,version_150,I005@green / BALANCE_CANDIDATE,I005@green / BALANCE_CANDIDATE,PASS
range.I005@green.break,stat_range_600,"defined, ordered, step-aligned",19..27,PASS
range.I005@green.control,stat_range_600,"defined, ordered, step-aligned",3..6,PASS
range.I005@green.nianCost,stat_range_600,"defined, ordered, step-aligned",5..6,PASS
range.I005@green.cooldown,stat_range_600,"defined, ordered, step-aligned",5..5,PASS
version.I005@blue,version_150,I005@blue / BALANCE_CANDIDATE,I005@blue / BALANCE_CANDIDATE,PASS
range.I005@blue.break,stat_range_600,"defined, ordered, step-aligned",26..34,PASS
range.I005@blue.control,stat_range_600,"defined, ordered, step-aligned",5..8,PASS
range.I005@blue.nianCost,stat_range_600,"defined, ordered, step-aligned",4..5,PASS
range.I005@blue.cooldown,stat_range_600,"defined, ordered, step-aligned",4..5,PASS
version.I005@purple,version_150,I005@purple / BALANCE_CANDIDATE,I005@purple / BALANCE_CANDIDATE,PASS
range.I005@purple.break,stat_range_600,"defined, ordered, step-aligned",31..37,PASS
range.I005@purple.control,stat_range_600,"defined, ordered, step-aligned",7..9,PASS
range.I005@purple.nianCost,stat_range_600,"defined, ordered, step-aligned",3..4,PASS
range.I005@purple.cooldown,stat_range_600,"defined, ordered, step-aligned",3..4,PASS
version.I005@orange,version_150,I005@orange / BALANCE_CANDIDATE,I005@orange / BALANCE_CANDIDATE,PASS
range.I005@orange.break,stat_range_600,"defined, ordered, step-aligned",36..40,PASS
range.I005@orange.control,stat_range_600,"defined, ordered, step-aligned",9..10,PASS
range.I005@orange.nianCost,stat_range_600,"defined, ordered, step-aligned",3..4,PASS
range.I005@orange.cooldown,stat_range_600,"defined, ordered, step-aligned",3..4,PASS
profile.I006,prototype_30,I001-I030 unique,I006,PASS
version.I006@white,version_150,I006@white / BALANCE_CANDIDATE,I006@white / BALANCE_CANDIDATE,PASS
range.I006@white.damage,stat_range_600,"defined, ordered, step-aligned",24..34,PASS
range.I006@white.control,stat_range_600,"defined, ordered, step-aligned",1..3,PASS
range.I006@white.nianCost,stat_range_600,"defined, ordered, step-aligned",8..9,PASS
range.I006@white.cooldown,stat_range_600,"defined, ordered, step-aligned",7..8,PASS
version.I006@green,version_150,I006@green / BALANCE_CANDIDATE,I006@green / BALANCE_CANDIDATE,PASS
range.I006@green.damage,stat_range_600,"defined, ordered, step-aligned",32..44,PASS
range.I006@green.control,stat_range_600,"defined, ordered, step-aligned",3..6,PASS
range.I006@green.nianCost,stat_range_600,"defined, ordered, step-aligned",7..8,PASS
range.I006@green.cooldown,stat_range_600,"defined, ordered, step-aligned",7..7,PASS
version.I006@blue,version_150,I006@blue / BALANCE_CANDIDATE,I006@blue / BALANCE_CANDIDATE,PASS
range.I006@blue.damage,stat_range_600,"defined, ordered, step-aligned",42..54,PASS
range.I006@blue.control,stat_range_600,"defined, ordered, step-aligned",5..8,PASS
range.I006@blue.nianCost,stat_range_600,"defined, ordered, step-aligned",6..7,PASS
range.I006@blue.cooldown,stat_range_600,"defined, ordered, step-aligned",6..7,PASS
version.I006@purple,version_150,I006@purple / BALANCE_CANDIDATE,I006@purple / BALANCE_CANDIDATE,PASS
range.I006@purple.damage,stat_range_600,"defined, ordered, step-aligned",50..60,PASS
range.I006@purple.control,stat_range_600,"defined, ordered, step-aligned",7..9,PASS
range.I006@purple.nianCost,stat_range_600,"defined, ordered, step-aligned",5..6,PASS
range.I006@purple.cooldown,stat_range_600,"defined, ordered, step-aligned",5..6,PASS
version.I006@orange,version_150,I006@orange / BALANCE_CANDIDATE,I006@orange / BALANCE_CANDIDATE,PASS
range.I006@orange.damage,stat_range_600,"defined, ordered, step-aligned",58..64,PASS
range.I006@orange.control,stat_range_600,"defined, ordered, step-aligned",9..10,PASS
range.I006@orange.nianCost,stat_range_600,"defined, ordered, step-aligned",5..6,PASS
range.I006@orange.cooldown,stat_range_600,"defined, ordered, step-aligned",5..6,PASS
profile.I007,prototype_30,I001-I030 unique,I007,PASS
version.I007@white,version_150,I007@white / BALANCE_CANDIDATE,I007@white / BALANCE_CANDIDATE,PASS
range.I007@white.damage,stat_range_600,"defined, ordered, step-aligned",8..12,PASS
range.I007@white.duration,stat_range_600,"defined, ordered, step-aligned",1..2,PASS
range.I007@white.nianCost,stat_range_600,"defined, ordered, step-aligned",4..5,PASS
range.I007@white.cooldown,stat_range_600,"defined, ordered, step-aligned",5..6,PASS
version.I007@green,version_150,I007@green / BALANCE_CANDIDATE,I007@green / BALANCE_CANDIDATE,PASS
range.I007@green.damage,stat_range_600,"defined, ordered, step-aligned",11..16,PASS
range.I007@green.duration,stat_range_600,"defined, ordered, step-aligned",2..4,PASS
range.I007@green.nianCost,stat_range_600,"defined, ordered, step-aligned",4..4,PASS
range.I007@green.cooldown,stat_range_600,"defined, ordered, step-aligned",5..5,PASS
version.I007@blue,version_150,I007@blue / BALANCE_CANDIDATE,I007@blue / BALANCE_CANDIDATE,PASS
range.I007@blue.damage,stat_range_600,"defined, ordered, step-aligned",15..20,PASS
range.I007@blue.duration,stat_range_600,"defined, ordered, step-aligned",3..5,PASS
range.I007@blue.nianCost,stat_range_600,"defined, ordered, step-aligned",3..4,PASS
range.I007@blue.cooldown,stat_range_600,"defined, ordered, step-aligned",4..5,PASS
version.I007@purple,version_150,I007@purple / BALANCE_CANDIDATE,I007@purple / BALANCE_CANDIDATE,PASS
range.I007@purple.damage,stat_range_600,"defined, ordered, step-aligned",18..22,PASS
range.I007@purple.duration,stat_range_600,"defined, ordered, step-aligned",4..5,PASS
range.I007@purple.nianCost,stat_range_600,"defined, ordered, step-aligned",2..3,PASS
range.I007@purple.cooldown,stat_range_600,"defined, ordered, step-aligned",3..4,PASS
version.I007@orange,version_150,I007@orange / BALANCE_CANDIDATE,I007@orange / BALANCE_CANDIDATE,PASS
range.I007@orange.damage,stat_range_600,"defined, ordered, step-aligned",22..24,PASS
range.I007@orange.duration,stat_range_600,"defined, ordered, step-aligned",5..6,PASS
range.I007@orange.nianCost,stat_range_600,"defined, ordered, step-aligned",2..3,PASS
range.I007@orange.cooldown,stat_range_600,"defined, ordered, step-aligned",3..4,PASS
profile.I008,prototype_30,I001-I030 unique,I008,PASS
version.I008@white,version_150,I008@white / BALANCE_CANDIDATE,I008@white / BALANCE_CANDIDATE,PASS
range.I008@white.damage,stat_range_600,"defined, ordered, step-aligned",12..18,PASS
range.I008@white.duration,stat_range_600,"defined, ordered, step-aligned",1..2,PASS
range.I008@white.nianCost,stat_range_600,"defined, ordered, step-aligned",5..6,PASS
range.I008@white.cooldown,stat_range_600,"defined, ordered, step-aligned",5..6,PASS
version.I008@green,version_150,I008@green / BALANCE_CANDIDATE,I008@green / BALANCE_CANDIDATE,PASS
range.I008@green.damage,stat_range_600,"defined, ordered, step-aligned",16..23,PASS
range.I008@green.duration,stat_range_600,"defined, ordered, step-aligned",2..4,PASS
range.I008@green.nianCost,stat_range_600,"defined, ordered, step-aligned",5..5,PASS
range.I008@green.cooldown,stat_range_600,"defined, ordered, step-aligned",5..5,PASS
version.I008@blue,version_150,I008@blue / BALANCE_CANDIDATE,I008@blue / BALANCE_CANDIDATE,PASS
range.I008@blue.damage,stat_range_600,"defined, ordered, step-aligned",22..29,PASS
range.I008@blue.duration,stat_range_600,"defined, ordered, step-aligned",3..5,PASS
range.I008@blue.nianCost,stat_range_600,"defined, ordered, step-aligned",4..5,PASS
range.I008@blue.cooldown,stat_range_600,"defined, ordered, step-aligned",4..5,PASS
version.I008@purple,version_150,I008@purple / BALANCE_CANDIDATE,I008@purple / BALANCE_CANDIDATE,PASS
range.I008@purple.damage,stat_range_600,"defined, ordered, step-aligned",26..32,PASS
range.I008@purple.duration,stat_range_600,"defined, ordered, step-aligned",4..5,PASS
range.I008@purple.nianCost,stat_range_600,"defined, ordered, step-aligned",3..4,PASS
range.I008@purple.cooldown,stat_range_600,"defined, ordered, step-aligned",3..4,PASS
version.I008@orange,version_150,I008@orange / BALANCE_CANDIDATE,I008@orange / BALANCE_CANDIDATE,PASS
range.I008@orange.damage,stat_range_600,"defined, ordered, step-aligned",31..34,PASS
range.I008@orange.duration,stat_range_600,"defined, ordered, step-aligned",5..6,PASS
range.I008@orange.nianCost,stat_range_600,"defined, ordered, step-aligned",3..4,PASS
range.I008@orange.cooldown,stat_range_600,"defined, ordered, step-aligned",3..4,PASS
profile.I009,prototype_30,I001-I030 unique,I009,PASS
version.I009@white,version_150,I009@white / BALANCE_CANDIDATE,I009@white / BALANCE_CANDIDATE,PASS
range.I009@white.damage,stat_range_600,"defined, ordered, step-aligned",18..26,PASS
range.I009@white.duration,stat_range_600,"defined, ordered, step-aligned",1..2,PASS
range.I009@white.nianCost,stat_range_600,"defined, ordered, step-aligned",6..7,PASS
range.I009@white.cooldown,stat_range_600,"defined, ordered, step-aligned",6..7,PASS
version.I009@green,version_150,I009@green / BALANCE_CANDIDATE,I009@green / BALANCE_CANDIDATE,PASS
range.I009@green.damage,stat_range_600,"defined, ordered, step-aligned",24..33,PASS
range.I009@green.duration,stat_range_600,"defined, ordered, step-aligned",2..4,PASS
range.I009@green.nianCost,stat_range_600,"defined, ordered, step-aligned",6..6,PASS
range.I009@green.cooldown,stat_range_600,"defined, ordered, step-aligned",6..6,PASS
version.I009@blue,version_150,I009@blue / BALANCE_CANDIDATE,I009@blue / BALANCE_CANDIDATE,PASS
range.I009@blue.damage,stat_range_600,"defined, ordered, step-aligned",31..41,PASS
range.I009@blue.duration,stat_range_600,"defined, ordered, step-aligned",3..5,PASS
range.I009@blue.nianCost,stat_range_600,"defined, ordered, step-aligned",5..6,PASS
range.I009@blue.cooldown,stat_range_600,"defined, ordered, step-aligned",5..6,PASS
version.I009@purple,version_150,I009@purple / BALANCE_CANDIDATE,I009@purple / BALANCE_CANDIDATE,PASS
range.I009@purple.damage,stat_range_600,"defined, ordered, step-aligned",37..45,PASS
range.I009@purple.duration,stat_range_600,"defined, ordered, step-aligned",4..5,PASS
range.I009@purple.nianCost,stat_range_600,"defined, ordered, step-aligned",4..5,PASS
range.I009@purple.cooldown,stat_range_600,"defined, ordered, step-aligned",4..5,PASS
version.I009@orange,version_150,I009@orange / BALANCE_CANDIDATE,I009@orange / BALANCE_CANDIDATE,PASS
range.I009@orange.damage,stat_range_600,"defined, ordered, step-aligned",44..48,PASS
range.I009@orange.duration,stat_range_600,"defined, ordered, step-aligned",5..6,PASS
range.I009@orange.nianCost,stat_range_600,"defined, ordered, step-aligned",4..5,PASS
range.I009@orange.cooldown,stat_range_600,"defined, ordered, step-aligned",4..5,PASS
profile.I010,prototype_30,I001-I030 unique,I010,PASS
version.I010@white,version_150,I010@white / BALANCE_CANDIDATE,I010@white / BALANCE_CANDIDATE,PASS
range.I010@white.damage,stat_range_600,"defined, ordered, step-aligned",14..20,PASS
range.I010@white.duration,stat_range_600,"defined, ordered, step-aligned",1..2,PASS
range.I010@white.nianCost,stat_range_600,"defined, ordered, step-aligned",5..6,PASS
range.I010@white.cooldown,stat_range_600,"defined, ordered, step-aligned",4..5,PASS
version.I010@green,version_150,I010@green / BALANCE_CANDIDATE,I010@green / BALANCE_CANDIDATE,PASS
range.I010@green.damage,stat_range_600,"defined, ordered, step-aligned",19..26,PASS
range.I010@green.duration,stat_range_600,"defined, ordered, step-aligned",2..4,PASS
range.I010@green.nianCost,stat_range_600,"defined, ordered, step-aligned",5..5,PASS
range.I010@green.cooldown,stat_range_600,"defined, ordered, step-aligned",4..4,PASS
version.I010@blue,version_150,I010@blue / BALANCE_CANDIDATE,I010@blue / BALANCE_CANDIDATE,PASS
range.I010@blue.damage,stat_range_600,"defined, ordered, step-aligned",25..32,PASS
range.I010@blue.duration,stat_range_600,"defined, ordered, step-aligned",3..5,PASS
range.I010@blue.nianCost,stat_range_600,"defined, ordered, step-aligned",4..5,PASS
range.I010@blue.cooldown,stat_range_600,"defined, ordered, step-aligned",3..4,PASS
version.I010@purple,version_150,I010@purple / BALANCE_CANDIDATE,I010@purple / BALANCE_CANDIDATE,PASS
range.I010@purple.damage,stat_range_600,"defined, ordered, step-aligned",30..36,PASS
range.I010@purple.duration,stat_range_600,"defined, ordered, step-aligned",4..5,PASS
range.I010@purple.nianCost,stat_range_600,"defined, ordered, step-aligned",3..4,PASS
range.I010@purple.cooldown,stat_range_600,"defined, ordered, step-aligned",2..3,PASS
version.I010@orange,version_150,I010@orange / BALANCE_CANDIDATE,I010@orange / BALANCE_CANDIDATE,PASS
range.I010@orange.damage,stat_range_600,"defined, ordered, step-aligned",34..38,PASS
range.I010@orange.duration,stat_range_600,"defined, ordered, step-aligned",5..6,PASS
range.I010@orange.nianCost,stat_range_600,"defined, ordered, step-aligned",3..4,PASS
range.I010@orange.cooldown,stat_range_600,"defined, ordered, step-aligned",2..3,PASS
profile.I011,prototype_30,I001-I030 unique,I011,PASS
version.I011@white,version_150,I011@white / BALANCE_CANDIDATE,I011@white / BALANCE_CANDIDATE,PASS
range.I011@white.damage,stat_range_600,"defined, ordered, step-aligned",16..23,PASS
range.I011@white.duration,stat_range_600,"defined, ordered, step-aligned",1..2,PASS
range.I011@white.nianCost,stat_range_600,"defined, ordered, step-aligned",6..7,PASS
range.I011@white.cooldown,stat_range_600,"defined, ordered, step-aligned",5..6,PASS
version.I011@green,version_150,I011@green / BALANCE_CANDIDATE,I011@green / BALANCE_CANDIDATE,PASS
range.I011@green.damage,stat_range_600,"defined, ordered, step-aligned",22..30,PASS
range.I011@green.duration,stat_range_600,"defined, ordered, step-aligned",2..4,PASS
range.I011@green.nianCost,stat_range_600,"defined, ordered, step-aligned",5..6,PASS
range.I011@green.cooldown,stat_range_600,"defined, ordered, step-aligned",5..5,PASS
version.I011@blue,version_150,I011@blue / BALANCE_CANDIDATE,I011@blue / BALANCE_CANDIDATE,PASS
range.I011@blue.damage,stat_range_600,"defined, ordered, step-aligned",29..37,PASS
range.I011@blue.duration,stat_range_600,"defined, ordered, step-aligned",3..5,PASS
range.I011@blue.nianCost,stat_range_600,"defined, ordered, step-aligned",4..5,PASS
range.I011@blue.cooldown,stat_range_600,"defined, ordered, step-aligned",4..5,PASS
version.I011@purple,version_150,I011@purple / BALANCE_CANDIDATE,I011@purple / BALANCE_CANDIDATE,PASS
range.I011@purple.damage,stat_range_600,"defined, ordered, step-aligned",34..41,PASS
range.I011@purple.duration,stat_range_600,"defined, ordered, step-aligned",4..5,PASS
range.I011@purple.nianCost,stat_range_600,"defined, ordered, step-aligned",3..4,PASS
range.I011@purple.cooldown,stat_range_600,"defined, ordered, step-aligned",3..4,PASS
version.I011@orange,version_150,I011@orange / BALANCE_CANDIDATE,I011@orange / BALANCE_CANDIDATE,PASS
range.I011@orange.damage,stat_range_600,"defined, ordered, step-aligned",40..44,PASS
range.I011@orange.duration,stat_range_600,"defined, ordered, step-aligned",5..6,PASS
range.I011@orange.nianCost,stat_range_600,"defined, ordered, step-aligned",3..4,PASS
range.I011@orange.cooldown,stat_range_600,"defined, ordered, step-aligned",3..4,PASS
profile.I012,prototype_30,I001-I030 unique,I012,PASS
version.I012@white,version_150,I012@white / BALANCE_CANDIDATE,I012@white / BALANCE_CANDIDATE,PASS
range.I012@white.damage,stat_range_600,"defined, ordered, step-aligned",24..34,PASS
range.I012@white.duration,stat_range_600,"defined, ordered, step-aligned",1..2,PASS
range.I012@white.nianCost,stat_range_600,"defined, ordered, step-aligned",8..9,PASS
range.I012@white.cooldown,stat_range_600,"defined, ordered, step-aligned",7..8,PASS
version.I012@green,version_150,I012@green / BALANCE_CANDIDATE,I012@green / BALANCE_CANDIDATE,PASS
range.I012@green.damage,stat_range_600,"defined, ordered, step-aligned",32..44,PASS
range.I012@green.duration,stat_range_600,"defined, ordered, step-aligned",2..4,PASS
range.I012@green.nianCost,stat_range_600,"defined, ordered, step-aligned",7..8,PASS
range.I012@green.cooldown,stat_range_600,"defined, ordered, step-aligned",7..7,PASS
version.I012@blue,version_150,I012@blue / BALANCE_CANDIDATE,I012@blue / BALANCE_CANDIDATE,PASS
range.I012@blue.damage,stat_range_600,"defined, ordered, step-aligned",42..54,PASS
range.I012@blue.duration,stat_range_600,"defined, ordered, step-aligned",3..5,PASS
range.I012@blue.nianCost,stat_range_600,"defined, ordered, step-aligned",6..7,PASS
range.I012@blue.cooldown,stat_range_600,"defined, ordered, step-aligned",6..7,PASS
version.I012@purple,version_150,I012@purple / BALANCE_CANDIDATE,I012@purple / BALANCE_CANDIDATE,PASS
range.I012@purple.damage,stat_range_600,"defined, ordered, step-aligned",50..60,PASS
range.I012@purple.duration,stat_range_600,"defined, ordered, step-aligned",4..5,PASS
range.I012@purple.nianCost,stat_range_600,"defined, ordered, step-aligned",5..6,PASS
range.I012@purple.cooldown,stat_range_600,"defined, ordered, step-aligned",5..6,PASS
version.I012@orange,version_150,I012@orange / BALANCE_CANDIDATE,I012@orange / BALANCE_CANDIDATE,PASS
range.I012@orange.damage,stat_range_600,"defined, ordered, step-aligned",58..64,PASS
range.I012@orange.duration,stat_range_600,"defined, ordered, step-aligned",5..6,PASS
range.I012@orange.nianCost,stat_range_600,"defined, ordered, step-aligned",5..6,PASS
range.I012@orange.cooldown,stat_range_600,"defined, ordered, step-aligned",5..6,PASS
profile.I013,prototype_30,I001-I030 unique,I013,PASS
version.I013@white,version_150,I013@white / BALANCE_CANDIDATE,I013@white / BALANCE_CANDIDATE,PASS
range.I013@white.guard,stat_range_600,"defined, ordered, step-aligned",9..14,PASS
range.I013@white.duration,stat_range_600,"defined, ordered, step-aligned",1..2,PASS
range.I013@white.nianCost,stat_range_600,"defined, ordered, step-aligned",4..5,PASS
range.I013@white.cooldown,stat_range_600,"defined, ordered, step-aligned",5..6,PASS
version.I013@green,version_150,I013@green / BALANCE_CANDIDATE,I013@green / BALANCE_CANDIDATE,PASS
range.I013@green.guard,stat_range_600,"defined, ordered, step-aligned",13..19,PASS
range.I013@green.duration,stat_range_600,"defined, ordered, step-aligned",2..4,PASS
range.I013@green.nianCost,stat_range_600,"defined, ordered, step-aligned",4..4,PASS
range.I013@green.cooldown,stat_range_600,"defined, ordered, step-aligned",5..5,PASS
version.I013@blue,version_150,I013@blue / BALANCE_CANDIDATE,I013@blue / BALANCE_CANDIDATE,PASS
range.I013@blue.guard,stat_range_600,"defined, ordered, step-aligned",18..23,PASS
range.I013@blue.duration,stat_range_600,"defined, ordered, step-aligned",3..5,PASS
range.I013@blue.nianCost,stat_range_600,"defined, ordered, step-aligned",3..4,PASS
range.I013@blue.cooldown,stat_range_600,"defined, ordered, step-aligned",4..5,PASS
version.I013@purple,version_150,I013@purple / BALANCE_CANDIDATE,I013@purple / BALANCE_CANDIDATE,PASS
range.I013@purple.guard,stat_range_600,"defined, ordered, step-aligned",21..26,PASS
range.I013@purple.duration,stat_range_600,"defined, ordered, step-aligned",4..5,PASS
range.I013@purple.nianCost,stat_range_600,"defined, ordered, step-aligned",2..3,PASS
range.I013@purple.cooldown,stat_range_600,"defined, ordered, step-aligned",3..4,PASS
version.I013@orange,version_150,I013@orange / BALANCE_CANDIDATE,I013@orange / BALANCE_CANDIDATE,PASS
range.I013@orange.guard,stat_range_600,"defined, ordered, step-aligned",25..28,PASS
range.I013@orange.duration,stat_range_600,"defined, ordered, step-aligned",5..6,PASS
range.I013@orange.nianCost,stat_range_600,"defined, ordered, step-aligned",2..3,PASS
range.I013@orange.cooldown,stat_range_600,"defined, ordered, step-aligned",3..4,PASS
profile.I014,prototype_30,I001-I030 unique,I014,PASS
version.I014@white,version_150,I014@white / BALANCE_CANDIDATE,I014@white / BALANCE_CANDIDATE,PASS
range.I014@white.guard,stat_range_600,"defined, ordered, step-aligned",14..20,PASS
range.I014@white.duration,stat_range_600,"defined, ordered, step-aligned",1..2,PASS
range.I014@white.nianCost,stat_range_600,"defined, ordered, step-aligned",5..6,PASS
range.I014@white.cooldown,stat_range_600,"defined, ordered, step-aligned",5..6,PASS
version.I014@green,version_150,I014@green / BALANCE_CANDIDATE,I014@green / BALANCE_CANDIDATE,PASS
range.I014@green.guard,stat_range_600,"defined, ordered, step-aligned",19..27,PASS
range.I014@green.duration,stat_range_600,"defined, ordered, step-aligned",2..4,PASS
range.I014@green.nianCost,stat_range_600,"defined, ordered, step-aligned",5..5,PASS
range.I014@green.cooldown,stat_range_600,"defined, ordered, step-aligned",5..5,PASS
version.I014@blue,version_150,I014@blue / BALANCE_CANDIDATE,I014@blue / BALANCE_CANDIDATE,PASS
range.I014@blue.guard,stat_range_600,"defined, ordered, step-aligned",25..33,PASS
range.I014@blue.duration,stat_range_600,"defined, ordered, step-aligned",3..5,PASS
range.I014@blue.nianCost,stat_range_600,"defined, ordered, step-aligned",4..5,PASS
range.I014@blue.cooldown,stat_range_600,"defined, ordered, step-aligned",4..5,PASS
version.I014@purple,version_150,I014@purple / BALANCE_CANDIDATE,I014@purple / BALANCE_CANDIDATE,PASS
range.I014@purple.guard,stat_range_600,"defined, ordered, step-aligned",30..36,PASS
range.I014@purple.duration,stat_range_600,"defined, ordered, step-aligned",4..5,PASS
range.I014@purple.nianCost,stat_range_600,"defined, ordered, step-aligned",3..4,PASS
range.I014@purple.cooldown,stat_range_600,"defined, ordered, step-aligned",3..4,PASS
version.I014@orange,version_150,I014@orange / BALANCE_CANDIDATE,I014@orange / BALANCE_CANDIDATE,PASS
range.I014@orange.guard,stat_range_600,"defined, ordered, step-aligned",35..39,PASS
range.I014@orange.duration,stat_range_600,"defined, ordered, step-aligned",5..6,PASS
range.I014@orange.nianCost,stat_range_600,"defined, ordered, step-aligned",3..4,PASS
range.I014@orange.cooldown,stat_range_600,"defined, ordered, step-aligned",3..4,PASS
profile.I015,prototype_30,I001-I030 unique,I015,PASS
version.I015@white,version_150,I015@white / BALANCE_CANDIDATE,I015@white / BALANCE_CANDIDATE,PASS
range.I015@white.guard,stat_range_600,"defined, ordered, step-aligned",21..30,PASS
range.I015@white.control,stat_range_600,"defined, ordered, step-aligned",1..3,PASS
range.I015@white.nianCost,stat_range_600,"defined, ordered, step-aligned",6..7,PASS
range.I015@white.cooldown,stat_range_600,"defined, ordered, step-aligned",6..7,PASS
version.I015@green,version_150,I015@green / BALANCE_CANDIDATE,I015@green / BALANCE_CANDIDATE,PASS
range.I015@green.guard,stat_range_600,"defined, ordered, step-aligned",28..38,PASS
range.I015@green.control,stat_range_600,"defined, ordered, step-aligned",3..6,PASS
range.I015@green.nianCost,stat_range_600,"defined, ordered, step-aligned",6..6,PASS
range.I015@green.cooldown,stat_range_600,"defined, ordered, step-aligned",6..6,PASS
version.I015@blue,version_150,I015@blue / BALANCE_CANDIDATE,I015@blue / BALANCE_CANDIDATE,PASS
range.I015@blue.guard,stat_range_600,"defined, ordered, step-aligned",36..47,PASS
range.I015@blue.control,stat_range_600,"defined, ordered, step-aligned",5..8,PASS
range.I015@blue.nianCost,stat_range_600,"defined, ordered, step-aligned",5..6,PASS
range.I015@blue.cooldown,stat_range_600,"defined, ordered, step-aligned",5..6,PASS
version.I015@purple,version_150,I015@purple / BALANCE_CANDIDATE,I015@purple / BALANCE_CANDIDATE,PASS
range.I015@purple.guard,stat_range_600,"defined, ordered, step-aligned",43..52,PASS
range.I015@purple.control,stat_range_600,"defined, ordered, step-aligned",7..9,PASS
range.I015@purple.nianCost,stat_range_600,"defined, ordered, step-aligned",4..5,PASS
range.I015@purple.cooldown,stat_range_600,"defined, ordered, step-aligned",4..5,PASS
version.I015@orange,version_150,I015@orange / BALANCE_CANDIDATE,I015@orange / BALANCE_CANDIDATE,PASS
range.I015@orange.guard,stat_range_600,"defined, ordered, step-aligned",50..55,PASS
range.I015@orange.control,stat_range_600,"defined, ordered, step-aligned",9..10,PASS
range.I015@orange.nianCost,stat_range_600,"defined, ordered, step-aligned",4..5,PASS
range.I015@orange.cooldown,stat_range_600,"defined, ordered, step-aligned",4..5,PASS
profile.I016,prototype_30,I001-I030 unique,I016,PASS
version.I016@white,version_150,I016@white / BALANCE_CANDIDATE,I016@white / BALANCE_CANDIDATE,PASS
range.I016@white.guard,stat_range_600,"defined, ordered, step-aligned",16..23,PASS
range.I016@white.duration,stat_range_600,"defined, ordered, step-aligned",1..2,PASS
range.I016@white.nianCost,stat_range_600,"defined, ordered, step-aligned",5..6,PASS
range.I016@white.cooldown,stat_range_600,"defined, ordered, step-aligned",4..5,PASS
version.I016@green,version_150,I016@green / BALANCE_CANDIDATE,I016@green / BALANCE_CANDIDATE,PASS
range.I016@green.guard,stat_range_600,"defined, ordered, step-aligned",22..30,PASS
range.I016@green.duration,stat_range_600,"defined, ordered, step-aligned",2..4,PASS
range.I016@green.nianCost,stat_range_600,"defined, ordered, step-aligned",5..5,PASS
range.I016@green.cooldown,stat_range_600,"defined, ordered, step-aligned",4..4,PASS
version.I016@blue,version_150,I016@blue / BALANCE_CANDIDATE,I016@blue / BALANCE_CANDIDATE,PASS
range.I016@blue.guard,stat_range_600,"defined, ordered, step-aligned",29..37,PASS
range.I016@blue.duration,stat_range_600,"defined, ordered, step-aligned",3..5,PASS
range.I016@blue.nianCost,stat_range_600,"defined, ordered, step-aligned",4..5,PASS
range.I016@blue.cooldown,stat_range_600,"defined, ordered, step-aligned",3..4,PASS
version.I016@purple,version_150,I016@purple / BALANCE_CANDIDATE,I016@purple / BALANCE_CANDIDATE,PASS
range.I016@purple.guard,stat_range_600,"defined, ordered, step-aligned",34..41,PASS
range.I016@purple.duration,stat_range_600,"defined, ordered, step-aligned",4..5,PASS
range.I016@purple.nianCost,stat_range_600,"defined, ordered, step-aligned",3..4,PASS
range.I016@purple.cooldown,stat_range_600,"defined, ordered, step-aligned",2..3,PASS
version.I016@orange,version_150,I016@orange / BALANCE_CANDIDATE,I016@orange / BALANCE_CANDIDATE,PASS
range.I016@orange.guard,stat_range_600,"defined, ordered, step-aligned",40..44,PASS
range.I016@orange.duration,stat_range_600,"defined, ordered, step-aligned",5..6,PASS
range.I016@orange.nianCost,stat_range_600,"defined, ordered, step-aligned",3..4,PASS
range.I016@orange.cooldown,stat_range_600,"defined, ordered, step-aligned",2..3,PASS
profile.I017,prototype_30,I001-I030 unique,I017,PASS
version.I017@white,version_150,I017@white / BALANCE_CANDIDATE,I017@white / BALANCE_CANDIDATE,PASS
range.I017@white.guard,stat_range_600,"defined, ordered, step-aligned",18..26,PASS
range.I017@white.control,stat_range_600,"defined, ordered, step-aligned",1..3,PASS
range.I017@white.nianCost,stat_range_600,"defined, ordered, step-aligned",6..7,PASS
range.I017@white.cooldown,stat_range_600,"defined, ordered, step-aligned",5..6,PASS
version.I017@green,version_150,I017@green / BALANCE_CANDIDATE,I017@green / BALANCE_CANDIDATE,PASS
range.I017@green.guard,stat_range_600,"defined, ordered, step-aligned",25..35,PASS
range.I017@green.control,stat_range_600,"defined, ordered, step-aligned",3..6,PASS
range.I017@green.nianCost,stat_range_600,"defined, ordered, step-aligned",5..6,PASS
range.I017@green.cooldown,stat_range_600,"defined, ordered, step-aligned",5..5,PASS
version.I017@blue,version_150,I017@blue / BALANCE_CANDIDATE,I017@blue / BALANCE_CANDIDATE,PASS
range.I017@blue.guard,stat_range_600,"defined, ordered, step-aligned",33..43,PASS
range.I017@blue.control,stat_range_600,"defined, ordered, step-aligned",5..8,PASS
range.I017@blue.nianCost,stat_range_600,"defined, ordered, step-aligned",4..5,PASS
range.I017@blue.cooldown,stat_range_600,"defined, ordered, step-aligned",4..5,PASS
version.I017@purple,version_150,I017@purple / BALANCE_CANDIDATE,I017@purple / BALANCE_CANDIDATE,PASS
range.I017@purple.guard,stat_range_600,"defined, ordered, step-aligned",39..48,PASS
range.I017@purple.control,stat_range_600,"defined, ordered, step-aligned",7..9,PASS
range.I017@purple.nianCost,stat_range_600,"defined, ordered, step-aligned",3..4,PASS
range.I017@purple.cooldown,stat_range_600,"defined, ordered, step-aligned",3..4,PASS
version.I017@orange,version_150,I017@orange / BALANCE_CANDIDATE,I017@orange / BALANCE_CANDIDATE,PASS
range.I017@orange.guard,stat_range_600,"defined, ordered, step-aligned",46..51,PASS
range.I017@orange.control,stat_range_600,"defined, ordered, step-aligned",9..10,PASS
range.I017@orange.nianCost,stat_range_600,"defined, ordered, step-aligned",3..4,PASS
range.I017@orange.cooldown,stat_range_600,"defined, ordered, step-aligned",3..4,PASS
profile.I018,prototype_30,I001-I030 unique,I018,PASS
version.I018@white,version_150,I018@white / BALANCE_CANDIDATE,I018@white / BALANCE_CANDIDATE,PASS
range.I018@white.guard,stat_range_600,"defined, ordered, step-aligned",28..40,PASS
range.I018@white.duration,stat_range_600,"defined, ordered, step-aligned",1..2,PASS
range.I018@white.nianCost,stat_range_600,"defined, ordered, step-aligned",8..9,PASS
range.I018@white.cooldown,stat_range_600,"defined, ordered, step-aligned",7..8,PASS
version.I018@green,version_150,I018@green / BALANCE_CANDIDATE,I018@green / BALANCE_CANDIDATE,PASS
range.I018@green.guard,stat_range_600,"defined, ordered, step-aligned",37..51,PASS
range.I018@green.duration,stat_range_600,"defined, ordered, step-aligned",2..4,PASS
range.I018@green.nianCost,stat_range_600,"defined, ordered, step-aligned",7..8,PASS
range.I018@green.cooldown,stat_range_600,"defined, ordered, step-aligned",7..7,PASS
version.I018@blue,version_150,I018@blue / BALANCE_CANDIDATE,I018@blue / BALANCE_CANDIDATE,PASS
range.I018@blue.guard,stat_range_600,"defined, ordered, step-aligned",49..63,PASS
range.I018@blue.duration,stat_range_600,"defined, ordered, step-aligned",3..5,PASS
range.I018@blue.nianCost,stat_range_600,"defined, ordered, step-aligned",6..7,PASS
range.I018@blue.cooldown,stat_range_600,"defined, ordered, step-aligned",6..7,PASS
version.I018@purple,version_150,I018@purple / BALANCE_CANDIDATE,I018@purple / BALANCE_CANDIDATE,PASS
range.I018@purple.guard,stat_range_600,"defined, ordered, step-aligned",58..69,PASS
range.I018@purple.duration,stat_range_600,"defined, ordered, step-aligned",4..5,PASS
range.I018@purple.nianCost,stat_range_600,"defined, ordered, step-aligned",5..6,PASS
range.I018@purple.cooldown,stat_range_600,"defined, ordered, step-aligned",5..6,PASS
version.I018@orange,version_150,I018@orange / BALANCE_CANDIDATE,I018@orange / BALANCE_CANDIDATE,PASS
range.I018@orange.guard,stat_range_600,"defined, ordered, step-aligned",67..74,PASS
range.I018@orange.duration,stat_range_600,"defined, ordered, step-aligned",5..6,PASS
range.I018@orange.nianCost,stat_range_600,"defined, ordered, step-aligned",5..6,PASS
range.I018@orange.cooldown,stat_range_600,"defined, ordered, step-aligned",5..6,PASS
profile.I019,prototype_30,I001-I030 unique,I019,PASS
version.I019@white,version_150,I019@white / BALANCE_CANDIDATE,I019@white / BALANCE_CANDIDATE,PASS
range.I019@white.cleanse,stat_range_600,"defined, ordered, step-aligned",1..2,PASS
range.I019@white.heal,stat_range_600,"defined, ordered, step-aligned",4..6,PASS
range.I019@white.nianCost,stat_range_600,"defined, ordered, step-aligned",4..5,PASS
range.I019@white.cooldown,stat_range_600,"defined, ordered, step-aligned",5..6,PASS
version.I019@green,version_150,I019@green / BALANCE_CANDIDATE,I019@green / BALANCE_CANDIDATE,PASS
range.I019@green.cleanse,stat_range_600,"defined, ordered, step-aligned",2..3,PASS
range.I019@green.heal,stat_range_600,"defined, ordered, step-aligned",6..9,PASS
range.I019@green.nianCost,stat_range_600,"defined, ordered, step-aligned",4..4,PASS
range.I019@green.cooldown,stat_range_600,"defined, ordered, step-aligned",5..5,PASS
version.I019@blue,version_150,I019@blue / BALANCE_CANDIDATE,I019@blue / BALANCE_CANDIDATE,PASS
range.I019@blue.cleanse,stat_range_600,"defined, ordered, step-aligned",3..4,PASS
range.I019@blue.heal,stat_range_600,"defined, ordered, step-aligned",8..11,PASS
range.I019@blue.nianCost,stat_range_600,"defined, ordered, step-aligned",3..4,PASS
range.I019@blue.cooldown,stat_range_600,"defined, ordered, step-aligned",4..5,PASS
version.I019@purple,version_150,I019@purple / BALANCE_CANDIDATE,I019@purple / BALANCE_CANDIDATE,PASS
range.I019@purple.cleanse,stat_range_600,"defined, ordered, step-aligned",4..5,PASS
range.I019@purple.heal,stat_range_600,"defined, ordered, step-aligned",10..12,PASS
range.I019@purple.nianCost,stat_range_600,"defined, ordered, step-aligned",2..3,PASS
range.I019@purple.cooldown,stat_range_600,"defined, ordered, step-aligned",3..4,PASS
version.I019@orange,version_150,I019@orange / BALANCE_CANDIDATE,I019@orange / BALANCE_CANDIDATE,PASS
range.I019@orange.cleanse,stat_range_600,"defined, ordered, step-aligned",4..5,PASS
range.I019@orange.heal,stat_range_600,"defined, ordered, step-aligned",12..13,PASS
range.I019@orange.nianCost,stat_range_600,"defined, ordered, step-aligned",2..3,PASS
range.I019@orange.cooldown,stat_range_600,"defined, ordered, step-aligned",3..4,PASS
profile.I020,prototype_30,I001-I030 unique,I020,PASS
version.I020@white,version_150,I020@white / BALANCE_CANDIDATE,I020@white / BALANCE_CANDIDATE,PASS
range.I020@white.cleanse,stat_range_600,"defined, ordered, step-aligned",1..2,PASS
range.I020@white.duration,stat_range_600,"defined, ordered, step-aligned",1..2,PASS
range.I020@white.nianCost,stat_range_600,"defined, ordered, step-aligned",5..6,PASS
range.I020@white.cooldown,stat_range_600,"defined, ordered, step-aligned",5..6,PASS
version.I020@green,version_150,I020@green / BALANCE_CANDIDATE,I020@green / BALANCE_CANDIDATE,PASS
range.I020@green.cleanse,stat_range_600,"defined, ordered, step-aligned",2..3,PASS
range.I020@green.duration,stat_range_600,"defined, ordered, step-aligned",2..4,PASS
range.I020@green.nianCost,stat_range_600,"defined, ordered, step-aligned",5..5,PASS
range.I020@green.cooldown,stat_range_600,"defined, ordered, step-aligned",5..5,PASS
version.I020@blue,version_150,I020@blue / BALANCE_CANDIDATE,I020@blue / BALANCE_CANDIDATE,PASS
range.I020@blue.cleanse,stat_range_600,"defined, ordered, step-aligned",3..4,PASS
range.I020@blue.duration,stat_range_600,"defined, ordered, step-aligned",3..5,PASS
range.I020@blue.nianCost,stat_range_600,"defined, ordered, step-aligned",4..5,PASS
range.I020@blue.cooldown,stat_range_600,"defined, ordered, step-aligned",4..5,PASS
version.I020@purple,version_150,I020@purple / BALANCE_CANDIDATE,I020@purple / BALANCE_CANDIDATE,PASS
range.I020@purple.cleanse,stat_range_600,"defined, ordered, step-aligned",4..5,PASS
range.I020@purple.duration,stat_range_600,"defined, ordered, step-aligned",4..5,PASS
range.I020@purple.nianCost,stat_range_600,"defined, ordered, step-aligned",3..4,PASS
range.I020@purple.cooldown,stat_range_600,"defined, ordered, step-aligned",3..4,PASS
version.I020@orange,version_150,I020@orange / BALANCE_CANDIDATE,I020@orange / BALANCE_CANDIDATE,PASS
range.I020@orange.cleanse,stat_range_600,"defined, ordered, step-aligned",4..5,PASS
range.I020@orange.duration,stat_range_600,"defined, ordered, step-aligned",5..6,PASS
range.I020@orange.nianCost,stat_range_600,"defined, ordered, step-aligned",3..4,PASS
range.I020@orange.cooldown,stat_range_600,"defined, ordered, step-aligned",3..4,PASS
profile.I021,prototype_30,I001-I030 unique,I021,PASS
version.I021@white,version_150,I021@white / BALANCE_CANDIDATE,I021@white / BALANCE_CANDIDATE,PASS
range.I021@white.cleanse,stat_range_600,"defined, ordered, step-aligned",1..2,PASS
range.I021@white.guard,stat_range_600,"defined, ordered, step-aligned",14..20,PASS
range.I021@white.nianCost,stat_range_600,"defined, ordered, step-aligned",6..7,PASS
range.I021@white.cooldown,stat_range_600,"defined, ordered, step-aligned",6..7,PASS
version.I021@green,version_150,I021@green / BALANCE_CANDIDATE,I021@green / BALANCE_CANDIDATE,PASS
range.I021@green.cleanse,stat_range_600,"defined, ordered, step-aligned",2..3,PASS
range.I021@green.guard,stat_range_600,"defined, ordered, step-aligned",19..27,PASS
range.I021@green.nianCost,stat_range_600,"defined, ordered, step-aligned",6..6,PASS
range.I021@green.cooldown,stat_range_600,"defined, ordered, step-aligned",6..6,PASS
version.I021@blue,version_150,I021@blue / BALANCE_CANDIDATE,I021@blue / BALANCE_CANDIDATE,PASS
range.I021@blue.cleanse,stat_range_600,"defined, ordered, step-aligned",3..4,PASS
range.I021@blue.guard,stat_range_600,"defined, ordered, step-aligned",25..33,PASS
range.I021@blue.nianCost,stat_range_600,"defined, ordered, step-aligned",5..6,PASS
range.I021@blue.cooldown,stat_range_600,"defined, ordered, step-aligned",5..6,PASS
version.I021@purple,version_150,I021@purple / BALANCE_CANDIDATE,I021@purple / BALANCE_CANDIDATE,PASS
range.I021@purple.cleanse,stat_range_600,"defined, ordered, step-aligned",4..5,PASS
range.I021@purple.guard,stat_range_600,"defined, ordered, step-aligned",30..36,PASS
range.I021@purple.nianCost,stat_range_600,"defined, ordered, step-aligned",4..5,PASS
range.I021@purple.cooldown,stat_range_600,"defined, ordered, step-aligned",4..5,PASS
version.I021@orange,version_150,I021@orange / BALANCE_CANDIDATE,I021@orange / BALANCE_CANDIDATE,PASS
range.I021@orange.cleanse,stat_range_600,"defined, ordered, step-aligned",4..5,PASS
range.I021@orange.guard,stat_range_600,"defined, ordered, step-aligned",35..39,PASS
range.I021@orange.nianCost,stat_range_600,"defined, ordered, step-aligned",4..5,PASS
range.I021@orange.cooldown,stat_range_600,"defined, ordered, step-aligned",4..5,PASS
profile.I022,prototype_30,I001-I030 unique,I022,PASS
version.I022@white,version_150,I022@white / BALANCE_CANDIDATE,I022@white / BALANCE_CANDIDATE,PASS
range.I022@white.heal,stat_range_600,"defined, ordered, step-aligned",11..16,PASS
range.I022@white.cleanse,stat_range_600,"defined, ordered, step-aligned",1..2,PASS
range.I022@white.nianCost,stat_range_600,"defined, ordered, step-aligned",5..6,PASS
range.I022@white.cooldown,stat_range_600,"defined, ordered, step-aligned",4..5,PASS
version.I022@green,version_150,I022@green / BALANCE_CANDIDATE,I022@green / BALANCE_CANDIDATE,PASS
range.I022@green.heal,stat_range_600,"defined, ordered, step-aligned",15..20,PASS
range.I022@green.cleanse,stat_range_600,"defined, ordered, step-aligned",2..3,PASS
range.I022@green.nianCost,stat_range_600,"defined, ordered, step-aligned",5..5,PASS
range.I022@green.cooldown,stat_range_600,"defined, ordered, step-aligned",4..4,PASS
version.I022@blue,version_150,I022@blue / BALANCE_CANDIDATE,I022@blue / BALANCE_CANDIDATE,PASS
range.I022@blue.heal,stat_range_600,"defined, ordered, step-aligned",19..25,PASS
range.I022@blue.cleanse,stat_range_600,"defined, ordered, step-aligned",3..4,PASS
range.I022@blue.nianCost,stat_range_600,"defined, ordered, step-aligned",4..5,PASS
range.I022@blue.cooldown,stat_range_600,"defined, ordered, step-aligned",3..4,PASS
version.I022@purple,version_150,I022@purple / BALANCE_CANDIDATE,I022@purple / BALANCE_CANDIDATE,PASS
range.I022@purple.heal,stat_range_600,"defined, ordered, step-aligned",23..27,PASS
range.I022@purple.cleanse,stat_range_600,"defined, ordered, step-aligned",4..5,PASS
range.I022@purple.nianCost,stat_range_600,"defined, ordered, step-aligned",3..4,PASS
range.I022@purple.cooldown,stat_range_600,"defined, ordered, step-aligned",2..3,PASS
version.I022@orange,version_150,I022@orange / BALANCE_CANDIDATE,I022@orange / BALANCE_CANDIDATE,PASS
range.I022@orange.heal,stat_range_600,"defined, ordered, step-aligned",26..29,PASS
range.I022@orange.cleanse,stat_range_600,"defined, ordered, step-aligned",4..5,PASS
range.I022@orange.nianCost,stat_range_600,"defined, ordered, step-aligned",3..4,PASS
range.I022@orange.cooldown,stat_range_600,"defined, ordered, step-aligned",2..3,PASS
profile.I023,prototype_30,I001-I030 unique,I023,PASS
version.I023@white,version_150,I023@white / BALANCE_CANDIDATE,I023@white / BALANCE_CANDIDATE,PASS
range.I023@white.cleanse,stat_range_600,"defined, ordered, step-aligned",1..2,PASS
range.I023@white.control,stat_range_600,"defined, ordered, step-aligned",1..3,PASS
range.I023@white.nianCost,stat_range_600,"defined, ordered, step-aligned",6..7,PASS
range.I023@white.cooldown,stat_range_600,"defined, ordered, step-aligned",5..6,PASS
version.I023@green,version_150,I023@green / BALANCE_CANDIDATE,I023@green / BALANCE_CANDIDATE,PASS
range.I023@green.cleanse,stat_range_600,"defined, ordered, step-aligned",2..3,PASS
range.I023@green.control,stat_range_600,"defined, ordered, step-aligned",3..6,PASS
range.I023@green.nianCost,stat_range_600,"defined, ordered, step-aligned",5..6,PASS
range.I023@green.cooldown,stat_range_600,"defined, ordered, step-aligned",5..5,PASS
version.I023@blue,version_150,I023@blue / BALANCE_CANDIDATE,I023@blue / BALANCE_CANDIDATE,PASS
range.I023@blue.cleanse,stat_range_600,"defined, ordered, step-aligned",3..4,PASS
range.I023@blue.control,stat_range_600,"defined, ordered, step-aligned",5..8,PASS
range.I023@blue.nianCost,stat_range_600,"defined, ordered, step-aligned",4..5,PASS
range.I023@blue.cooldown,stat_range_600,"defined, ordered, step-aligned",4..5,PASS
version.I023@purple,version_150,I023@purple / BALANCE_CANDIDATE,I023@purple / BALANCE_CANDIDATE,PASS
range.I023@purple.cleanse,stat_range_600,"defined, ordered, step-aligned",4..5,PASS
range.I023@purple.control,stat_range_600,"defined, ordered, step-aligned",7..9,PASS
range.I023@purple.nianCost,stat_range_600,"defined, ordered, step-aligned",3..4,PASS
range.I023@purple.cooldown,stat_range_600,"defined, ordered, step-aligned",3..4,PASS
version.I023@orange,version_150,I023@orange / BALANCE_CANDIDATE,I023@orange / BALANCE_CANDIDATE,PASS
range.I023@orange.cleanse,stat_range_600,"defined, ordered, step-aligned",4..5,PASS
range.I023@orange.control,stat_range_600,"defined, ordered, step-aligned",9..10,PASS
range.I023@orange.nianCost,stat_range_600,"defined, ordered, step-aligned",3..4,PASS
range.I023@orange.cooldown,stat_range_600,"defined, ordered, step-aligned",3..4,PASS
profile.I024,prototype_30,I001-I030 unique,I024,PASS
version.I024@white,version_150,I024@white / BALANCE_CANDIDATE,I024@white / BALANCE_CANDIDATE,PASS
range.I024@white.cleanse,stat_range_600,"defined, ordered, step-aligned",1..2,PASS
range.I024@white.heal,stat_range_600,"defined, ordered, step-aligned",13..18,PASS
range.I024@white.nianCost,stat_range_600,"defined, ordered, step-aligned",8..9,PASS
range.I024@white.cooldown,stat_range_600,"defined, ordered, step-aligned",7..8,PASS
version.I024@green,version_150,I024@green / BALANCE_CANDIDATE,I024@green / BALANCE_CANDIDATE,PASS
range.I024@green.cleanse,stat_range_600,"defined, ordered, step-aligned",2..3,PASS
range.I024@green.heal,stat_range_600,"defined, ordered, step-aligned",17..24,PASS
range.I024@green.nianCost,stat_range_600,"defined, ordered, step-aligned",7..8,PASS
range.I024@green.cooldown,stat_range_600,"defined, ordered, step-aligned",7..7,PASS
version.I024@blue,version_150,I024@blue / BALANCE_CANDIDATE,I024@blue / BALANCE_CANDIDATE,PASS
range.I024@blue.cleanse,stat_range_600,"defined, ordered, step-aligned",3..4,PASS
range.I024@blue.heal,stat_range_600,"defined, ordered, step-aligned",22..29,PASS
range.I024@blue.nianCost,stat_range_600,"defined, ordered, step-aligned",6..7,PASS
range.I024@blue.cooldown,stat_range_600,"defined, ordered, step-aligned",6..7,PASS
version.I024@purple,version_150,I024@purple / BALANCE_CANDIDATE,I024@purple / BALANCE_CANDIDATE,PASS
range.I024@purple.cleanse,stat_range_600,"defined, ordered, step-aligned",4..5,PASS
range.I024@purple.heal,stat_range_600,"defined, ordered, step-aligned",27..32,PASS
range.I024@purple.nianCost,stat_range_600,"defined, ordered, step-aligned",5..6,PASS
range.I024@purple.cooldown,stat_range_600,"defined, ordered, step-aligned",5..6,PASS
version.I024@orange,version_150,I024@orange / BALANCE_CANDIDATE,I024@orange / BALANCE_CANDIDATE,PASS
range.I024@orange.cleanse,stat_range_600,"defined, ordered, step-aligned",4..5,PASS
range.I024@orange.heal,stat_range_600,"defined, ordered, step-aligned",31..34,PASS
range.I024@orange.nianCost,stat_range_600,"defined, ordered, step-aligned",5..6,PASS
range.I024@orange.cooldown,stat_range_600,"defined, ordered, step-aligned",5..6,PASS
profile.I025,prototype_30,I001-I030 unique,I025,PASS
version.I025@white,version_150,I025@white / BALANCE_CANDIDATE,I025@white / BALANCE_CANDIDATE,PASS
range.I025@white.control,stat_range_600,"defined, ordered, step-aligned",1..3,PASS
range.I025@white.duration,stat_range_600,"defined, ordered, step-aligned",1..2,PASS
range.I025@white.nianCost,stat_range_600,"defined, ordered, step-aligned",4..5,PASS
range.I025@white.cooldown,stat_range_600,"defined, ordered, step-aligned",5..6,PASS
version.I025@green,version_150,I025@green / BALANCE_CANDIDATE,I025@green / BALANCE_CANDIDATE,PASS
range.I025@green.control,stat_range_600,"defined, ordered, step-aligned",3..6,PASS
range.I025@green.duration,stat_range_600,"defined, ordered, step-aligned",2..4,PASS
range.I025@green.nianCost,stat_range_600,"defined, ordered, step-aligned",4..4,PASS
range.I025@green.cooldown,stat_range_600,"defined, ordered, step-aligned",5..5,PASS
version.I025@blue,version_150,I025@blue / BALANCE_CANDIDATE,I025@blue / BALANCE_CANDIDATE,PASS
range.I025@blue.control,stat_range_600,"defined, ordered, step-aligned",5..8,PASS
range.I025@blue.duration,stat_range_600,"defined, ordered, step-aligned",3..5,PASS
range.I025@blue.nianCost,stat_range_600,"defined, ordered, step-aligned",3..4,PASS
range.I025@blue.cooldown,stat_range_600,"defined, ordered, step-aligned",4..5,PASS
version.I025@purple,version_150,I025@purple / BALANCE_CANDIDATE,I025@purple / BALANCE_CANDIDATE,PASS
range.I025@purple.control,stat_range_600,"defined, ordered, step-aligned",7..9,PASS
range.I025@purple.duration,stat_range_600,"defined, ordered, step-aligned",4..5,PASS
range.I025@purple.nianCost,stat_range_600,"defined, ordered, step-aligned",2..3,PASS
range.I025@purple.cooldown,stat_range_600,"defined, ordered, step-aligned",3..4,PASS
version.I025@orange,version_150,I025@orange / BALANCE_CANDIDATE,I025@orange / BALANCE_CANDIDATE,PASS
range.I025@orange.control,stat_range_600,"defined, ordered, step-aligned",9..10,PASS
range.I025@orange.duration,stat_range_600,"defined, ordered, step-aligned",5..6,PASS
range.I025@orange.nianCost,stat_range_600,"defined, ordered, step-aligned",2..3,PASS
range.I025@orange.cooldown,stat_range_600,"defined, ordered, step-aligned",3..4,PASS
profile.I026,prototype_30,I001-I030 unique,I026,PASS
version.I026@white,version_150,I026@white / BALANCE_CANDIDATE,I026@white / BALANCE_CANDIDATE,PASS
range.I026@white.damage,stat_range_600,"defined, ordered, step-aligned",12..18,PASS
range.I026@white.control,stat_range_600,"defined, ordered, step-aligned",1..3,PASS
range.I026@white.nianCost,stat_range_600,"defined, ordered, step-aligned",5..6,PASS
range.I026@white.cooldown,stat_range_600,"defined, ordered, step-aligned",5..6,PASS
version.I026@green,version_150,I026@green / BALANCE_CANDIDATE,I026@green / BALANCE_CANDIDATE,PASS
range.I026@green.damage,stat_range_600,"defined, ordered, step-aligned",16..23,PASS
range.I026@green.control,stat_range_600,"defined, ordered, step-aligned",3..6,PASS
range.I026@green.nianCost,stat_range_600,"defined, ordered, step-aligned",5..5,PASS
range.I026@green.cooldown,stat_range_600,"defined, ordered, step-aligned",5..5,PASS
version.I026@blue,version_150,I026@blue / BALANCE_CANDIDATE,I026@blue / BALANCE_CANDIDATE,PASS
range.I026@blue.damage,stat_range_600,"defined, ordered, step-aligned",22..29,PASS
range.I026@blue.control,stat_range_600,"defined, ordered, step-aligned",5..8,PASS
range.I026@blue.nianCost,stat_range_600,"defined, ordered, step-aligned",4..5,PASS
range.I026@blue.cooldown,stat_range_600,"defined, ordered, step-aligned",4..5,PASS
version.I026@purple,version_150,I026@purple / BALANCE_CANDIDATE,I026@purple / BALANCE_CANDIDATE,PASS
range.I026@purple.damage,stat_range_600,"defined, ordered, step-aligned",26..32,PASS
range.I026@purple.control,stat_range_600,"defined, ordered, step-aligned",7..9,PASS
range.I026@purple.nianCost,stat_range_600,"defined, ordered, step-aligned",3..4,PASS
range.I026@purple.cooldown,stat_range_600,"defined, ordered, step-aligned",3..4,PASS
version.I026@orange,version_150,I026@orange / BALANCE_CANDIDATE,I026@orange / BALANCE_CANDIDATE,PASS
range.I026@orange.damage,stat_range_600,"defined, ordered, step-aligned",31..34,PASS
range.I026@orange.control,stat_range_600,"defined, ordered, step-aligned",9..10,PASS
range.I026@orange.nianCost,stat_range_600,"defined, ordered, step-aligned",3..4,PASS
range.I026@orange.cooldown,stat_range_600,"defined, ordered, step-aligned",3..4,PASS
profile.I027,prototype_30,I001-I030 unique,I027,PASS
version.I027@white,version_150,I027@white / BALANCE_CANDIDATE,I027@white / BALANCE_CANDIDATE,PASS
range.I027@white.break,stat_range_600,"defined, ordered, step-aligned",16..23,PASS
range.I027@white.control,stat_range_600,"defined, ordered, step-aligned",1..3,PASS
range.I027@white.nianCost,stat_range_600,"defined, ordered, step-aligned",6..7,PASS
range.I027@white.cooldown,stat_range_600,"defined, ordered, step-aligned",6..7,PASS
version.I027@green,version_150,I027@green / BALANCE_CANDIDATE,I027@green / BALANCE_CANDIDATE,PASS
range.I027@green.break,stat_range_600,"defined, ordered, step-aligned",21..30,PASS
range.I027@green.control,stat_range_600,"defined, ordered, step-aligned",3..6,PASS
range.I027@green.nianCost,stat_range_600,"defined, ordered, step-aligned",6..6,PASS
range.I027@green.cooldown,stat_range_600,"defined, ordered, step-aligned",6..6,PASS
version.I027@blue,version_150,I027@blue / BALANCE_CANDIDATE,I027@blue / BALANCE_CANDIDATE,PASS
range.I027@blue.break,stat_range_600,"defined, ordered, step-aligned",28..36,PASS
range.I027@blue.control,stat_range_600,"defined, ordered, step-aligned",5..8,PASS
range.I027@blue.nianCost,stat_range_600,"defined, ordered, step-aligned",5..6,PASS
range.I027@blue.cooldown,stat_range_600,"defined, ordered, step-aligned",5..6,PASS
version.I027@purple,version_150,I027@purple / BALANCE_CANDIDATE,I027@purple / BALANCE_CANDIDATE,PASS
range.I027@purple.break,stat_range_600,"defined, ordered, step-aligned",34..40,PASS
range.I027@purple.control,stat_range_600,"defined, ordered, step-aligned",7..9,PASS
range.I027@purple.nianCost,stat_range_600,"defined, ordered, step-aligned",4..5,PASS
range.I027@purple.cooldown,stat_range_600,"defined, ordered, step-aligned",4..5,PASS
version.I027@orange,version_150,I027@orange / BALANCE_CANDIDATE,I027@orange / BALANCE_CANDIDATE,PASS
range.I027@orange.break,stat_range_600,"defined, ordered, step-aligned",39..43,PASS
range.I027@orange.control,stat_range_600,"defined, ordered, step-aligned",9..10,PASS
range.I027@orange.nianCost,stat_range_600,"defined, ordered, step-aligned",4..5,PASS
range.I027@orange.cooldown,stat_range_600,"defined, ordered, step-aligned",4..5,PASS
profile.I028,prototype_30,I001-I030 unique,I028,PASS
version.I028@white,version_150,I028@white / BALANCE_CANDIDATE,I028@white / BALANCE_CANDIDATE,PASS
range.I028@white.control,stat_range_600,"defined, ordered, step-aligned",1..3,PASS
range.I028@white.break,stat_range_600,"defined, ordered, step-aligned",9..13,PASS
range.I028@white.nianCost,stat_range_600,"defined, ordered, step-aligned",5..6,PASS
range.I028@white.cooldown,stat_range_600,"defined, ordered, step-aligned",4..5,PASS
version.I028@green,version_150,I028@green / BALANCE_CANDIDATE,I028@green / BALANCE_CANDIDATE,PASS
range.I028@green.control,stat_range_600,"defined, ordered, step-aligned",3..6,PASS
range.I028@green.break,stat_range_600,"defined, ordered, step-aligned",12..17,PASS
range.I028@green.nianCost,stat_range_600,"defined, ordered, step-aligned",5..5,PASS
range.I028@green.cooldown,stat_range_600,"defined, ordered, step-aligned",4..4,PASS
version.I028@blue,version_150,I028@blue / BALANCE_CANDIDATE,I028@blue / BALANCE_CANDIDATE,PASS
range.I028@blue.control,stat_range_600,"defined, ordered, step-aligned",5..8,PASS
range.I028@blue.break,stat_range_600,"defined, ordered, step-aligned",16..20,PASS
range.I028@blue.nianCost,stat_range_600,"defined, ordered, step-aligned",4..5,PASS
range.I028@blue.cooldown,stat_range_600,"defined, ordered, step-aligned",3..4,PASS
version.I028@purple,version_150,I028@purple / BALANCE_CANDIDATE,I028@purple / BALANCE_CANDIDATE,PASS
range.I028@purple.control,stat_range_600,"defined, ordered, step-aligned",7..9,PASS
range.I028@purple.break,stat_range_600,"defined, ordered, step-aligned",19..22,PASS
range.I028@purple.nianCost,stat_range_600,"defined, ordered, step-aligned",3..4,PASS
range.I028@purple.cooldown,stat_range_600,"defined, ordered, step-aligned",2..3,PASS
version.I028@orange,version_150,I028@orange / BALANCE_CANDIDATE,I028@orange / BALANCE_CANDIDATE,PASS
range.I028@orange.control,stat_range_600,"defined, ordered, step-aligned",9..10,PASS
range.I028@orange.break,stat_range_600,"defined, ordered, step-aligned",22..24,PASS
range.I028@orange.nianCost,stat_range_600,"defined, ordered, step-aligned",3..4,PASS
range.I028@orange.cooldown,stat_range_600,"defined, ordered, step-aligned",2..3,PASS
profile.I029,prototype_30,I001-I030 unique,I029,PASS
version.I029@white,version_150,I029@white / BALANCE_CANDIDATE,I029@white / BALANCE_CANDIDATE,PASS
range.I029@white.control,stat_range_600,"defined, ordered, step-aligned",1..3,PASS
range.I029@white.break,stat_range_600,"defined, ordered, step-aligned",10..15,PASS
range.I029@white.nianCost,stat_range_600,"defined, ordered, step-aligned",6..7,PASS
range.I029@white.cooldown,stat_range_600,"defined, ordered, step-aligned",5..6,PASS
version.I029@green,version_150,I029@green / BALANCE_CANDIDATE,I029@green / BALANCE_CANDIDATE,PASS
range.I029@green.control,stat_range_600,"defined, ordered, step-aligned",3..6,PASS
range.I029@green.break,stat_range_600,"defined, ordered, step-aligned",14..19,PASS
range.I029@green.nianCost,stat_range_600,"defined, ordered, step-aligned",5..6,PASS
range.I029@green.cooldown,stat_range_600,"defined, ordered, step-aligned",5..5,PASS
version.I029@blue,version_150,I029@blue / BALANCE_CANDIDATE,I029@blue / BALANCE_CANDIDATE,PASS
range.I029@blue.control,stat_range_600,"defined, ordered, step-aligned",5..8,PASS
range.I029@blue.break,stat_range_600,"defined, ordered, step-aligned",18..24,PASS
range.I029@blue.nianCost,stat_range_600,"defined, ordered, step-aligned",4..5,PASS
range.I029@blue.cooldown,stat_range_600,"defined, ordered, step-aligned",4..5,PASS
version.I029@purple,version_150,I029@purple / BALANCE_CANDIDATE,I029@purple / BALANCE_CANDIDATE,PASS
range.I029@purple.control,stat_range_600,"defined, ordered, step-aligned",7..9,PASS
range.I029@purple.break,stat_range_600,"defined, ordered, step-aligned",22..26,PASS
range.I029@purple.nianCost,stat_range_600,"defined, ordered, step-aligned",3..4,PASS
range.I029@purple.cooldown,stat_range_600,"defined, ordered, step-aligned",3..4,PASS
version.I029@orange,version_150,I029@orange / BALANCE_CANDIDATE,I029@orange / BALANCE_CANDIDATE,PASS
range.I029@orange.control,stat_range_600,"defined, ordered, step-aligned",9..10,PASS
range.I029@orange.break,stat_range_600,"defined, ordered, step-aligned",25..28,PASS
range.I029@orange.nianCost,stat_range_600,"defined, ordered, step-aligned",3..4,PASS
range.I029@orange.cooldown,stat_range_600,"defined, ordered, step-aligned",3..4,PASS
profile.I030,prototype_30,I001-I030 unique,I030,PASS
version.I030@white,version_150,I030@white / BALANCE_CANDIDATE,I030@white / BALANCE_CANDIDATE,PASS
range.I030@white.damage,stat_range_600,"defined, ordered, step-aligned",24..34,PASS
range.I030@white.control,stat_range_600,"defined, ordered, step-aligned",1..3,PASS
range.I030@white.nianCost,stat_range_600,"defined, ordered, step-aligned",8..9,PASS
range.I030@white.cooldown,stat_range_600,"defined, ordered, step-aligned",7..8,PASS
version.I030@green,version_150,I030@green / BALANCE_CANDIDATE,I030@green / BALANCE_CANDIDATE,PASS
range.I030@green.damage,stat_range_600,"defined, ordered, step-aligned",32..44,PASS
range.I030@green.control,stat_range_600,"defined, ordered, step-aligned",3..6,PASS
range.I030@green.nianCost,stat_range_600,"defined, ordered, step-aligned",7..8,PASS
range.I030@green.cooldown,stat_range_600,"defined, ordered, step-aligned",7..7,PASS
version.I030@blue,version_150,I030@blue / BALANCE_CANDIDATE,I030@blue / BALANCE_CANDIDATE,PASS
range.I030@blue.damage,stat_range_600,"defined, ordered, step-aligned",42..54,PASS
range.I030@blue.control,stat_range_600,"defined, ordered, step-aligned",5..8,PASS
range.I030@blue.nianCost,stat_range_600,"defined, ordered, step-aligned",6..7,PASS
range.I030@blue.cooldown,stat_range_600,"defined, ordered, step-aligned",6..7,PASS
version.I030@purple,version_150,I030@purple / BALANCE_CANDIDATE,I030@purple / BALANCE_CANDIDATE,PASS
range.I030@purple.damage,stat_range_600,"defined, ordered, step-aligned",50..60,PASS
range.I030@purple.control,stat_range_600,"defined, ordered, step-aligned",7..9,PASS
range.I030@purple.nianCost,stat_range_600,"defined, ordered, step-aligned",5..6,PASS
range.I030@purple.cooldown,stat_range_600,"defined, ordered, step-aligned",5..6,PASS
version.I030@orange,version_150,I030@orange / BALANCE_CANDIDATE,I030@orange / BALANCE_CANDIDATE,PASS
range.I030@orange.damage,stat_range_600,"defined, ordered, step-aligned",58..64,PASS
range.I030@orange.control,stat_range_600,"defined, ordered, step-aligned",9..10,PASS
range.I030@orange.nianCost,stat_range_600,"defined, ordered, step-aligned",5..6,PASS
range.I030@orange.cooldown,stat_range_600,"defined, ordered, step-aligned",5..6,PASS
schema.foundation,schema_compile,compiled,compiled,PASS
schema.stat,schema_compile,compiled,compiled,PASS
schema.affix,schema_compile,compiled,compiled,PASS
schema.core_build,schema_compile,compiled,compiled,PASS
schema.build_profiles,schema_compile,4,4,PASS
schema.drop_profiles,schema_compile,5,5,PASS
csv.reject_i031,csv_rejection,rejected,rejected,PASS
csv.reject_unknown,csv_rejection,rejected,rejected,PASS
csv.valid_preview,csv_preview,canApply=true,canApply=True,PASS
undo.redo,undo_redo,changed/undo/redo/restored=true,True/True/True/True,PASS
roll.I001@white,roll_150,PASS,PASS,PASS
projection.I001@white,projection_150,PASS,PASS,PASS
determinism.I001@white,determinism_150,"schemaId=32:ItemGeneratedInstanceSnapshot.v1
generationAlgorithmId=21:item-instance-roll-v1
generationDataStatus=63:QA_FIXTURE_ONLY|NOT_BALANCE_APPROVED|NOT_FORMAL_GENERATION_DATA
itemInstanceId=20:wb_i001_white_150001
baseItemId=4:I001
rarity=5:white
generationVersion=1:1
rootSeed=6:150001
cultivationPotentialProfileId=33:candidate_core_profile_i001_white
statId=5:break
statRawUnits=1:6
statId=8:cooldown
statRawUnits=1:5
statId=6:damage
statRawUnits=1:9
statId=8:nianCost
statRawUnits=1:5
slotId=8:fixed_01
slotKind=5:Fixed
affixId=15:affix_damage_up
affixValueProfileId=31:candidate_value_affix_damage_up
affixRawUnits=3:225
slotId=9:random_01
slotKind=6:Random
affixId=14:affix_break_up
affixValueProfileId=30:candidate_value_affix_break_up
affixRawUnits=3:267
eligibleCoreEffectId=22:candidate_core_i001_01
visibleCoreEffectId=22:candidate_core_i001_01
buildQualification=4:None
","schemaId=32:ItemGeneratedInstanceSnapshot.v1
generationAlgorithmId=21:item-instance-roll-v1
generationDataStatus=63:QA_FIXTURE_ONLY|NOT_BALANCE_APPROVED|NOT_FORMAL_GENERATION_DATA
itemInstanceId=20:wb_i001_white_150001
baseItemId=4:I001
rarity=5:white
generationVersion=1:1
rootSeed=6:150001
cultivationPotentialProfileId=33:candidate_core_profile_i001_white
statId=5:break
statRawUnits=1:6
statId=8:cooldown
statRawUnits=1:5
statId=6:damage
statRawUnits=1:9
statId=8:nianCost
statRawUnits=1:5
slotId=8:fixed_01
slotKind=5:Fixed
affixId=15:affix_damage_up
affixValueProfileId=31:candidate_value_affix_damage_up
affixRawUnits=3:225
slotId=9:random_01
slotKind=6:Random
affixId=14:affix_break_up
affixValueProfileId=30:candidate_value_affix_break_up
affixRawUnits=3:267
eligibleCoreEffectId=22:candidate_core_i001_01
visibleCoreEffectId=22:candidate_core_i001_01
buildQualification=4:None
",PASS
roll.I001@green,roll_150,PASS,PASS,PASS
projection.I001@green,projection_150,PASS,PASS,PASS
determinism.I001@green,determinism_150,"schemaId=32:ItemGeneratedInstanceSnapshot.v1
generationAlgorithmId=21:item-instance-roll-v1
generationDataStatus=63:QA_FIXTURE_ONLY|NOT_BALANCE_APPROVED|NOT_FORMAL_GENERATION_DATA
itemInstanceId=20:wb_i001_green_150002
baseItemId=4:I001
rarity=5:green
generationVersion=1:1
rootSeed=6:150002
cultivationPotentialProfileId=33:candidate_core_profile_i001_green
statId=5:break
statRawUnits=1:9
statId=8:cooldown
statRawUnits=1:5
statId=6:damage
statRawUnits=2:16
statId=8:nianCost
statRawUnits=1:4
slotId=8:fixed_01
slotKind=5:Fixed
affixId=15:affix_damage_up
affixValueProfileId=31:candidate_value_affix_damage_up
affixRawUnits=3:361
slotId=9:random_01
slotKind=6:Random
affixId=21:affix_nian_efficiency
affixValueProfileId=37:candidate_value_affix_nian_efficiency
affixRawUnits=3:531
eligibleCoreEffectId=22:candidate_core_i001_01
eligibleCoreEffectId=22:candidate_core_i001_02
visibleCoreEffectId=22:candidate_core_i001_01
visibleCoreEffectId=22:candidate_core_i001_02
buildQualification=4:None
","schemaId=32:ItemGeneratedInstanceSnapshot.v1
generationAlgorithmId=21:item-instance-roll-v1
generationDataStatus=63:QA_FIXTURE_ONLY|NOT_BALANCE_APPROVED|NOT_FORMAL_GENERATION_DATA
itemInstanceId=20:wb_i001_green_150002
baseItemId=4:I001
rarity=5:green
generationVersion=1:1
rootSeed=6:150002
cultivationPotentialProfileId=33:candidate_core_profile_i001_green
statId=5:break
statRawUnits=1:9
statId=8:cooldown
statRawUnits=1:5
statId=6:damage
statRawUnits=2:16
statId=8:nianCost
statRawUnits=1:4
slotId=8:fixed_01
slotKind=5:Fixed
affixId=15:affix_damage_up
affixValueProfileId=31:candidate_value_affix_damage_up
affixRawUnits=3:361
slotId=9:random_01
slotKind=6:Random
affixId=21:affix_nian_efficiency
affixValueProfileId=37:candidate_value_affix_nian_efficiency
affixRawUnits=3:531
eligibleCoreEffectId=22:candidate_core_i001_01
eligibleCoreEffectId=22:candidate_core_i001_02
visibleCoreEffectId=22:candidate_core_i001_01
visibleCoreEffectId=22:candidate_core_i001_02
buildQualification=4:None
",PASS
roll.I001@blue,roll_150,PASS,PASS,PASS
projection.I001@blue,projection_150,PASS,PASS,PASS
determinism.I001@blue,determinism_150,"schemaId=32:ItemGeneratedInstanceSnapshot.v1
generationAlgorithmId=21:item-instance-roll-v1
generationDataStatus=63:QA_FIXTURE_ONLY|NOT_BALANCE_APPROVED|NOT_FORMAL_GENERATION_DATA
itemInstanceId=19:wb_i001_blue_150003
baseItemId=4:I001
rarity=4:blue
generationVersion=1:1
rootSeed=6:150003
cultivationPotentialProfileId=32:candidate_core_profile_i001_blue
statId=5:break
statRawUnits=2:12
statId=8:cooldown
statRawUnits=1:4
statId=6:damage
statRawUnits=2:19
statId=8:nianCost
statRawUnits=1:4
slotId=8:fixed_01
slotKind=5:Fixed
affixId=15:affix_damage_up
affixValueProfileId=31:candidate_value_affix_damage_up
affixRawUnits=3:594
slotId=9:random_01
slotKind=6:Random
affixId=14:affix_break_up
affixValueProfileId=30:candidate_value_affix_break_up
affixRawUnits=3:768
eligibleCoreEffectId=22:candidate_core_i001_01
eligibleCoreEffectId=22:candidate_core_i001_02
eligibleCoreEffectId=22:candidate_core_i001_03
visibleCoreEffectId=22:candidate_core_i001_01
visibleCoreEffectId=22:candidate_core_i001_02
visibleCoreEffectId=22:candidate_core_i001_03
buildQualification=4:None
","schemaId=32:ItemGeneratedInstanceSnapshot.v1
generationAlgorithmId=21:item-instance-roll-v1
generationDataStatus=63:QA_FIXTURE_ONLY|NOT_BALANCE_APPROVED|NOT_FORMAL_GENERATION_DATA
itemInstanceId=19:wb_i001_blue_150003
baseItemId=4:I001
rarity=4:blue
generationVersion=1:1
rootSeed=6:150003
cultivationPotentialProfileId=32:candidate_core_profile_i001_blue
statId=5:break
statRawUnits=2:12
statId=8:cooldown
statRawUnits=1:4
statId=6:damage
statRawUnits=2:19
statId=8:nianCost
statRawUnits=1:4
slotId=8:fixed_01
slotKind=5:Fixed
affixId=15:affix_damage_up
affixValueProfileId=31:candidate_value_affix_damage_up
affixRawUnits=3:594
slotId=9:random_01
slotKind=6:Random
affixId=14:affix_break_up
affixValueProfileId=30:candidate_value_affix_break_up
affixRawUnits=3:768
eligibleCoreEffectId=22:candidate_core_i001_01
eligibleCoreEffectId=22:candidate_core_i001_02
eligibleCoreEffectId=22:candidate_core_i001_03
visibleCoreEffectId=22:candidate_core_i001_01
visibleCoreEffectId=22:candidate_core_i001_02
visibleCoreEffectId=22:candidate_core_i001_03
buildQualification=4:None
",PASS
roll.I001@purple,roll_150,PASS,PASS,PASS
projection.I001@purple,projection_150,PASS,PASS,PASS
determinism.I001@purple,determinism_150,"schemaId=32:ItemGeneratedInstanceSnapshot.v1
generationAlgorithmId=21:item-instance-roll-v1
generationDataStatus=63:QA_FIXTURE_ONLY|NOT_BALANCE_APPROVED|NOT_FORMAL_GENERATION_DATA
itemInstanceId=21:wb_i001_purple_150004
baseItemId=4:I001
rarity=6:purple
generationVersion=1:1
rootSeed=6:150004
cultivationPotentialProfileId=34:candidate_core_profile_i001_purple
statId=5:break
statRawUnits=2:14
statId=8:cooldown
statRawUnits=1:3
statId=6:damage
statRawUnits=2:22
statId=8:nianCost
statRawUnits=1:2
slotId=8:fixed_01
slotKind=5:Fixed
affixId=15:affix_damage_up
affixValueProfileId=31:candidate_value_affix_damage_up
affixRawUnits=3:960
slotId=9:random_01
slotKind=6:Random
affixId=24:affix_cooldown_reduction
affixValueProfileId=40:candidate_value_affix_cooldown_reduction
affixRawUnits=3:932
eligibleCoreEffectId=22:candidate_core_i001_01
eligibleCoreEffectId=22:candidate_core_i001_02
eligibleCoreEffectId=22:candidate_core_i001_03
eligibleCoreEffectId=22:candidate_core_i001_04
visibleCoreEffectId=22:candidate_core_i001_01
visibleCoreEffectId=22:candidate_core_i001_02
visibleCoreEffectId=22:candidate_core_i001_03
visibleCoreEffectId=22:candidate_core_i001_04
buildQualification=9:FaMenOnly
","schemaId=32:ItemGeneratedInstanceSnapshot.v1
generationAlgorithmId=21:item-instance-roll-v1
generationDataStatus=63:QA_FIXTURE_ONLY|NOT_BALANCE_APPROVED|NOT_FORMAL_GENERATION_DATA
itemInstanceId=21:wb_i001_purple_150004
baseItemId=4:I001
rarity=6:purple
generationVersion=1:1
rootSeed=6:150004
cultivationPotentialProfileId=34:candidate_core_profile_i001_purple
statId=5:break
statRawUnits=2:14
statId=8:cooldown
statRawUnits=1:3
statId=6:damage
statRawUnits=2:22
statId=8:nianCost
statRawUnits=1:2
slotId=8:fixed_01
slotKind=5:Fixed
affixId=15:affix_damage_up
affixValueProfileId=31:candidate_value_affix_damage_up
affixRawUnits=3:960
slotId=9:random_01
slotKind=6:Random
affixId=24:affix_cooldown_reduction
affixValueProfileId=40:candidate_value_affix_cooldown_reduction
affixRawUnits=3:932
eligibleCoreEffectId=22:candidate_core_i001_01
eligibleCoreEffectId=22:candidate_core_i001_02
eligibleCoreEffectId=22:candidate_core_i001_03
eligibleCoreEffectId=22:candidate_core_i001_04
visibleCoreEffectId=22:candidate_core_i001_01
visibleCoreEffectId=22:candidate_core_i001_02
visibleCoreEffectId=22:candidate_core_i001_03
visibleCoreEffectId=22:candidate_core_i001_04
buildQualification=9:FaMenOnly
",PASS
roll.I001@orange,roll_150,PASS,PASS,PASS
projection.I001@orange,projection_150,PASS,PASS,PASS
determinism.I001@orange,determinism_150,"schemaId=32:ItemGeneratedInstanceSnapshot.v1
generationAlgorithmId=21:item-instance-roll-v1
generationDataStatus=63:QA_FIXTURE_ONLY|NOT_BALANCE_APPROVED|NOT_FORMAL_GENERATION_DATA
itemInstanceId=21:wb_i001_orange_150005
baseItemId=4:I001
rarity=6:orange
generationVersion=1:1
rootSeed=6:150005
cultivationPotentialProfileId=34:candidate_core_profile_i001_orange
statId=5:break
statRawUnits=2:14
statId=8:cooldown
statRawUnits=1:3
statId=6:damage
statRawUnits=2:24
statId=8:nianCost
statRawUnits=1:3
slotId=8:fixed_01
slotKind=5:Fixed
affixId=15:affix_damage_up
affixValueProfileId=31:candidate_value_affix_damage_up
affixRawUnits=4:1473
slotId=9:random_01
slotKind=6:Random
affixId=14:affix_break_up
affixValueProfileId=30:candidate_value_affix_break_up
affixRawUnits=4:1783
eligibleCoreEffectId=22:candidate_core_i001_01
eligibleCoreEffectId=22:candidate_core_i001_02
eligibleCoreEffectId=22:candidate_core_i001_03
eligibleCoreEffectId=22:candidate_core_i001_04
eligibleCoreEffectId=28:candidate_core_i001_ultimate
visibleCoreEffectId=22:candidate_core_i001_01
visibleCoreEffectId=22:candidate_core_i001_02
visibleCoreEffectId=22:candidate_core_i001_03
visibleCoreEffectId=22:candidate_core_i001_04
visibleCoreEffectId=28:candidate_core_i001_ultimate
buildQualification=9:QiLeiOnly
","schemaId=32:ItemGeneratedInstanceSnapshot.v1
generationAlgorithmId=21:item-instance-roll-v1
generationDataStatus=63:QA_FIXTURE_ONLY|NOT_BALANCE_APPROVED|NOT_FORMAL_GENERATION_DATA
itemInstanceId=21:wb_i001_orange_150005
baseItemId=4:I001
rarity=6:orange
generationVersion=1:1
rootSeed=6:150005
cultivationPotentialProfileId=34:candidate_core_profile_i001_orange
statId=5:break
statRawUnits=2:14
statId=8:cooldown
statRawUnits=1:3
statId=6:damage
statRawUnits=2:24
statId=8:nianCost
statRawUnits=1:3
slotId=8:fixed_01
slotKind=5:Fixed
affixId=15:affix_damage_up
affixValueProfileId=31:candidate_value_affix_damage_up
affixRawUnits=4:1473
slotId=9:random_01
slotKind=6:Random
affixId=14:affix_break_up
affixValueProfileId=30:candidate_value_affix_break_up
affixRawUnits=4:1783
eligibleCoreEffectId=22:candidate_core_i001_01
eligibleCoreEffectId=22:candidate_core_i001_02
eligibleCoreEffectId=22:candidate_core_i001_03
eligibleCoreEffectId=22:candidate_core_i001_04
eligibleCoreEffectId=28:candidate_core_i001_ultimate
visibleCoreEffectId=22:candidate_core_i001_01
visibleCoreEffectId=22:candidate_core_i001_02
visibleCoreEffectId=22:candidate_core_i001_03
visibleCoreEffectId=22:candidate_core_i001_04
visibleCoreEffectId=28:candidate_core_i001_ultimate
buildQualification=9:QiLeiOnly
",PASS
roll.I002@white,roll_150,PASS,PASS,PASS
projection.I002@white,projection_150,PASS,PASS,PASS
determinism.I002@white,determinism_150,"schemaId=32:ItemGeneratedInstanceSnapshot.v1
generationAlgorithmId=21:item-instance-roll-v1
generationDataStatus=63:QA_FIXTURE_ONLY|NOT_BALANCE_APPROVED|NOT_FORMAL_GENERATION_DATA
itemInstanceId=20:wb_i002_white_150006
baseItemId=4:I002
rarity=5:white
generationVersion=1:1
rootSeed=6:150006
cultivationPotentialProfileId=33:candidate_core_profile_i002_white
statId=7:control
statRawUnits=1:2
statId=8:cooldown
statRawUnits=1:6
statId=6:damage
statRawUnits=2:17
statId=8:nianCost
statRawUnits=1:5
slotId=8:fixed_01
slotKind=5:Fixed
affixId=15:affix_damage_up
affixValueProfileId=31:candidate_value_affix_damage_up
affixRawUnits=3:326
slotId=9:random_01
slotKind=6:Random
affixId=21:affix_nian_efficiency
affixValueProfileId=37:candidate_value_affix_nian_efficiency
affixRawUnits=3:246
eligibleCoreEffectId=22:candidate_core_i002_01
visibleCoreEffectId=22:candidate_core_i002_01
buildQualification=4:None
","schemaId=32:ItemGeneratedInstanceSnapshot.v1
generationAlgorithmId=21:item-instance-roll-v1
generationDataStatus=63:QA_FIXTURE_ONLY|NOT_BALANCE_APPROVED|NOT_FORMAL_GENERATION_DATA
itemInstanceId=20:wb_i002_white_150006
baseItemId=4:I002
rarity=5:white
generationVersion=1:1
rootSeed=6:150006
cultivationPotentialProfileId=33:candidate_core_profile_i002_white
statId=7:control
statRawUnits=1:2
statId=8:cooldown
statRawUnits=1:6
statId=6:damage
statRawUnits=2:17
statId=8:nianCost
statRawUnits=1:5
slotId=8:fixed_01
slotKind=5:Fixed
affixId=15:affix_damage_up
affixValueProfileId=31:candidate_value_affix_damage_up
affixRawUnits=3:326
slotId=9:random_01
slotKind=6:Random
affixId=21:affix_nian_efficiency
affixValueProfileId=37:candidate_value_affix_nian_efficiency
affixRawUnits=3:246
eligibleCoreEffectId=22:candidate_core_i002_01
visibleCoreEffectId=22:candidate_core_i002_01
buildQualification=4:None
",PASS
roll.I002@green,roll_150,PASS,PASS,PASS
projection.I002@green,projection_150,PASS,PASS,PASS
determinism.I002@green,determinism_150,"schemaId=32:ItemGeneratedInstanceSnapshot.v1
generationAlgorithmId=21:item-instance-roll-v1
generationDataStatus=63:QA_FIXTURE_ONLY|NOT_BALANCE_APPROVED|NOT_FORMAL_GENERATION_DATA
itemInstanceId=20:wb_i002_green_150007
baseItemId=4:I002
rarity=5:green
generationVersion=1:1
rootSeed=6:150007
cultivationPotentialProfileId=33:candidate_core_profile_i002_green
statId=7:control
statRawUnits=1:6
statId=8:cooldown
statRawUnits=1:5
statId=6:damage
statRawUnits=2:20
statId=8:nianCost
statRawUnits=1:5
slotId=8:fixed_01
slotKind=5:Fixed
affixId=15:affix_damage_up
affixValueProfileId=31:candidate_value_affix_damage_up
affixRawUnits=3:625
slotId=9:random_01
slotKind=6:Random
affixId=16:affix_control_up
affixValueProfileId=32:candidate_value_affix_control_up
affixRawUnits=1:6
eligibleCoreEffectId=22:candidate_core_i002_01
eligibleCoreEffectId=22:candidate_core_i002_02
visibleCoreEffectId=22:candidate_core_i002_01
visibleCoreEffectId=22:candidate_core_i002_02
buildQualification=9:QiLeiOnly
","schemaId=32:ItemGeneratedInstanceSnapshot.v1
generationAlgorithmId=21:item-instance-roll-v1
generationDataStatus=63:QA_FIXTURE_ONLY|NOT_BALANCE_APPROVED|NOT_FORMAL_GENERATION_DATA
itemInstanceId=20:wb_i002_green_150007
baseItemId=4:I002
rarity=5:green
generationVersion=1:1
rootSeed=6:150007
cultivationPotentialProfileId=33:candidate_core_profile_i002_green
statId=7:control
statRawUnits=1:6
statId=8:cooldown
statRawUnits=1:5
statId=6:damage
statRawUnits=2:20
statId=8:nianCost
statRawUnits=1:5
slotId=8:fixed_01
slotKind=5:Fixed
affixId=15:affix_damage_up
affixValueProfileId=31:candidate_value_affix_damage_up
affixRawUnits=3:625
slotId=9:random_01
slotKind=6:Random
affixId=16:affix_control_up
affixValueProfileId=32:candidate_value_affix_control_up
affixRawUnits=1:6
eligibleCoreEffectId=22:candidate_core_i002_01
eligibleCoreEffectId=22:candidate_core_i002_02
visibleCoreEffectId=22:candidate_core_i002_01
visibleCoreEffectId=22:candidate_core_i002_02
buildQualification=9:QiLeiOnly
",PASS
roll.I002@blue,roll_150,PASS,PASS,PASS
projection.I002@blue,projection_150,PASS,PASS,PASS
determinism.I002@blue,determinism_150,"schemaId=32:ItemGeneratedInstanceSnapshot.v1
generationAlgorithmId=21:item-instance-roll-v1
generationDataStatus=63:QA_FIXTURE_ONLY|NOT_BALANCE_APPROVED|NOT_FORMAL_GENERATION_DATA
itemInstanceId=19:wb_i002_blue_150008
baseItemId=4:I002
rarity=4:blue
generationVersion=1:1
rootSeed=6:150008
cultivationPotentialProfileId=32:candidate_core_profile_i002_blue
statId=7:control
statRawUnits=1:7
statId=8:cooldown
statRawUnits=1:4
statId=6:damage
statRawUnits=2:28
statId=8:nianCost
statRawUnits=1:4
slotId=8:fixed_01
slotKind=5:Fixed
affixId=15:affix_damage_up
affixValueProfileId=31:candidate_value_affix_damage_up
affixRawUnits=3:742
slotId=9:random_01
slotKind=6:Random
affixId=21:affix_nian_efficiency
affixValueProfileId=37:candidate_value_affix_nian_efficiency
affixRawUnits=3:653
eligibleCoreEffectId=22:candidate_core_i002_01
eligibleCoreEffectId=22:candidate_core_i002_02
eligibleCoreEffectId=22:candidate_core_i002_03
visibleCoreEffectId=22:candidate_core_i002_01
visibleCoreEffectId=22:candidate_core_i002_02
visibleCoreEffectId=22:candidate_core_i002_03
buildQualification=4:None
","schemaId=32:ItemGeneratedInstanceSnapshot.v1
generationAlgorithmId=21:item-instance-roll-v1
generationDataStatus=63:QA_FIXTURE_ONLY|NOT_BALANCE_APPROVED|NOT_FORMAL_GENERATION_DATA
itemInstanceId=19:wb_i002_blue_150008
baseItemId=4:I002
rarity=4:blue
generationVersion=1:1
rootSeed=6:150008
cultivationPotentialProfileId=32:candidate_core_profile_i002_blue
statId=7:control
statRawUnits=1:7
statId=8:cooldown
statRawUnits=1:4
statId=6:damage
statRawUnits=2:28
statId=8:nianCost
statRawUnits=1:4
slotId=8:fixed_01
slotKind=5:Fixed
affixId=15:affix_damage_up
affixValueProfileId=31:candidate_value_affix_damage_up
affixRawUnits=3:742
slotId=9:random_01
slotKind=6:Random
affixId=21:affix_nian_efficiency
affixValueProfileId=37:candidate_value_affix_nian_efficiency
affixRawUnits=3:653
eligibleCoreEffectId=22:candidate_core_i002_01
eligibleCoreEffectId=22:candidate_core_i002_02
eligibleCoreEffectId=22:candidate_core_i002_03
visibleCoreEffectId=22:candidate_core_i002_01
visibleCoreEffectId=22:candidate_core_i002_02
visibleCoreEffectId=22:candidate_core_i002_03
buildQualification=4:None
",PASS
roll.I002@purple,roll_150,PASS,PASS,PASS
projection.I002@purple,projection_150,PASS,PASS,PASS
determinism.I002@purple,determinism_150,"schemaId=32:ItemGeneratedInstanceSnapshot.v1
generationAlgorithmId=21:item-instance-roll-v1
generationDataStatus=63:QA_FIXTURE_ONLY|NOT_BALANCE_APPROVED|NOT_FORMAL_GENERATION_DATA
itemInstanceId=21:wb_i002_purple_150009
baseItemId=4:I002
rarity=6:purple
generationVersion=1:1
rootSeed=6:150009
cultivationPotentialProfileId=34:candidate_core_profile_i002_purple
statId=7:control
statRawUnits=1:9
statId=8:cooldown
statRawUnits=1:4
statId=6:damage
statRawUnits=2:32
statId=8:nianCost
statRawUnits=1:4
slotId=8:fixed_01
slotKind=5:Fixed
affixId=15:affix_damage_up
affixValueProfileId=31:candidate_value_affix_damage_up
affixRawUnits=4:1251
slotId=9:random_01
slotKind=6:Random
affixId=21:affix_nian_efficiency
affixValueProfileId=37:candidate_value_affix_nian_efficiency
affixRawUnits=3:999
eligibleCoreEffectId=22:candidate_core_i002_01
eligibleCoreEffectId=22:candidate_core_i002_02
eligibleCoreEffectId=22:candidate_core_i002_03
eligibleCoreEffectId=22:candidate_core_i002_04
visibleCoreEffectId=22:candidate_core_i002_01
visibleCoreEffectId=22:candidate_core_i002_02
visibleCoreEffectId=22:candidate_core_i002_03
visibleCoreEffectId=22:candidate_core_i002_04
buildQualification=9:FaMenOnly
","schemaId=32:ItemGeneratedInstanceSnapshot.v1
generationAlgorithmId=21:item-instance-roll-v1
generationDataStatus=63:QA_FIXTURE_ONLY|NOT_BALANCE_APPROVED|NOT_FORMAL_GENERATION_DATA
itemInstanceId=21:wb_i002_purple_150009
baseItemId=4:I002
rarity=6:purple
generationVersion=1:1
rootSeed=6:150009
cultivationPotentialProfileId=34:candidate_core_profile_i002_purple
statId=7:control
statRawUnits=1:9
statId=8:cooldown
statRawUnits=1:4
statId=6:damage
statRawUnits=2:32
statId=8:nianCost
statRawUnits=1:4
slotId=8:fixed_01
slotKind=5:Fixed
affixId=15:affix_damage_up
affixValueProfileId=31:candidate_value_affix_damage_up
affixRawUnits=4:1251
slotId=9:random_01
slotKind=6:Random
affixId=21:affix_nian_efficiency
affixValueProfileId=37:candidate_value_affix_nian_efficiency
affixRawUnits=3:999
eligibleCoreEffectId=22:candidate_core_i002_01
eligibleCoreEffectId=22:candidate_core_i002_02
eligibleCoreEffectId=22:candidate_core_i002_03
eligibleCoreEffectId=22:candidate_core_i002_04
visibleCoreEffectId=22:candidate_core_i002_01
visibleCoreEffectId=22:candidate_core_i002_02
visibleCoreEffectId=22:candidate_core_i002_03
visibleCoreEffectId=22:candidate_core_i002_04
buildQualification=9:FaMenOnly
",PASS
roll.I002@orange,roll_150,PASS,PASS,PASS
projection.I002@orange,projection_150,PASS,PASS,PASS
determinism.I002@orange,determinism_150,"schemaId=32:ItemGeneratedInstanceSnapshot.v1
generationAlgorithmId=21:item-instance-roll-v1
generationDataStatus=63:QA_FIXTURE_ONLY|NOT_BALANCE_APPROVED|NOT_FORMAL_GENERATION_DATA
itemInstanceId=21:wb_i002_orange_150010
baseItemId=4:I002
rarity=6:orange
generationVersion=1:1
rootSeed=6:150010
cultivationPotentialProfileId=34:candidate_core_profile_i002_orange
statId=7:control
statRawUnits=2:10
statId=8:cooldown
statRawUnits=1:3
statId=6:damage
statRawUnits=2:32
statId=8:nianCost
statRawUnits=1:4
slotId=8:fixed_01
slotKind=5:Fixed
affixId=15:affix_damage_up
affixValueProfileId=31:candidate_value_affix_damage_up
affixRawUnits=4:1678
slotId=9:random_01
slotKind=6:Random
affixId=24:affix_cooldown_reduction
affixValueProfileId=40:candidate_value_affix_cooldown_reduction
affixRawUnits=4:1448
eligibleCoreEffectId=22:candidate_core_i002_01
eligibleCoreEffectId=22:candidate_core_i002_02
eligibleCoreEffectId=22:candidate_core_i002_03
eligibleCoreEffectId=22:candidate_core_i002_04
eligibleCoreEffectId=28:candidate_core_i002_ultimate
visibleCoreEffectId=22:candidate_core_i002_01
visibleCoreEffectId=22:candidate_core_i002_02
visibleCoreEffectId=22:candidate_core_i002_03
visibleCoreEffectId=22:candidate_core_i002_04
visibleCoreEffectId=28:candidate_core_i002_ultimate
buildQualification=4:None
","schemaId=32:ItemGeneratedInstanceSnapshot.v1
generationAlgorithmId=21:item-instance-roll-v1
generationDataStatus=63:QA_FIXTURE_ONLY|NOT_BALANCE_APPROVED|NOT_FORMAL_GENERATION_DATA
itemInstanceId=21:wb_i002_orange_150010
baseItemId=4:I002
rarity=6:orange
generationVersion=1:1
rootSeed=6:150010
cultivationPotentialProfileId=34:candidate_core_profile_i002_orange
statId=7:control
statRawUnits=2:10
statId=8:cooldown
statRawUnits=1:3
statId=6:damage
statRawUnits=2:32
statId=8:nianCost
statRawUnits=1:4
slotId=8:fixed_01
slotKind=5:Fixed
affixId=15:affix_damage_up
affixValueProfileId=31:candidate_value_affix_damage_up
affixRawUnits=4:1678
slotId=9:random_01
slotKind=6:Random
affixId=24:affix_cooldown_reduction
affixValueProfileId=40:candidate_value_affix_cooldown_reduction
affixRawUnits=4:1448
eligibleCoreEffectId=22:candidate_core_i002_01
eligibleCoreEffectId=22:candidate_core_i002_02
eligibleCoreEffectId=22:candidate_core_i002_03
eligibleCoreEffectId=22:candidate_core_i002_04
eligibleCoreEffectId=28:candidate_core_i002_ultimate
visibleCoreEffectId=22:candidate_core_i002_01
visibleCoreEffectId=22:candidate_core_i002_02
visibleCoreEffectId=22:candidate_core_i002_03
visibleCoreEffectId=22:candidate_core_i002_04
visibleCoreEffectId=28:candidate_core_i002_ultimate
buildQualification=4:None
",PASS
roll.I003@white,roll_150,PASS,PASS,PASS
projection.I003@white,projection_150,PASS,PASS,PASS
determinism.I003@white,determinism_150,"schemaId=32:ItemGeneratedInstanceSnapshot.v1
generationAlgorithmId=21:item-instance-roll-v1
generationDataStatus=63:QA_FIXTURE_ONLY|NOT_BALANCE_APPROVED|NOT_FORMAL_GENERATION_DATA
itemInstanceId=20:wb_i003_white_150011
baseItemId=4:I003
rarity=5:white
generationVersion=1:1
rootSeed=6:150011
cultivationPotentialProfileId=33:candidate_core_profile_i003_white
statId=5:break
statRawUnits=2:21
statId=8:cooldown
statRawUnits=1:7
statId=6:damage
statRawUnits=2:16
statId=8:nianCost
statRawUnits=1:6
slotId=8:fixed_01
slotKind=5:Fixed
affixId=14:affix_break_up
affixValueProfileId=30:candidate_value_affix_break_up
affixRawUnits=3:371
slotId=9:random_01
slotKind=6:Random
affixId=24:affix_cooldown_reduction
affixValueProfileId=40:candidate_value_affix_cooldown_reduction
affixRawUnits=3:355
eligibleCoreEffectId=22:candidate_core_i003_01
visibleCoreEffectId=22:candidate_core_i003_01
buildQualification=4:None
","schemaId=32:ItemGeneratedInstanceSnapshot.v1
generationAlgorithmId=21:item-instance-roll-v1
generationDataStatus=63:QA_FIXTURE_ONLY|NOT_BALANCE_APPROVED|NOT_FORMAL_GENERATION_DATA
itemInstanceId=20:wb_i003_white_150011
baseItemId=4:I003
rarity=5:white
generationVersion=1:1
rootSeed=6:150011
cultivationPotentialProfileId=33:candidate_core_profile_i003_white
statId=5:break
statRawUnits=2:21
statId=8:cooldown
statRawUnits=1:7
statId=6:damage
statRawUnits=2:16
statId=8:nianCost
statRawUnits=1:6
slotId=8:fixed_01
slotKind=5:Fixed
affixId=14:affix_break_up
affixValueProfileId=30:candidate_value_affix_break_up
affixRawUnits=3:371
slotId=9:random_01
slotKind=6:Random
affixId=24:affix_cooldown_reduction
affixValueProfileId=40:candidate_value_affix_cooldown_reduction
affixRawUnits=3:355
eligibleCoreEffectId=22:candidate_core_i003_01
visibleCoreEffectId=22:candidate_core_i003_01
buildQualification=4:None
",PASS
roll.I003@green,roll_150,PASS,PASS,PASS
projection.I003@green,projection_150,PASS,PASS,PASS
determinism.I003@green,determinism_150,"schemaId=32:ItemGeneratedInstanceSnapshot.v1
generationAlgorithmId=21:item-instance-roll-v1
generationDataStatus=63:QA_FIXTURE_ONLY|NOT_BALANCE_APPROVED|NOT_FORMAL_GENERATION_DATA
itemInstanceId=20:wb_i003_green_150012
baseItemId=4:I003
rarity=5:green
generationVersion=1:1
rootSeed=6:150012
cultivationPotentialProfileId=33:candidate_core_profile_i003_green
statId=5:break
statRawUnits=2:29
statId=8:cooldown
statRawUnits=1:6
statId=6:damage
statRawUnits=2:22
statId=8:nianCost
statRawUnits=1:6
slotId=8:fixed_01
slotKind=5:Fixed
affixId=14:affix_break_up
affixValueProfileId=30:candidate_value_affix_break_up
affixRawUnits=3:458
slotId=9:random_01
slotKind=6:Random
affixId=15:affix_damage_up
affixValueProfileId=31:candidate_value_affix_damage_up
affixRawUnits=3:533
eligibleCoreEffectId=22:candidate_core_i003_01
eligibleCoreEffectId=22:candidate_core_i003_02
visibleCoreEffectId=22:candidate_core_i003_01
visibleCoreEffectId=22:candidate_core_i003_02
buildQualification=4:None
","schemaId=32:ItemGeneratedInstanceSnapshot.v1
generationAlgorithmId=21:item-instance-roll-v1
generationDataStatus=63:QA_FIXTURE_ONLY|NOT_BALANCE_APPROVED|NOT_FORMAL_GENERATION_DATA
itemInstanceId=20:wb_i003_green_150012
baseItemId=4:I003
rarity=5:green
generationVersion=1:1
rootSeed=6:150012
cultivationPotentialProfileId=33:candidate_core_profile_i003_green
statId=5:break
statRawUnits=2:29
statId=8:cooldown
statRawUnits=1:6
statId=6:damage
statRawUnits=2:22
statId=8:nianCost
statRawUnits=1:6
slotId=8:fixed_01
slotKind=5:Fixed
affixId=14:affix_break_up
affixValueProfileId=30:candidate_value_affix_break_up
affixRawUnits=3:458
slotId=9:random_01
slotKind=6:Random
affixId=15:affix_damage_up
affixValueProfileId=31:candidate_value_affix_damage_up
affixRawUnits=3:533
eligibleCoreEffectId=22:candidate_core_i003_01
eligibleCoreEffectId=22:candidate_core_i003_02
visibleCoreEffectId=22:candidate_core_i003_01
visibleCoreEffectId=22:candidate_core_i003_02
buildQualification=4:None
",PASS
roll.I003@blue,roll_150,PASS,PASS,PASS
projection.I003@blue,projection_150,PASS,PASS,PASS
determinism.I003@blue,determinism_150,"schemaId=32:ItemGeneratedInstanceSnapshot.v1
generationAlgorithmId=21:item-instance-roll-v1
generationDataStatus=63:QA_FIXTURE_ONLY|NOT_BALANCE_APPROVED|NOT_FORMAL_GENERATION_DATA
itemInstanceId=19:wb_i003_blue_150013
baseItemId=4:I003
rarity=4:blue
generationVersion=1:1
rootSeed=6:150013
cultivationPotentialProfileId=32:candidate_core_profile_i003_blue
statId=5:break
statRawUnits=2:34
statId=8:cooldown
statRawUnits=1:6
statId=6:damage
statRawUnits=2:26
statId=8:nianCost
statRawUnits=1:6
slotId=8:fixed_01
slotKind=5:Fixed
affixId=14:affix_break_up
affixValueProfileId=30:candidate_value_affix_break_up
affixRawUnits=3:810
slotId=9:random_01
slotKind=6:Random
affixId=24:affix_cooldown_reduction
affixValueProfileId=40:candidate_value_affix_cooldown_reduction
affixRawUnits=3:864
eligibleCoreEffectId=22:candidate_core_i003_01
eligibleCoreEffectId=22:candidate_core_i003_02
eligibleCoreEffectId=22:candidate_core_i003_03
visibleCoreEffectId=22:candidate_core_i003_01
visibleCoreEffectId=22:candidate_core_i003_02
visibleCoreEffectId=22:candidate_core_i003_03
buildQualification=9:FaMenOnly
","schemaId=32:ItemGeneratedInstanceSnapshot.v1
generationAlgorithmId=21:item-instance-roll-v1
generationDataStatus=63:QA_FIXTURE_ONLY|NOT_BALANCE_APPROVED|NOT_FORMAL_GENERATION_DATA
itemInstanceId=19:wb_i003_blue_150013
baseItemId=4:I003
rarity=4:blue
generationVersion=1:1
rootSeed=6:150013
cultivationPotentialProfileId=32:candidate_core_profile_i003_blue
statId=5:break
statRawUnits=2:34
statId=8:cooldown
statRawUnits=1:6
statId=6:damage
statRawUnits=2:26
statId=8:nianCost
statRawUnits=1:6
slotId=8:fixed_01
slotKind=5:Fixed
affixId=14:affix_break_up
affixValueProfileId=30:candidate_value_affix_break_up
affixRawUnits=3:810
slotId=9:random_01
slotKind=6:Random
affixId=24:affix_cooldown_reduction
affixValueProfileId=40:candidate_value_affix_cooldown_reduction
affixRawUnits=3:864
eligibleCoreEffectId=22:candidate_core_i003_01
eligibleCoreEffectId=22:candidate_core_i003_02
eligibleCoreEffectId=22:candidate_core_i003_03
visibleCoreEffectId=22:candidate_core_i003_01
visibleCoreEffectId=22:candidate_core_i003_02
visibleCoreEffectId=22:candidate_core_i003_03
buildQualification=9:FaMenOnly
",PASS
roll.I003@purple,roll_150,PASS,PASS,PASS
projection.I003@purple,projection_150,PASS,PASS,PASS
determinism.I003@purple,determinism_150,"schemaId=32:ItemGeneratedInstanceSnapshot.v1
generationAlgorithmId=21:item-instance-roll-v1
generationDataStatus=63:QA_FIXTURE_ONLY|NOT_BALANCE_APPROVED|NOT_FORMAL_GENERATION_DATA
itemInstanceId=21:wb_i003_purple_150014
baseItemId=4:I003
rarity=6:purple
generationVersion=1:1
rootSeed=6:150014
cultivationPotentialProfileId=34:candidate_core_profile_i003_purple
statId=5:break
statRawUnits=2:38
statId=8:cooldown
statRawUnits=1:4
statId=6:damage
statRawUnits=2:27
statId=8:nianCost
statRawUnits=1:4
slotId=8:fixed_01
slotKind=5:Fixed
affixId=14:affix_break_up
affixValueProfileId=30:candidate_value_affix_break_up
affixRawUnits=4:1287
slotId=9:random_01
slotKind=6:Random
affixId=24:affix_cooldown_reduction
affixValueProfileId=40:candidate_value_affix_cooldown_reduction
affixRawUnits=3:980
eligibleCoreEffectId=22:candidate_core_i003_01
eligibleCoreEffectId=22:candidate_core_i003_02
eligibleCoreEffectId=22:candidate_core_i003_03
eligibleCoreEffectId=22:candidate_core_i003_04
visibleCoreEffectId=22:candidate_core_i003_01
visibleCoreEffectId=22:candidate_core_i003_02
visibleCoreEffectId=22:candidate_core_i003_03
visibleCoreEffectId=22:candidate_core_i003_04
buildQualification=9:FaMenOnly
","schemaId=32:ItemGeneratedInstanceSnapshot.v1
generationAlgorithmId=21:item-instance-roll-v1
generationDataStatus=63:QA_FIXTURE_ONLY|NOT_BALANCE_APPROVED|NOT_FORMAL_GENERATION_DATA
itemInstanceId=21:wb_i003_purple_150014
baseItemId=4:I003
rarity=6:purple
generationVersion=1:1
rootSeed=6:150014
cultivationPotentialProfileId=34:candidate_core_profile_i003_purple
statId=5:break
statRawUnits=2:38
statId=8:cooldown
statRawUnits=1:4
statId=6:damage
statRawUnits=2:27
statId=8:nianCost
statRawUnits=1:4
slotId=8:fixed_01
slotKind=5:Fixed
affixId=14:affix_break_up
affixValueProfileId=30:candidate_value_affix_break_up
affixRawUnits=4:1287
slotId=9:random_01
slotKind=6:Random
affixId=24:affix_cooldown_reduction
affixValueProfileId=40:candidate_value_affix_cooldown_reduction
affixRawUnits=3:980
eligibleCoreEffectId=22:candidate_core_i003_01
eligibleCoreEffectId=22:candidate_core_i003_02
eligibleCoreEffectId=22:candidate_core_i003_03
eligibleCoreEffectId=22:candidate_core_i003_04
visibleCoreEffectId=22:candidate_core_i003_01
visibleCoreEffectId=22:candidate_core_i003_02
visibleCoreEffectId=22:candidate_core_i003_03
visibleCoreEffectId=22:candidate_core_i003_04
buildQualification=9:FaMenOnly
",PASS
roll.I003@orange,roll_150,PASS,PASS,PASS
projection.I003@orange,projection_150,PASS,PASS,PASS
determinism.I003@orange,determinism_150,"schemaId=32:ItemGeneratedInstanceSnapshot.v1
generationAlgorithmId=21:item-instance-roll-v1
generationDataStatus=63:QA_FIXTURE_ONLY|NOT_BALANCE_APPROVED|NOT_FORMAL_GENERATION_DATA
itemInstanceId=21:wb_i003_orange_150015
baseItemId=4:I003
rarity=6:orange
generationVersion=1:1
rootSeed=6:150015
cultivationPotentialProfileId=34:candidate_core_profile_i003_orange
statId=5:break
statRawUnits=2:40
statId=8:cooldown
statRawUnits=1:4
statId=6:damage
statRawUnits=2:31
statId=8:nianCost
statRawUnits=1:4
slotId=8:fixed_01
slotKind=5:Fixed
affixId=14:affix_break_up
affixValueProfileId=30:candidate_value_affix_break_up
affixRawUnits=4:1228
slotId=9:random_01
slotKind=6:Random
affixId=15:affix_damage_up
affixValueProfileId=31:candidate_value_affix_damage_up
affixRawUnits=4:1284
eligibleCoreEffectId=22:candidate_core_i003_01
eligibleCoreEffectId=22:candidate_core_i003_02
eligibleCoreEffectId=22:candidate_core_i003_03
eligibleCoreEffectId=22:candidate_core_i003_04
eligibleCoreEffectId=28:candidate_core_i003_ultimate
visibleCoreEffectId=22:candidate_core_i003_01
visibleCoreEffectId=22:candidate_core_i003_02
visibleCoreEffectId=22:candidate_core_i003_03
visibleCoreEffectId=22:candidate_core_i003_04
visibleCoreEffectId=28:candidate_core_i003_ultimate
buildQualification=9:FaMenOnly
","schemaId=32:ItemGeneratedInstanceSnapshot.v1
generationAlgorithmId=21:item-instance-roll-v1
generationDataStatus=63:QA_FIXTURE_ONLY|NOT_BALANCE_APPROVED|NOT_FORMAL_GENERATION_DATA
itemInstanceId=21:wb_i003_orange_150015
baseItemId=4:I003
rarity=6:orange
generationVersion=1:1
rootSeed=6:150015
cultivationPotentialProfileId=34:candidate_core_profile_i003_orange
statId=5:break
statRawUnits=2:40
statId=8:cooldown
statRawUnits=1:4
statId=6:damage
statRawUnits=2:31
statId=8:nianCost
statRawUnits=1:4
slotId=8:fixed_01
slotKind=5:Fixed
affixId=14:affix_break_up
affixValueProfileId=30:candidate_value_affix_break_up
affixRawUnits=4:1228
slotId=9:random_01
slotKind=6:Random
affixId=15:affix_damage_up
affixValueProfileId=31:candidate_value_affix_damage_up
affixRawUnits=4:1284
eligibleCoreEffectId=22:candidate_core_i003_01
eligibleCoreEffectId=22:candidate_core_i003_02
eligibleCoreEffectId=22:candidate_core_i003_03
eligibleCoreEffectId=22:candidate_core_i003_04
eligibleCoreEffectId=28:candidate_core_i003_ultimate
visibleCoreEffectId=22:candidate_core_i003_01
visibleCoreEffectId=22:candidate_core_i003_02
visibleCoreEffectId=22:candidate_core_i003_03
visibleCoreEffectId=22:candidate_core_i003_04
visibleCoreEffectId=28:candidate_core_i003_ultimate
buildQualification=9:FaMenOnly
",PASS
roll.I004@white,roll_150,PASS,PASS,PASS
projection.I004@white,projection_150,PASS,PASS,PASS
determinism.I004@white,determinism_150,"schemaId=32:ItemGeneratedInstanceSnapshot.v1
generationAlgorithmId=21:item-instance-roll-v1
generationDataStatus=63:QA_FIXTURE_ONLY|NOT_BALANCE_APPROVED|NOT_FORMAL_GENERATION_DATA
itemInstanceId=20:wb_i004_white_150016
baseItemId=4:I004
rarity=5:white
generationVersion=1:1
rootSeed=6:150016
cultivationPotentialProfileId=33:candidate_core_profile_i004_white
statId=7:control
statRawUnits=1:2
statId=8:cooldown
statRawUnits=1:5
statId=6:damage
statRawUnits=2:11
statId=8:nianCost
statRawUnits=1:6
slotId=8:fixed_01
slotKind=5:Fixed
affixId=16:affix_control_up
affixValueProfileId=32:candidate_value_affix_control_up
affixRawUnits=1:3
slotId=9:random_01
slotKind=6:Random
affixId=21:affix_nian_efficiency
affixValueProfileId=37:candidate_value_affix_nian_efficiency
affixRawUnits=3:339
eligibleCoreEffectId=22:candidate_core_i004_01
visibleCoreEffectId=22:candidate_core_i004_01
buildQualification=4:None
","schemaId=32:ItemGeneratedInstanceSnapshot.v1
generationAlgorithmId=21:item-instance-roll-v1
generationDataStatus=63:QA_FIXTURE_ONLY|NOT_BALANCE_APPROVED|NOT_FORMAL_GENERATION_DATA
itemInstanceId=20:wb_i004_white_150016
baseItemId=4:I004
rarity=5:white
generationVersion=1:1
rootSeed=6:150016
cultivationPotentialProfileId=33:candidate_core_profile_i004_white
statId=7:control
statRawUnits=1:2
statId=8:cooldown
statRawUnits=1:5
statId=6:damage
statRawUnits=2:11
statId=8:nianCost
statRawUnits=1:6
slotId=8:fixed_01
slotKind=5:Fixed
affixId=16:affix_control_up
affixValueProfileId=32:candidate_value_affix_control_up
affixRawUnits=1:3
slotId=9:random_01
slotKind=6:Random
affixId=21:affix_nian_efficiency
affixValueProfileId=37:candidate_value_affix_nian_efficiency
affixRawUnits=3:339
eligibleCoreEffectId=22:candidate_core_i004_01
visibleCoreEffectId=22:candidate_core_i004_01
buildQualification=4:None
",PASS
roll.I004@green,roll_150,PASS,PASS,PASS
projection.I004@green,projection_150,PASS,PASS,PASS
determinism.I004@green,determinism_150,"schemaId=32:ItemGeneratedInstanceSnapshot.v1
generationAlgorithmId=21:item-instance-roll-v1
generationDataStatus=63:QA_FIXTURE_ONLY|NOT_BALANCE_APPROVED|NOT_FORMAL_GENERATION_DATA
itemInstanceId=20:wb_i004_green_150017
baseItemId=4:I004
rarity=5:green
generationVersion=1:1
rootSeed=6:150017
cultivationPotentialProfileId=33:candidate_core_profile_i004_green
statId=7:control
statRawUnits=1:3
statId=8:cooldown
statRawUnits=1:4
statId=6:damage
statRawUnits=2:17
statId=8:nianCost
statRawUnits=1:5
slotId=8:fixed_01
slotKind=5:Fixed
affixId=16:affix_control_up
affixValueProfileId=32:candidate_value_affix_control_up
affixRawUnits=1:5
slotId=9:random_01
slotKind=6:Random
affixId=21:affix_nian_efficiency
affixValueProfileId=37:candidate_value_affix_nian_efficiency
affixRawUnits=3:350
eligibleCoreEffectId=22:candidate_core_i004_01
eligibleCoreEffectId=22:candidate_core_i004_02
visibleCoreEffectId=22:candidate_core_i004_01
visibleCoreEffectId=22:candidate_core_i004_02
buildQualification=4:None
","schemaId=32:ItemGeneratedInstanceSnapshot.v1
generationAlgorithmId=21:item-instance-roll-v1
generationDataStatus=63:QA_FIXTURE_ONLY|NOT_BALANCE_APPROVED|NOT_FORMAL_GENERATION_DATA
itemInstanceId=20:wb_i004_green_150017
baseItemId=4:I004
rarity=5:green
generationVersion=1:1
rootSeed=6:150017
cultivationPotentialProfileId=33:candidate_core_profile_i004_green
statId=7:control
statRawUnits=1:3
statId=8:cooldown
statRawUnits=1:4
statId=6:damage
statRawUnits=2:17
statId=8:nianCost
statRawUnits=1:5
slotId=8:fixed_01
slotKind=5:Fixed
affixId=16:affix_control_up
affixValueProfileId=32:candidate_value_affix_control_up
affixRawUnits=1:5
slotId=9:random_01
slotKind=6:Random
affixId=21:affix_nian_efficiency
affixValueProfileId=37:candidate_value_affix_nian_efficiency
affixRawUnits=3:350
eligibleCoreEffectId=22:candidate_core_i004_01
eligibleCoreEffectId=22:candidate_core_i004_02
visibleCoreEffectId=22:candidate_core_i004_01
visibleCoreEffectId=22:candidate_core_i004_02
buildQualification=4:None
",PASS
roll.I004@blue,roll_150,PASS,PASS,PASS
projection.I004@blue,projection_150,PASS,PASS,PASS
determinism.I004@blue,determinism_150,"schemaId=32:ItemGeneratedInstanceSnapshot.v1
generationAlgorithmId=21:item-instance-roll-v1
generationDataStatus=63:QA_FIXTURE_ONLY|NOT_BALANCE_APPROVED|NOT_FORMAL_GENERATION_DATA
itemInstanceId=19:wb_i004_blue_150018
baseItemId=4:I004
rarity=4:blue
generationVersion=1:1
rootSeed=6:150018
cultivationPotentialProfileId=32:candidate_core_profile_i004_blue
statId=7:control
statRawUnits=1:6
statId=8:cooldown
statRawUnits=1:4
statId=6:damage
statRawUnits=2:22
statId=8:nianCost
statRawUnits=1:4
slotId=8:fixed_01
slotKind=5:Fixed
affixId=16:affix_control_up
affixValueProfileId=32:candidate_value_affix_control_up
affixRawUnits=1:8
slotId=9:random_01
slotKind=6:Random
affixId=24:affix_cooldown_reduction
affixValueProfileId=40:candidate_value_affix_cooldown_reduction
affixRawUnits=3:697
eligibleCoreEffectId=22:candidate_core_i004_01
eligibleCoreEffectId=22:candidate_core_i004_02
eligibleCoreEffectId=22:candidate_core_i004_03
visibleCoreEffectId=22:candidate_core_i004_01
visibleCoreEffectId=22:candidate_core_i004_02
visibleCoreEffectId=22:candidate_core_i004_03
buildQualification=4:Dual
","schemaId=32:ItemGeneratedInstanceSnapshot.v1
generationAlgorithmId=21:item-instance-roll-v1
generationDataStatus=63:QA_FIXTURE_ONLY|NOT_BALANCE_APPROVED|NOT_FORMAL_GENERATION_DATA
itemInstanceId=19:wb_i004_blue_150018
baseItemId=4:I004
rarity=4:blue
generationVersion=1:1
rootSeed=6:150018
cultivationPotentialProfileId=32:candidate_core_profile_i004_blue
statId=7:control
statRawUnits=1:6
statId=8:cooldown
statRawUnits=1:4
statId=6:damage
statRawUnits=2:22
statId=8:nianCost
statRawUnits=1:4
slotId=8:fixed_01
slotKind=5:Fixed
affixId=16:affix_control_up
affixValueProfileId=32:candidate_value_affix_control_up
affixRawUnits=1:8
slotId=9:random_01
slotKind=6:Random
affixId=24:affix_cooldown_reduction
affixValueProfileId=40:candidate_value_affix_cooldown_reduction
affixRawUnits=3:697
eligibleCoreEffectId=22:candidate_core_i004_01
eligibleCoreEffectId=22:candidate_core_i004_02
eligibleCoreEffectId=22:candidate_core_i004_03
visibleCoreEffectId=22:candidate_core_i004_01
visibleCoreEffectId=22:candidate_core_i004_02
visibleCoreEffectId=22:candidate_core_i004_03
buildQualification=4:Dual
",PASS
roll.I004@purple,roll_150,PASS,PASS,PASS
projection.I004@purple,projection_150,PASS,PASS,PASS
determinism.I004@purple,determinism_150,"schemaId=32:ItemGeneratedInstanceSnapshot.v1
generationAlgorithmId=21:item-instance-roll-v1
generationDataStatus=63:QA_FIXTURE_ONLY|NOT_BALANCE_APPROVED|NOT_FORMAL_GENERATION_DATA
itemInstanceId=21:wb_i004_purple_150019
baseItemId=4:I004
rarity=6:purple
generationVersion=1:1
rootSeed=6:150019
cultivationPotentialProfileId=34:candidate_core_profile_i004_purple
statId=7:control
statRawUnits=1:8
statId=8:cooldown
statRawUnits=1:3
statId=6:damage
statRawUnits=2:23
statId=8:nianCost
statRawUnits=1:4
slotId=8:fixed_01
slotKind=5:Fixed
affixId=16:affix_control_up
affixValueProfileId=32:candidate_value_affix_control_up
affixRawUnits=1:7
slotId=9:random_01
slotKind=6:Random
affixId=24:affix_cooldown_reduction
affixValueProfileId=40:candidate_value_affix_cooldown_reduction
affixRawUnits=3:920
eligibleCoreEffectId=22:candidate_core_i004_01
eligibleCoreEffectId=22:candidate_core_i004_02
eligibleCoreEffectId=22:candidate_core_i004_03
eligibleCoreEffectId=22:candidate_core_i004_04
visibleCoreEffectId=22:candidate_core_i004_01
visibleCoreEffectId=22:candidate_core_i004_02
visibleCoreEffectId=22:candidate_core_i004_03
visibleCoreEffectId=22:candidate_core_i004_04
buildQualification=9:FaMenOnly
","schemaId=32:ItemGeneratedInstanceSnapshot.v1
generationAlgorithmId=21:item-instance-roll-v1
generationDataStatus=63:QA_FIXTURE_ONLY|NOT_BALANCE_APPROVED|NOT_FORMAL_GENERATION_DATA
itemInstanceId=21:wb_i004_purple_150019
baseItemId=4:I004
rarity=6:purple
generationVersion=1:1
rootSeed=6:150019
cultivationPotentialProfileId=34:candidate_core_profile_i004_purple
statId=7:control
statRawUnits=1:8
statId=8:cooldown
statRawUnits=1:3
statId=6:damage
statRawUnits=2:23
statId=8:nianCost
statRawUnits=1:4
slotId=8:fixed_01
slotKind=5:Fixed
affixId=16:affix_control_up
affixValueProfileId=32:candidate_value_affix_control_up
affixRawUnits=1:7
slotId=9:random_01
slotKind=6:Random
affixId=24:affix_cooldown_reduction
affixValueProfileId=40:candidate_value_affix_cooldown_reduction
affixRawUnits=3:920
eligibleCoreEffectId=22:candidate_core_i004_01
eligibleCoreEffectId=22:candidate_core_i004_02
eligibleCoreEffectId=22:candidate_core_i004_03
eligibleCoreEffectId=22:candidate_core_i004_04
visibleCoreEffectId=22:candidate_core_i004_01
visibleCoreEffectId=22:candidate_core_i004_02
visibleCoreEffectId=22:candidate_core_i004_03
visibleCoreEffectId=22:candidate_core_i004_04
buildQualification=9:FaMenOnly
",PASS
roll.I004@orange,roll_150,PASS,PASS,PASS
projection.I004@orange,projection_150,PASS,PASS,PASS
determinism.I004@orange,determinism_150,"schemaId=32:ItemGeneratedInstanceSnapshot.v1
generationAlgorithmId=21:item-instance-roll-v1
generationDataStatus=63:QA_FIXTURE_ONLY|NOT_BALANCE_APPROVED|NOT_FORMAL_GENERATION_DATA
itemInstanceId=21:wb_i004_orange_150020
baseItemId=4:I004
rarity=6:orange
generationVersion=1:1
rootSeed=6:150020
cultivationPotentialProfileId=34:candidate_core_profile_i004_orange
statId=7:control
statRawUnits=1:9
statId=8:cooldown
statRawUnits=1:3
statId=6:damage
statRawUnits=2:25
statId=8:nianCost
statRawUnits=1:3
slotId=8:fixed_01
slotKind=5:Fixed
affixId=16:affix_control_up
affixValueProfileId=32:candidate_value_affix_control_up
affixRawUnits=1:9
slotId=9:random_01
slotKind=6:Random
affixId=21:affix_nian_efficiency
affixValueProfileId=37:candidate_value_affix_nian_efficiency
affixRawUnits=4:1725
eligibleCoreEffectId=22:candidate_core_i004_01
eligibleCoreEffectId=22:candidate_core_i004_02
eligibleCoreEffectId=22:candidate_core_i004_03
eligibleCoreEffectId=22:candidate_core_i004_04
eligibleCoreEffectId=28:candidate_core_i004_ultimate
visibleCoreEffectId=22:candidate_core_i004_01
visibleCoreEffectId=22:candidate_core_i004_02
visibleCoreEffectId=22:candidate_core_i004_03
visibleCoreEffectId=22:candidate_core_i004_04
visibleCoreEffectId=28:candidate_core_i004_ultimate
buildQualification=9:FaMenOnly
","schemaId=32:ItemGeneratedInstanceSnapshot.v1
generationAlgorithmId=21:item-instance-roll-v1
generationDataStatus=63:QA_FIXTURE_ONLY|NOT_BALANCE_APPROVED|NOT_FORMAL_GENERATION_DATA
itemInstanceId=21:wb_i004_orange_150020
baseItemId=4:I004
rarity=6:orange
generationVersion=1:1
rootSeed=6:150020
cultivationPotentialProfileId=34:candidate_core_profile_i004_orange
statId=7:control
statRawUnits=1:9
statId=8:cooldown
statRawUnits=1:3
statId=6:damage
statRawUnits=2:25
statId=8:nianCost
statRawUnits=1:3
slotId=8:fixed_01
slotKind=5:Fixed
affixId=16:affix_control_up
affixValueProfileId=32:candidate_value_affix_control_up
affixRawUnits=1:9
slotId=9:random_01
slotKind=6:Random
affixId=21:affix_nian_efficiency
affixValueProfileId=37:candidate_value_affix_nian_efficiency
affixRawUnits=4:1725
eligibleCoreEffectId=22:candidate_core_i004_01
eligibleCoreEffectId=22:candidate_core_i004_02
eligibleCoreEffectId=22:candidate_core_i004_03
eligibleCoreEffectId=22:candidate_core_i004_04
eligibleCoreEffectId=28:candidate_core_i004_ultimate
visibleCoreEffectId=22:candidate_core_i004_01
visibleCoreEffectId=22:candidate_core_i004_02
visibleCoreEffectId=22:candidate_core_i004_03
visibleCoreEffectId=22:candidate_core_i004_04
visibleCoreEffectId=28:candidate_core_i004_ultimate
buildQualification=9:FaMenOnly
",PASS
roll.I005@white,roll_150,PASS,PASS,PASS
projection.I005@white,projection_150,PASS,PASS,PASS
determinism.I005@white,determinism_150,"schemaId=32:ItemGeneratedInstanceSnapshot.v1
generationAlgorithmId=21:item-instance-roll-v1
generationDataStatus=63:QA_FIXTURE_ONLY|NOT_BALANCE_APPROVED|NOT_FORMAL_GENERATION_DATA
itemInstanceId=20:wb_i005_white_150021
baseItemId=4:I005
rarity=5:white
generationVersion=1:1
rootSeed=6:150021
cultivationPotentialProfileId=33:candidate_core_profile_i005_white
statId=5:break
statRawUnits=2:14
statId=7:control
statRawUnits=1:1
statId=8:cooldown
statRawUnits=1:5
statId=8:nianCost
statRawUnits=1:7
slotId=8:fixed_01
slotKind=5:Fixed
affixId=14:affix_break_up
affixValueProfileId=30:candidate_value_affix_break_up
affixRawUnits=3:322
slotId=9:random_01
slotKind=6:Random
affixId=21:affix_nian_efficiency
affixValueProfileId=37:candidate_value_affix_nian_efficiency
affixRawUnits=3:200
eligibleCoreEffectId=22:candidate_core_i005_01
visibleCoreEffectId=22:candidate_core_i005_01
buildQualification=4:None
","schemaId=32:ItemGeneratedInstanceSnapshot.v1
generationAlgorithmId=21:item-instance-roll-v1
generationDataStatus=63:QA_FIXTURE_ONLY|NOT_BALANCE_APPROVED|NOT_FORMAL_GENERATION_DATA
itemInstanceId=20:wb_i005_white_150021
baseItemId=4:I005
rarity=5:white
generationVersion=1:1
rootSeed=6:150021
cultivationPotentialProfileId=33:candidate_core_profile_i005_white
statId=5:break
statRawUnits=2:14
statId=7:control
statRawUnits=1:1
statId=8:cooldown
statRawUnits=1:5
statId=8:nianCost
statRawUnits=1:7
slotId=8:fixed_01
slotKind=5:Fixed
affixId=14:affix_break_up
affixValueProfileId=30:candidate_value_affix_break_up
affixRawUnits=3:322
slotId=9:random_01
slotKind=6:Random
affixId=21:affix_nian_efficiency
affixValueProfileId=37:candidate_value_affix_nian_efficiency
affixRawUnits=3:200
eligibleCoreEffectId=22:candidate_core_i005_01
visibleCoreEffectId=22:candidate_core_i005_01
buildQualification=4:None
",PASS
roll.I005@green,roll_150,PASS,PASS,PASS
projection.I005@green,projection_150,PASS,PASS,PASS
determinism.I005@green,determinism_150,"schemaId=32:ItemGeneratedInstanceSnapshot.v1
generationAlgorithmId=21:item-instance-roll-v1
generationDataStatus=63:QA_FIXTURE_ONLY|NOT_BALANCE_APPROVED|NOT_FORMAL_GENERATION_DATA
itemInstanceId=20:wb_i005_green_150022
baseItemId=4:I005
rarity=5:green
generationVersion=1:1
rootSeed=6:150022
cultivationPotentialProfileId=33:candidate_core_profile_i005_green
statId=5:break
statRawUnits=2:21
statId=7:control
statRawUnits=1:5
statId=8:cooldown
statRawUnits=1:5
statId=8:nianCost
statRawUnits=1:6
slotId=8:fixed_01
slotKind=5:Fixed
affixId=14:affix_break_up
affixValueProfileId=30:candidate_value_affix_break_up
affixRawUnits=3:552
slotId=9:random_01
slotKind=6:Random
affixId=21:affix_nian_efficiency
affixValueProfileId=37:candidate_value_affix_nian_efficiency
affixRawUnits=3:460
eligibleCoreEffectId=22:candidate_core_i005_01
eligibleCoreEffectId=22:candidate_core_i005_02
visibleCoreEffectId=22:candidate_core_i005_01
visibleCoreEffectId=22:candidate_core_i005_02
buildQualification=4:None
","schemaId=32:ItemGeneratedInstanceSnapshot.v1
generationAlgorithmId=21:item-instance-roll-v1
generationDataStatus=63:QA_FIXTURE_ONLY|NOT_BALANCE_APPROVED|NOT_FORMAL_GENERATION_DATA
itemInstanceId=20:wb_i005_green_150022
baseItemId=4:I005
rarity=5:green
generationVersion=1:1
rootSeed=6:150022
cultivationPotentialProfileId=33:candidate_core_profile_i005_green
statId=5:break
statRawUnits=2:21
statId=7:control
statRawUnits=1:5
statId=8:cooldown
statRawUnits=1:5
statId=8:nianCost
statRawUnits=1:6
slotId=8:fixed_01
slotKind=5:Fixed
affixId=14:affix_break_up
affixValueProfileId=30:candidate_value_affix_break_up
affixRawUnits=3:552
slotId=9:random_01
slotKind=6:Random
affixId=21:affix_nian_efficiency
affixValueProfileId=37:candidate_value_affix_nian_efficiency
affixRawUnits=3:460
eligibleCoreEffectId=22:candidate_core_i005_01
eligibleCoreEffectId=22:candidate_core_i005_02
visibleCoreEffectId=22:candidate_core_i005_01
visibleCoreEffectId=22:candidate_core_i005_02
buildQualification=4:None
",PASS
roll.I005@blue,roll_150,PASS,PASS,PASS
projection.I005@blue,projection_150,PASS,PASS,PASS
determinism.I005@blue,determinism_150,"schemaId=32:ItemGeneratedInstanceSnapshot.v1
generationAlgorithmId=21:item-instance-roll-v1
generationDataStatus=63:QA_FIXTURE_ONLY|NOT_BALANCE_APPROVED|NOT_FORMAL_GENERATION_DATA
itemInstanceId=19:wb_i005_blue_150023
baseItemId=4:I005
rarity=4:blue
generationVersion=1:1
rootSeed=6:150023
cultivationPotentialProfileId=32:candidate_core_profile_i005_blue
statId=5:break
statRawUnits=2:33
statId=7:control
statRawUnits=1:5
statId=8:cooldown
statRawUnits=1:4
statId=8:nianCost
statRawUnits=1:5
slotId=8:fixed_01
slotKind=5:Fixed
affixId=14:affix_break_up
affixValueProfileId=30:candidate_value_affix_break_up
affixRawUnits=3:795
slotId=9:random_01
slotKind=6:Random
affixId=16:affix_control_up
affixValueProfileId=32:candidate_value_affix_control_up
affixRawUnits=1:7
eligibleCoreEffectId=22:candidate_core_i005_01
eligibleCoreEffectId=22:candidate_core_i005_02
eligibleCoreEffectId=22:candidate_core_i005_03
visibleCoreEffectId=22:candidate_core_i005_01
visibleCoreEffectId=22:candidate_core_i005_02
visibleCoreEffectId=22:candidate_core_i005_03
buildQualification=9:QiLeiOnly
","schemaId=32:ItemGeneratedInstanceSnapshot.v1
generationAlgorithmId=21:item-instance-roll-v1
generationDataStatus=63:QA_FIXTURE_ONLY|NOT_BALANCE_APPROVED|NOT_FORMAL_GENERATION_DATA
itemInstanceId=19:wb_i005_blue_150023
baseItemId=4:I005
rarity=4:blue
generationVersion=1:1
rootSeed=6:150023
cultivationPotentialProfileId=32:candidate_core_profile_i005_blue
statId=5:break
statRawUnits=2:33
statId=7:control
statRawUnits=1:5
statId=8:cooldown
statRawUnits=1:4
statId=8:nianCost
statRawUnits=1:5
slotId=8:fixed_01
slotKind=5:Fixed
affixId=14:affix_break_up
affixValueProfileId=30:candidate_value_affix_break_up
affixRawUnits=3:795
slotId=9:random_01
slotKind=6:Random
affixId=16:affix_control_up
affixValueProfileId=32:candidate_value_affix_control_up
affixRawUnits=1:7
eligibleCoreEffectId=22:candidate_core_i005_01
eligibleCoreEffectId=22:candidate_core_i005_02
eligibleCoreEffectId=22:candidate_core_i005_03
visibleCoreEffectId=22:candidate_core_i005_01
visibleCoreEffectId=22:candidate_core_i005_02
visibleCoreEffectId=22:candidate_core_i005_03
buildQualification=9:QiLeiOnly
",PASS
roll.I005@purple,roll_150,PASS,PASS,PASS
projection.I005@purple,projection_150,PASS,PASS,PASS
determinism.I005@purple,determinism_150,"schemaId=32:ItemGeneratedInstanceSnapshot.v1
generationAlgorithmId=21:item-instance-roll-v1
generationDataStatus=63:QA_FIXTURE_ONLY|NOT_BALANCE_APPROVED|NOT_FORMAL_GENERATION_DATA
itemInstanceId=21:wb_i005_purple_150024
baseItemId=4:I005
rarity=6:purple
generationVersion=1:1
rootSeed=6:150024
cultivationPotentialProfileId=34:candidate_core_profile_i005_purple
statId=5:break
statRawUnits=2:32
statId=7:control
statRawUnits=1:9
statId=8:cooldown
statRawUnits=1:3
statId=8:nianCost
statRawUnits=1:3
slotId=8:fixed_01
slotKind=5:Fixed
affixId=14:affix_break_up
affixValueProfileId=30:candidate_value_affix_break_up
affixRawUnits=4:1116
slotId=9:random_01
slotKind=6:Random
affixId=21:affix_nian_efficiency
affixValueProfileId=37:candidate_value_affix_nian_efficiency
affixRawUnits=3:882
eligibleCoreEffectId=22:candidate_core_i005_01
eligibleCoreEffectId=22:candidate_core_i005_02
eligibleCoreEffectId=22:candidate_core_i005_03
eligibleCoreEffectId=22:candidate_core_i005_04
visibleCoreEffectId=22:candidate_core_i005_01
visibleCoreEffectId=22:candidate_core_i005_02
visibleCoreEffectId=22:candidate_core_i005_03
visibleCoreEffectId=22:candidate_core_i005_04
buildQualification=9:FaMenOnly
","schemaId=32:ItemGeneratedInstanceSnapshot.v1
generationAlgorithmId=21:item-instance-roll-v1
generationDataStatus=63:QA_FIXTURE_ONLY|NOT_BALANCE_APPROVED|NOT_FORMAL_GENERATION_DATA
itemInstanceId=21:wb_i005_purple_150024
baseItemId=4:I005
rarity=6:purple
generationVersion=1:1
rootSeed=6:150024
cultivationPotentialProfileId=34:candidate_core_profile_i005_purple
statId=5:break
statRawUnits=2:32
statId=7:control
statRawUnits=1:9
statId=8:cooldown
statRawUnits=1:3
statId=8:nianCost
statRawUnits=1:3
slotId=8:fixed_01
slotKind=5:Fixed
affixId=14:affix_break_up
affixValueProfileId=30:candidate_value_affix_break_up
affixRawUnits=4:1116
slotId=9:random_01
slotKind=6:Random
affixId=21:affix_nian_efficiency
affixValueProfileId=37:candidate_value_affix_nian_efficiency
affixRawUnits=3:882
eligibleCoreEffectId=22:candidate_core_i005_01
eligibleCoreEffectId=22:candidate_core_i005_02
eligibleCoreEffectId=22:candidate_core_i005_03
eligibleCoreEffectId=22:candidate_core_i005_04
visibleCoreEffectId=22:candidate_core_i005_01
visibleCoreEffectId=22:candidate_core_i005_02
visibleCoreEffectId=22:candidate_core_i005_03
visibleCoreEffectId=22:candidate_core_i005_04
buildQualification=9:FaMenOnly
",PASS
roll.I005@orange,roll_150,PASS,PASS,PASS
projection.I005@orange,projection_150,PASS,PASS,PASS
determinism.I005@orange,determinism_150,"schemaId=32:ItemGeneratedInstanceSnapshot.v1
generationAlgorithmId=21:item-instance-roll-v1
generationDataStatus=63:QA_FIXTURE_ONLY|NOT_BALANCE_APPROVED|NOT_FORMAL_GENERATION_DATA
itemInstanceId=21:wb_i005_orange_150025
baseItemId=4:I005
rarity=6:orange
generationVersion=1:1
rootSeed=6:150025
cultivationPotentialProfileId=34:candidate_core_profile_i005_orange
statId=5:break
statRawUnits=2:40
statId=7:control
statRawUnits=2:10
statId=8:cooldown
statRawUnits=1:3
statId=8:nianCost
statRawUnits=1:3
slotId=8:fixed_01
slotKind=5:Fixed
affixId=14:affix_break_up
affixValueProfileId=30:candidate_value_affix_break_up
affixRawUnits=4:1303
slotId=9:random_01
slotKind=6:Random
affixId=21:affix_nian_efficiency
affixValueProfileId=37:candidate_value_affix_nian_efficiency
affixRawUnits=4:1338
eligibleCoreEffectId=22:candidate_core_i005_01
eligibleCoreEffectId=22:candidate_core_i005_02
eligibleCoreEffectId=22:candidate_core_i005_03
eligibleCoreEffectId=22:candidate_core_i005_04
eligibleCoreEffectId=28:candidate_core_i005_ultimate
visibleCoreEffectId=22:candidate_core_i005_01
visibleCoreEffectId=22:candidate_core_i005_02
visibleCoreEffectId=22:candidate_core_i005_03
visibleCoreEffectId=22:candidate_core_i005_04
visibleCoreEffectId=28:candidate_core_i005_ultimate
buildQualification=9:FaMenOnly
","schemaId=32:ItemGeneratedInstanceSnapshot.v1
generationAlgorithmId=21:item-instance-roll-v1
generationDataStatus=63:QA_FIXTURE_ONLY|NOT_BALANCE_APPROVED|NOT_FORMAL_GENERATION_DATA
itemInstanceId=21:wb_i005_orange_150025
baseItemId=4:I005
rarity=6:orange
generationVersion=1:1
rootSeed=6:150025
cultivationPotentialProfileId=34:candidate_core_profile_i005_orange
statId=5:break
statRawUnits=2:40
statId=7:control
statRawUnits=2:10
statId=8:cooldown
statRawUnits=1:3
statId=8:nianCost
statRawUnits=1:3
slotId=8:fixed_01
slotKind=5:Fixed
affixId=14:affix_break_up
affixValueProfileId=30:candidate_value_affix_break_up
affixRawUnits=4:1303
slotId=9:random_01
slotKind=6:Random
affixId=21:affix_nian_efficiency
affixValueProfileId=37:candidate_value_affix_nian_efficiency
affixRawUnits=4:1338
eligibleCoreEffectId=22:candidate_core_i005_01
eligibleCoreEffectId=22:candidate_core_i005_02
eligibleCoreEffectId=22:candidate_core_i005_03
eligibleCoreEffectId=22:candidate_core_i005_04
eligibleCoreEffectId=28:candidate_core_i005_ultimate
visibleCoreEffectId=22:candidate_core_i005_01
visibleCoreEffectId=22:candidate_core_i005_02
visibleCoreEffectId=22:candidate_core_i005_03
visibleCoreEffectId=22:candidate_core_i005_04
visibleCoreEffectId=28:candidate_core_i005_ultimate
buildQualification=9:FaMenOnly
",PASS
roll.I006@white,roll_150,PASS,PASS,PASS
projection.I006@white,projection_150,PASS,PASS,PASS
determinism.I006@white,determinism_150,"schemaId=32:ItemGeneratedInstanceSnapshot.v1
generationAlgorithmId=21:item-instance-roll-v1
generationDataStatus=63:QA_FIXTURE_ONLY|NOT_BALANCE_APPROVED|NOT_FORMAL_GENERATION_DATA
itemInstanceId=20:wb_i006_white_150026
baseItemId=4:I006
rarity=5:white
generationVersion=1:1
rootSeed=6:150026
cultivationPotentialProfileId=33:candidate_core_profile_i006_white
statId=7:control
statRawUnits=1:1
statId=8:cooldown
statRawUnits=1:8
statId=6:damage
statRawUnits=2:28
statId=8:nianCost
statRawUnits=1:8
slotId=8:fixed_01
slotKind=5:Fixed
affixId=15:affix_damage_up
affixValueProfileId=31:candidate_value_affix_damage_up
affixRawUnits=3:243
slotId=9:random_01
slotKind=6:Random
affixId=16:affix_control_up
affixValueProfileId=32:candidate_value_affix_control_up
affixRawUnits=1:1
eligibleCoreEffectId=22:candidate_core_i006_01
visibleCoreEffectId=22:candidate_core_i006_01
buildQualification=4:None
","schemaId=32:ItemGeneratedInstanceSnapshot.v1
generationAlgorithmId=21:item-instance-roll-v1
generationDataStatus=63:QA_FIXTURE_ONLY|NOT_BALANCE_APPROVED|NOT_FORMAL_GENERATION_DATA
itemInstanceId=20:wb_i006_white_150026
baseItemId=4:I006
rarity=5:white
generationVersion=1:1
rootSeed=6:150026
cultivationPotentialProfileId=33:candidate_core_profile_i006_white
statId=7:control
statRawUnits=1:1
statId=8:cooldown
statRawUnits=1:8
statId=6:damage
statRawUnits=2:28
statId=8:nianCost
statRawUnits=1:8
slotId=8:fixed_01
slotKind=5:Fixed
affixId=15:affix_damage_up
affixValueProfileId=31:candidate_value_affix_damage_up
affixRawUnits=3:243
slotId=9:random_01
slotKind=6:Random
affixId=16:affix_control_up
affixValueProfileId=32:candidate_value_affix_control_up
affixRawUnits=1:1
eligibleCoreEffectId=22:candidate_core_i006_01
visibleCoreEffectId=22:candidate_core_i006_01
buildQualification=4:None
",PASS
roll.I006@green,roll_150,PASS,PASS,PASS
projection.I006@green,projection_150,PASS,PASS,PASS
determinism.I006@green,determinism_150,"schemaId=32:ItemGeneratedInstanceSnapshot.v1
generationAlgorithmId=21:item-instance-roll-v1
generationDataStatus=63:QA_FIXTURE_ONLY|NOT_BALANCE_APPROVED|NOT_FORMAL_GENERATION_DATA
itemInstanceId=20:wb_i006_green_150027
baseItemId=4:I006
rarity=5:green
generationVersion=1:1
rootSeed=6:150027
cultivationPotentialProfileId=33:candidate_core_profile_i006_green
statId=7:control
statRawUnits=1:3
statId=8:cooldown
statRawUnits=1:7
statId=6:damage
statRawUnits=2:42
statId=8:nianCost
statRawUnits=1:7
slotId=8:fixed_01
slotKind=5:Fixed
affixId=15:affix_damage_up
affixValueProfileId=31:candidate_value_affix_damage_up
affixRawUnits=3:386
slotId=9:random_01
slotKind=6:Random
affixId=24:affix_cooldown_reduction
affixValueProfileId=40:candidate_value_affix_cooldown_reduction
affixRawUnits=3:438
eligibleCoreEffectId=22:candidate_core_i006_01
eligibleCoreEffectId=22:candidate_core_i006_02
visibleCoreEffectId=22:candidate_core_i006_01
visibleCoreEffectId=22:candidate_core_i006_02
buildQualification=4:None
","schemaId=32:ItemGeneratedInstanceSnapshot.v1
generationAlgorithmId=21:item-instance-roll-v1
generationDataStatus=63:QA_FIXTURE_ONLY|NOT_BALANCE_APPROVED|NOT_FORMAL_GENERATION_DATA
itemInstanceId=20:wb_i006_green_150027
baseItemId=4:I006
rarity=5:green
generationVersion=1:1
rootSeed=6:150027
cultivationPotentialProfileId=33:candidate_core_profile_i006_green
statId=7:control
statRawUnits=1:3
statId=8:cooldown
statRawUnits=1:7
statId=6:damage
statRawUnits=2:42
statId=8:nianCost
statRawUnits=1:7
slotId=8:fixed_01
slotKind=5:Fixed
affixId=15:affix_damage_up
affixValueProfileId=31:candidate_value_affix_damage_up
affixRawUnits=3:386
slotId=9:random_01
slotKind=6:Random
affixId=24:affix_cooldown_reduction
affixValueProfileId=40:candidate_value_affix_cooldown_reduction
affixRawUnits=3:438
eligibleCoreEffectId=22:candidate_core_i006_01
eligibleCoreEffectId=22:candidate_core_i006_02
visibleCoreEffectId=22:candidate_core_i006_01
visibleCoreEffectId=22:candidate_core_i006_02
buildQualification=4:None
",PASS
roll.I006@blue,roll_150,PASS,PASS,PASS
projection.I006@blue,projection_150,PASS,PASS,PASS
determinism.I006@blue,determinism_150,"schemaId=32:ItemGeneratedInstanceSnapshot.v1
generationAlgorithmId=21:item-instance-roll-v1
generationDataStatus=63:QA_FIXTURE_ONLY|NOT_BALANCE_APPROVED|NOT_FORMAL_GENERATION_DATA
itemInstanceId=19:wb_i006_blue_150028
baseItemId=4:I006
rarity=4:blue
generationVersion=1:1
rootSeed=6:150028
cultivationPotentialProfileId=32:candidate_core_profile_i006_blue
statId=7:control
statRawUnits=1:6
statId=8:cooldown
statRawUnits=1:6
statId=6:damage
statRawUnits=2:42
statId=8:nianCost
statRawUnits=1:7
slotId=8:fixed_01
slotKind=5:Fixed
affixId=15:affix_damage_up
affixValueProfileId=31:candidate_value_affix_damage_up
affixRawUnits=3:735
slotId=9:random_01
slotKind=6:Random
affixId=21:affix_nian_efficiency
affixValueProfileId=37:candidate_value_affix_nian_efficiency
affixRawUnits=3:800
eligibleCoreEffectId=22:candidate_core_i006_01
eligibleCoreEffectId=22:candidate_core_i006_02
eligibleCoreEffectId=22:candidate_core_i006_03
visibleCoreEffectId=22:candidate_core_i006_01
visibleCoreEffectId=22:candidate_core_i006_02
visibleCoreEffectId=22:candidate_core_i006_03
buildQualification=9:QiLeiOnly
","schemaId=32:ItemGeneratedInstanceSnapshot.v1
generationAlgorithmId=21:item-instance-roll-v1
generationDataStatus=63:QA_FIXTURE_ONLY|NOT_BALANCE_APPROVED|NOT_FORMAL_GENERATION_DATA
itemInstanceId=19:wb_i006_blue_150028
baseItemId=4:I006
rarity=4:blue
generationVersion=1:1
rootSeed=6:150028
cultivationPotentialProfileId=32:candidate_core_profile_i006_blue
statId=7:control
statRawUnits=1:6
statId=8:cooldown
statRawUnits=1:6
statId=6:damage
statRawUnits=2:42
statId=8:nianCost
statRawUnits=1:7
slotId=8:fixed_01
slotKind=5:Fixed
affixId=15:affix_damage_up
affixValueProfileId=31:candidate_value_affix_damage_up
affixRawUnits=3:735
slotId=9:random_01
slotKind=6:Random
affixId=21:affix_nian_efficiency
affixValueProfileId=37:candidate_value_affix_nian_efficiency
affixRawUnits=3:800
eligibleCoreEffectId=22:candidate_core_i006_01
eligibleCoreEffectId=22:candidate_core_i006_02
eligibleCoreEffectId=22:candidate_core_i006_03
visibleCoreEffectId=22:candidate_core_i006_01
visibleCoreEffectId=22:candidate_core_i006_02
visibleCoreEffectId=22:candidate_core_i006_03
buildQualification=9:QiLeiOnly
",PASS
roll.I006@purple,roll_150,PASS,PASS,PASS
projection.I006@purple,projection_150,PASS,PASS,PASS
determinism.I006@purple,determinism_150,"schemaId=32:ItemGeneratedInstanceSnapshot.v1
generationAlgorithmId=21:item-instance-roll-v1
generationDataStatus=63:QA_FIXTURE_ONLY|NOT_BALANCE_APPROVED|NOT_FORMAL_GENERATION_DATA
itemInstanceId=21:wb_i006_purple_150029
baseItemId=4:I006
rarity=6:purple
generationVersion=1:1
rootSeed=6:150029
cultivationPotentialProfileId=34:candidate_core_profile_i006_purple
statId=7:control
statRawUnits=1:8
statId=8:cooldown
statRawUnits=1:6
statId=6:damage
statRawUnits=2:58
statId=8:nianCost
statRawUnits=1:6
slotId=8:fixed_01
slotKind=5:Fixed
affixId=15:affix_damage_up
affixValueProfileId=31:candidate_value_affix_damage_up
affixRawUnits=4:1252
slotId=9:random_01
slotKind=6:Random
affixId=16:affix_control_up
affixValueProfileId=32:candidate_value_affix_control_up
affixRawUnits=1:8
eligibleCoreEffectId=22:candidate_core_i006_01
eligibleCoreEffectId=22:candidate_core_i006_02
eligibleCoreEffectId=22:candidate_core_i006_03
eligibleCoreEffectId=22:candidate_core_i006_04
visibleCoreEffectId=22:candidate_core_i006_01
visibleCoreEffectId=22:candidate_core_i006_02
visibleCoreEffectId=22:candidate_core_i006_03
visibleCoreEffectId=22:candidate_core_i006_04
buildQualification=9:QiLeiOnly
","schemaId=32:ItemGeneratedInstanceSnapshot.v1
generationAlgorithmId=21:item-instance-roll-v1
generationDataStatus=63:QA_FIXTURE_ONLY|NOT_BALANCE_APPROVED|NOT_FORMAL_GENERATION_DATA
itemInstanceId=21:wb_i006_purple_150029
baseItemId=4:I006
rarity=6:purple
generationVersion=1:1
rootSeed=6:150029
cultivationPotentialProfileId=34:candidate_core_profile_i006_purple
statId=7:control
statRawUnits=1:8
statId=8:cooldown
statRawUnits=1:6
statId=6:damage
statRawUnits=2:58
statId=8:nianCost
statRawUnits=1:6
slotId=8:fixed_01
slotKind=5:Fixed
affixId=15:affix_damage_up
affixValueProfileId=31:candidate_value_affix_damage_up
affixRawUnits=4:1252
slotId=9:random_01
slotKind=6:Random
affixId=16:affix_control_up
affixValueProfileId=32:candidate_value_affix_control_up
affixRawUnits=1:8
eligibleCoreEffectId=22:candidate_core_i006_01
eligibleCoreEffectId=22:candidate_core_i006_02
eligibleCoreEffectId=22:candidate_core_i006_03
eligibleCoreEffectId=22:candidate_core_i006_04
visibleCoreEffectId=22:candidate_core_i006_01
visibleCoreEffectId=22:candidate_core_i006_02
visibleCoreEffectId=22:candidate_core_i006_03
visibleCoreEffectId=22:candidate_core_i006_04
buildQualification=9:QiLeiOnly
",PASS
roll.I006@orange,roll_150,PASS,PASS,PASS
projection.I006@orange,projection_150,PASS,PASS,PASS
determinism.I006@orange,determinism_150,"schemaId=32:ItemGeneratedInstanceSnapshot.v1
generationAlgorithmId=21:item-instance-roll-v1
generationDataStatus=63:QA_FIXTURE_ONLY|NOT_BALANCE_APPROVED|NOT_FORMAL_GENERATION_DATA
itemInstanceId=21:wb_i006_orange_150030
baseItemId=4:I006
rarity=6:orange
generationVersion=1:1
rootSeed=6:150030
cultivationPotentialProfileId=34:candidate_core_profile_i006_orange
statId=7:control
statRawUnits=2:10
statId=8:cooldown
statRawUnits=1:5
statId=6:damage
statRawUnits=2:61
statId=8:nianCost
statRawUnits=1:5
slotId=8:fixed_01
slotKind=5:Fixed
affixId=15:affix_damage_up
affixValueProfileId=31:candidate_value_affix_damage_up
affixRawUnits=4:1482
slotId=9:random_01
slotKind=6:Random
affixId=21:affix_nian_efficiency
affixValueProfileId=37:candidate_value_affix_nian_efficiency
affixRawUnits=4:1609
eligibleCoreEffectId=22:candidate_core_i006_01
eligibleCoreEffectId=22:candidate_core_i006_02
eligibleCoreEffectId=22:candidate_core_i006_03
eligibleCoreEffectId=22:candidate_core_i006_04
eligibleCoreEffectId=28:candidate_core_i006_ultimate
visibleCoreEffectId=22:candidate_core_i006_01
visibleCoreEffectId=22:candidate_core_i006_02
visibleCoreEffectId=22:candidate_core_i006_03
visibleCoreEffectId=22:candidate_core_i006_04
visibleCoreEffectId=28:candidate_core_i006_ultimate
buildQualification=4:Dual
","schemaId=32:ItemGeneratedInstanceSnapshot.v1
generationAlgorithmId=21:item-instance-roll-v1
generationDataStatus=63:QA_FIXTURE_ONLY|NOT_BALANCE_APPROVED|NOT_FORMAL_GENERATION_DATA
itemInstanceId=21:wb_i006_orange_150030
baseItemId=4:I006
rarity=6:orange
generationVersion=1:1
rootSeed=6:150030
cultivationPotentialProfileId=34:candidate_core_profile_i006_orange
statId=7:control
statRawUnits=2:10
statId=8:cooldown
statRawUnits=1:5
statId=6:damage
statRawUnits=2:61
statId=8:nianCost
statRawUnits=1:5
slotId=8:fixed_01
slotKind=5:Fixed
affixId=15:affix_damage_up
affixValueProfileId=31:candidate_value_affix_damage_up
affixRawUnits=4:1482
slotId=9:random_01
slotKind=6:Random
affixId=21:affix_nian_efficiency
affixValueProfileId=37:candidate_value_affix_nian_efficiency
affixRawUnits=4:1609
eligibleCoreEffectId=22:candidate_core_i006_01
eligibleCoreEffectId=22:candidate_core_i006_02
eligibleCoreEffectId=22:candidate_core_i006_03
eligibleCoreEffectId=22:candidate_core_i006_04
eligibleCoreEffectId=28:candidate_core_i006_ultimate
visibleCoreEffectId=22:candidate_core_i006_01
visibleCoreEffectId=22:candidate_core_i006_02
visibleCoreEffectId=22:candidate_core_i006_03
visibleCoreEffectId=22:candidate_core_i006_04
visibleCoreEffectId=28:candidate_core_i006_ultimate
buildQualification=4:Dual
",PASS
roll.I007@white,roll_150,PASS,PASS,PASS
projection.I007@white,projection_150,PASS,PASS,PASS
determinism.I007@white,determinism_150,"schemaId=32:ItemGeneratedInstanceSnapshot.v1
generationAlgorithmId=21:item-instance-roll-v1
generationDataStatus=63:QA_FIXTURE_ONLY|NOT_BALANCE_APPROVED|NOT_FORMAL_GENERATION_DATA
itemInstanceId=20:wb_i007_white_150031
baseItemId=4:I007
rarity=5:white
generationVersion=1:1
rootSeed=6:150031
cultivationPotentialProfileId=33:candidate_core_profile_i007_white
statId=8:cooldown
statRawUnits=1:5
statId=6:damage
statRawUnits=1:9
statId=8:duration
statRawUnits=1:1
statId=8:nianCost
statRawUnits=1:4
slotId=8:fixed_01
slotKind=5:Fixed
affixId=15:affix_damage_up
affixValueProfileId=31:candidate_value_affix_damage_up
affixRawUnits=3:320
slotId=9:random_01
slotKind=6:Random
affixId=17:affix_duration_up
affixValueProfileId=33:candidate_value_affix_duration_up
affixRawUnits=1:1
eligibleCoreEffectId=22:candidate_core_i007_01
visibleCoreEffectId=22:candidate_core_i007_01
buildQualification=4:None
","schemaId=32:ItemGeneratedInstanceSnapshot.v1
generationAlgorithmId=21:item-instance-roll-v1
generationDataStatus=63:QA_FIXTURE_ONLY|NOT_BALANCE_APPROVED|NOT_FORMAL_GENERATION_DATA
itemInstanceId=20:wb_i007_white_150031
baseItemId=4:I007
rarity=5:white
generationVersion=1:1
rootSeed=6:150031
cultivationPotentialProfileId=33:candidate_core_profile_i007_white
statId=8:cooldown
statRawUnits=1:5
statId=6:damage
statRawUnits=1:9
statId=8:duration
statRawUnits=1:1
statId=8:nianCost
statRawUnits=1:4
slotId=8:fixed_01
slotKind=5:Fixed
affixId=15:affix_damage_up
affixValueProfileId=31:candidate_value_affix_damage_up
affixRawUnits=3:320
slotId=9:random_01
slotKind=6:Random
affixId=17:affix_duration_up
affixValueProfileId=33:candidate_value_affix_duration_up
affixRawUnits=1:1
eligibleCoreEffectId=22:candidate_core_i007_01
visibleCoreEffectId=22:candidate_core_i007_01
buildQualification=4:None
",PASS
roll.I007@green,roll_150,PASS,PASS,PASS
projection.I007@green,projection_150,PASS,PASS,PASS
determinism.I007@green,determinism_150,"schemaId=32:ItemGeneratedInstanceSnapshot.v1
generationAlgorithmId=21:item-instance-roll-v1
generationDataStatus=63:QA_FIXTURE_ONLY|NOT_BALANCE_APPROVED|NOT_FORMAL_GENERATION_DATA
itemInstanceId=20:wb_i007_green_150032
baseItemId=4:I007
rarity=5:green
generationVersion=1:1
rootSeed=6:150032
cultivationPotentialProfileId=33:candidate_core_profile_i007_green
statId=8:cooldown
statRawUnits=1:5
statId=6:damage
statRawUnits=2:16
statId=8:duration
statRawUnits=1:3
statId=8:nianCost
statRawUnits=1:4
slotId=8:fixed_01
slotKind=5:Fixed
affixId=15:affix_damage_up
affixValueProfileId=31:candidate_value_affix_damage_up
affixRawUnits=3:506
slotId=9:random_01
slotKind=6:Random
affixId=17:affix_duration_up
affixValueProfileId=33:candidate_value_affix_duration_up
affixRawUnits=1:4
eligibleCoreEffectId=22:candidate_core_i007_01
eligibleCoreEffectId=22:candidate_core_i007_02
visibleCoreEffectId=22:candidate_core_i007_01
visibleCoreEffectId=22:candidate_core_i007_02
buildQualification=4:None
","schemaId=32:ItemGeneratedInstanceSnapshot.v1
generationAlgorithmId=21:item-instance-roll-v1
generationDataStatus=63:QA_FIXTURE_ONLY|NOT_BALANCE_APPROVED|NOT_FORMAL_GENERATION_DATA
itemInstanceId=20:wb_i007_green_150032
baseItemId=4:I007
rarity=5:green
generationVersion=1:1
rootSeed=6:150032
cultivationPotentialProfileId=33:candidate_core_profile_i007_green
statId=8:cooldown
statRawUnits=1:5
statId=6:damage
statRawUnits=2:16
statId=8:duration
statRawUnits=1:3
statId=8:nianCost
statRawUnits=1:4
slotId=8:fixed_01
slotKind=5:Fixed
affixId=15:affix_damage_up
affixValueProfileId=31:candidate_value_affix_damage_up
affixRawUnits=3:506
slotId=9:random_01
slotKind=6:Random
affixId=17:affix_duration_up
affixValueProfileId=33:candidate_value_affix_duration_up
affixRawUnits=1:4
eligibleCoreEffectId=22:candidate_core_i007_01
eligibleCoreEffectId=22:candidate_core_i007_02
visibleCoreEffectId=22:candidate_core_i007_01
visibleCoreEffectId=22:candidate_core_i007_02
buildQualification=4:None
",PASS
roll.I007@blue,roll_150,PASS,PASS,PASS
projection.I007@blue,projection_150,PASS,PASS,PASS
determinism.I007@blue,determinism_150,"schemaId=32:ItemGeneratedInstanceSnapshot.v1
generationAlgorithmId=21:item-instance-roll-v1
generationDataStatus=63:QA_FIXTURE_ONLY|NOT_BALANCE_APPROVED|NOT_FORMAL_GENERATION_DATA
itemInstanceId=19:wb_i007_blue_150033
baseItemId=4:I007
rarity=4:blue
generationVersion=1:1
rootSeed=6:150033
cultivationPotentialProfileId=32:candidate_core_profile_i007_blue
statId=8:cooldown
statRawUnits=1:4
statId=6:damage
statRawUnits=2:18
statId=8:duration
statRawUnits=1:5
statId=8:nianCost
statRawUnits=1:3
slotId=8:fixed_01
slotKind=5:Fixed
affixId=15:affix_damage_up
affixValueProfileId=31:candidate_value_affix_damage_up
affixRawUnits=3:896
slotId=9:random_01
slotKind=6:Random
affixId=17:affix_duration_up
affixValueProfileId=33:candidate_value_affix_duration_up
affixRawUnits=1:3
eligibleCoreEffectId=22:candidate_core_i007_01
eligibleCoreEffectId=22:candidate_core_i007_02
eligibleCoreEffectId=22:candidate_core_i007_03
visibleCoreEffectId=22:candidate_core_i007_01
visibleCoreEffectId=22:candidate_core_i007_02
visibleCoreEffectId=22:candidate_core_i007_03
buildQualification=4:None
","schemaId=32:ItemGeneratedInstanceSnapshot.v1
generationAlgorithmId=21:item-instance-roll-v1
generationDataStatus=63:QA_FIXTURE_ONLY|NOT_BALANCE_APPROVED|NOT_FORMAL_GENERATION_DATA
itemInstanceId=19:wb_i007_blue_150033
baseItemId=4:I007
rarity=4:blue
generationVersion=1:1
rootSeed=6:150033
cultivationPotentialProfileId=32:candidate_core_profile_i007_blue
statId=8:cooldown
statRawUnits=1:4
statId=6:damage
statRawUnits=2:18
statId=8:duration
statRawUnits=1:5
statId=8:nianCost
statRawUnits=1:3
slotId=8:fixed_01
slotKind=5:Fixed
affixId=15:affix_damage_up
affixValueProfileId=31:candidate_value_affix_damage_up
affixRawUnits=3:896
slotId=9:random_01
slotKind=6:Random
affixId=17:affix_duration_up
affixValueProfileId=33:candidate_value_affix_duration_up
affixRawUnits=1:3
eligibleCoreEffectId=22:candidate_core_i007_01
eligibleCoreEffectId=22:candidate_core_i007_02
eligibleCoreEffectId=22:candidate_core_i007_03
visibleCoreEffectId=22:candidate_core_i007_01
visibleCoreEffectId=22:candidate_core_i007_02
visibleCoreEffectId=22:candidate_core_i007_03
buildQualification=4:None
",PASS
roll.I007@purple,roll_150,PASS,PASS,PASS
projection.I007@purple,projection_150,PASS,PASS,PASS
determinism.I007@purple,determinism_150,"schemaId=32:ItemGeneratedInstanceSnapshot.v1
generationAlgorithmId=21:item-instance-roll-v1
generationDataStatus=63:QA_FIXTURE_ONLY|NOT_BALANCE_APPROVED|NOT_FORMAL_GENERATION_DATA
itemInstanceId=21:wb_i007_purple_150034
baseItemId=4:I007
rarity=6:purple
generationVersion=1:1
rootSeed=6:150034
cultivationPotentialProfileId=34:candidate_core_profile_i007_purple
statId=8:cooldown
statRawUnits=1:3
statId=6:damage
statRawUnits=2:22
statId=8:duration
statRawUnits=1:4
statId=8:nianCost
statRawUnits=1:3
slotId=8:fixed_01
slotKind=5:Fixed
affixId=15:affix_damage_up
affixValueProfileId=31:candidate_value_affix_damage_up
affixRawUnits=4:1108
slotId=9:random_01
slotKind=6:Random
affixId=17:affix_duration_up
affixValueProfileId=33:candidate_value_affix_duration_up
affixRawUnits=1:4
eligibleCoreEffectId=22:candidate_core_i007_01
eligibleCoreEffectId=22:candidate_core_i007_02
eligibleCoreEffectId=22:candidate_core_i007_03
eligibleCoreEffectId=22:candidate_core_i007_04
visibleCoreEffectId=22:candidate_core_i007_01
visibleCoreEffectId=22:candidate_core_i007_02
visibleCoreEffectId=22:candidate_core_i007_03
visibleCoreEffectId=22:candidate_core_i007_04
buildQualification=9:QiLeiOnly
","schemaId=32:ItemGeneratedInstanceSnapshot.v1
generationAlgorithmId=21:item-instance-roll-v1
generationDataStatus=63:QA_FIXTURE_ONLY|NOT_BALANCE_APPROVED|NOT_FORMAL_GENERATION_DATA
itemInstanceId=21:wb_i007_purple_150034
baseItemId=4:I007
rarity=6:purple
generationVersion=1:1
rootSeed=6:150034
cultivationPotentialProfileId=34:candidate_core_profile_i007_purple
statId=8:cooldown
statRawUnits=1:3
statId=6:damage
statRawUnits=2:22
statId=8:duration
statRawUnits=1:4
statId=8:nianCost
statRawUnits=1:3
slotId=8:fixed_01
slotKind=5:Fixed
affixId=15:affix_damage_up
affixValueProfileId=31:candidate_value_affix_damage_up
affixRawUnits=4:1108
slotId=9:random_01
slotKind=6:Random
affixId=17:affix_duration_up
affixValueProfileId=33:candidate_value_affix_duration_up
affixRawUnits=1:4
eligibleCoreEffectId=22:candidate_core_i007_01
eligibleCoreEffectId=22:candidate_core_i007_02
eligibleCoreEffectId=22:candidate_core_i007_03
eligibleCoreEffectId=22:candidate_core_i007_04
visibleCoreEffectId=22:candidate_core_i007_01
visibleCoreEffectId=22:candidate_core_i007_02
visibleCoreEffectId=22:candidate_core_i007_03
visibleCoreEffectId=22:candidate_core_i007_04
buildQualification=9:QiLeiOnly
",PASS
roll.I007@orange,roll_150,PASS,PASS,PASS
projection.I007@orange,projection_150,PASS,PASS,PASS
determinism.I007@orange,determinism_150,"schemaId=32:ItemGeneratedInstanceSnapshot.v1
generationAlgorithmId=21:item-instance-roll-v1
generationDataStatus=63:QA_FIXTURE_ONLY|NOT_BALANCE_APPROVED|NOT_FORMAL_GENERATION_DATA
itemInstanceId=21:wb_i007_orange_150035
baseItemId=4:I007
rarity=6:orange
generationVersion=1:1
rootSeed=6:150035
cultivationPotentialProfileId=34:candidate_core_profile_i007_orange
statId=8:cooldown
statRawUnits=1:3
statId=6:damage
statRawUnits=2:23
statId=8:duration
statRawUnits=1:5
statId=8:nianCost
statRawUnits=1:2
slotId=8:fixed_01
slotKind=5:Fixed
affixId=15:affix_damage_up
affixValueProfileId=31:candidate_value_affix_damage_up
affixRawUnits=4:1536
slotId=9:random_01
slotKind=6:Random
affixId=17:affix_duration_up
affixValueProfileId=33:candidate_value_affix_duration_up
affixRawUnits=1:6
eligibleCoreEffectId=22:candidate_core_i007_01
eligibleCoreEffectId=22:candidate_core_i007_02
eligibleCoreEffectId=22:candidate_core_i007_03
eligibleCoreEffectId=22:candidate_core_i007_04
eligibleCoreEffectId=28:candidate_core_i007_ultimate
visibleCoreEffectId=22:candidate_core_i007_01
visibleCoreEffectId=22:candidate_core_i007_02
visibleCoreEffectId=22:candidate_core_i007_03
visibleCoreEffectId=22:candidate_core_i007_04
visibleCoreEffectId=28:candidate_core_i007_ultimate
buildQualification=4:Dual
","schemaId=32:ItemGeneratedInstanceSnapshot.v1
generationAlgorithmId=21:item-instance-roll-v1
generationDataStatus=63:QA_FIXTURE_ONLY|NOT_BALANCE_APPROVED|NOT_FORMAL_GENERATION_DATA
itemInstanceId=21:wb_i007_orange_150035
baseItemId=4:I007
rarity=6:orange
generationVersion=1:1
rootSeed=6:150035
cultivationPotentialProfileId=34:candidate_core_profile_i007_orange
statId=8:cooldown
statRawUnits=1:3
statId=6:damage
statRawUnits=2:23
statId=8:duration
statRawUnits=1:5
statId=8:nianCost
statRawUnits=1:2
slotId=8:fixed_01
slotKind=5:Fixed
affixId=15:affix_damage_up
affixValueProfileId=31:candidate_value_affix_damage_up
affixRawUnits=4:1536
slotId=9:random_01
slotKind=6:Random
affixId=17:affix_duration_up
affixValueProfileId=33:candidate_value_affix_duration_up
affixRawUnits=1:6
eligibleCoreEffectId=22:candidate_core_i007_01
eligibleCoreEffectId=22:candidate_core_i007_02
eligibleCoreEffectId=22:candidate_core_i007_03
eligibleCoreEffectId=22:candidate_core_i007_04
eligibleCoreEffectId=28:candidate_core_i007_ultimate
visibleCoreEffectId=22:candidate_core_i007_01
visibleCoreEffectId=22:candidate_core_i007_02
visibleCoreEffectId=22:candidate_core_i007_03
visibleCoreEffectId=22:candidate_core_i007_04
visibleCoreEffectId=28:candidate_core_i007_ultimate
buildQualification=4:Dual
",PASS
roll.I008@white,roll_150,PASS,PASS,PASS
projection.I008@white,projection_150,PASS,PASS,PASS
determinism.I008@white,determinism_150,"schemaId=32:ItemGeneratedInstanceSnapshot.v1
generationAlgorithmId=21:item-instance-roll-v1
generationDataStatus=63:QA_FIXTURE_ONLY|NOT_BALANCE_APPROVED|NOT_FORMAL_GENERATION_DATA
itemInstanceId=20:wb_i008_white_150036
baseItemId=4:I008
rarity=5:white
generationVersion=1:1
rootSeed=6:150036
cultivationPotentialProfileId=33:candidate_core_profile_i008_white
statId=8:cooldown
statRawUnits=1:6
statId=6:damage
statRawUnits=2:13
statId=8:duration
statRawUnits=1:1
statId=8:nianCost
statRawUnits=1:5
slotId=8:fixed_01
slotKind=5:Fixed
affixId=15:affix_damage_up
affixValueProfileId=31:candidate_value_affix_damage_up
affixRawUnits=3:362
slotId=9:random_01
slotKind=6:Random
affixId=24:affix_cooldown_reduction
affixValueProfileId=40:candidate_value_affix_cooldown_reduction
affixRawUnits=3:215
eligibleCoreEffectId=22:candidate_core_i008_01
visibleCoreEffectId=22:candidate_core_i008_01
buildQualification=4:None
","schemaId=32:ItemGeneratedInstanceSnapshot.v1
generationAlgorithmId=21:item-instance-roll-v1
generationDataStatus=63:QA_FIXTURE_ONLY|NOT_BALANCE_APPROVED|NOT_FORMAL_GENERATION_DATA
itemInstanceId=20:wb_i008_white_150036
baseItemId=4:I008
rarity=5:white
generationVersion=1:1
rootSeed=6:150036
cultivationPotentialProfileId=33:candidate_core_profile_i008_white
statId=8:cooldown
statRawUnits=1:6
statId=6:damage
statRawUnits=2:13
statId=8:duration
statRawUnits=1:1
statId=8:nianCost
statRawUnits=1:5
slotId=8:fixed_01
slotKind=5:Fixed
affixId=15:affix_damage_up
affixValueProfileId=31:candidate_value_affix_damage_up
affixRawUnits=3:362
slotId=9:random_01
slotKind=6:Random
affixId=24:affix_cooldown_reduction
affixValueProfileId=40:candidate_value_affix_cooldown_reduction
affixRawUnits=3:215
eligibleCoreEffectId=22:candidate_core_i008_01
visibleCoreEffectId=22:candidate_core_i008_01
buildQualification=4:None
",PASS
roll.I008@green,roll_150,PASS,PASS,PASS
projection.I008@green,projection_150,PASS,PASS,PASS
determinism.I008@green,determinism_150,"schemaId=32:ItemGeneratedInstanceSnapshot.v1
generationAlgorithmId=21:item-instance-roll-v1
generationDataStatus=63:QA_FIXTURE_ONLY|NOT_BALANCE_APPROVED|NOT_FORMAL_GENERATION_DATA
itemInstanceId=20:wb_i008_green_150037
baseItemId=4:I008
rarity=5:green
generationVersion=1:1
rootSeed=6:150037
cultivationPotentialProfileId=33:candidate_core_profile_i008_green
statId=8:cooldown
statRawUnits=1:5
statId=6:damage
statRawUnits=2:22
statId=8:duration
statRawUnits=1:2
statId=8:nianCost
statRawUnits=1:5
slotId=8:fixed_01
slotKind=5:Fixed
affixId=15:affix_damage_up
affixValueProfileId=31:candidate_value_affix_damage_up
affixRawUnits=3:507
slotId=9:random_01
slotKind=6:Random
affixId=21:affix_nian_efficiency
affixValueProfileId=37:candidate_value_affix_nian_efficiency
affixRawUnits=3:526
eligibleCoreEffectId=22:candidate_core_i008_01
eligibleCoreEffectId=22:candidate_core_i008_02
visibleCoreEffectId=22:candidate_core_i008_01
visibleCoreEffectId=22:candidate_core_i008_02
buildQualification=4:None
","schemaId=32:ItemGeneratedInstanceSnapshot.v1
generationAlgorithmId=21:item-instance-roll-v1
generationDataStatus=63:QA_FIXTURE_ONLY|NOT_BALANCE_APPROVED|NOT_FORMAL_GENERATION_DATA
itemInstanceId=20:wb_i008_green_150037
baseItemId=4:I008
rarity=5:green
generationVersion=1:1
rootSeed=6:150037
cultivationPotentialProfileId=33:candidate_core_profile_i008_green
statId=8:cooldown
statRawUnits=1:5
statId=6:damage
statRawUnits=2:22
statId=8:duration
statRawUnits=1:2
statId=8:nianCost
statRawUnits=1:5
slotId=8:fixed_01
slotKind=5:Fixed
affixId=15:affix_damage_up
affixValueProfileId=31:candidate_value_affix_damage_up
affixRawUnits=3:507
slotId=9:random_01
slotKind=6:Random
affixId=21:affix_nian_efficiency
affixValueProfileId=37:candidate_value_affix_nian_efficiency
affixRawUnits=3:526
eligibleCoreEffectId=22:candidate_core_i008_01
eligibleCoreEffectId=22:candidate_core_i008_02
visibleCoreEffectId=22:candidate_core_i008_01
visibleCoreEffectId=22:candidate_core_i008_02
buildQualification=4:None
",PASS
roll.I008@blue,roll_150,PASS,PASS,PASS
projection.I008@blue,projection_150,PASS,PASS,PASS
determinism.I008@blue,determinism_150,"schemaId=32:ItemGeneratedInstanceSnapshot.v1
generationAlgorithmId=21:item-instance-roll-v1
generationDataStatus=63:QA_FIXTURE_ONLY|NOT_BALANCE_APPROVED|NOT_FORMAL_GENERATION_DATA
itemInstanceId=19:wb_i008_blue_150038
baseItemId=4:I008
rarity=4:blue
generationVersion=1:1
rootSeed=6:150038
cultivationPotentialProfileId=32:candidate_core_profile_i008_blue
statId=8:cooldown
statRawUnits=1:4
statId=6:damage
statRawUnits=2:25
statId=8:duration
statRawUnits=1:4
statId=8:nianCost
statRawUnits=1:5
slotId=8:fixed_01
slotKind=5:Fixed
affixId=15:affix_damage_up
affixValueProfileId=31:candidate_value_affix_damage_up
affixRawUnits=3:782
slotId=9:random_01
slotKind=6:Random
affixId=24:affix_cooldown_reduction
affixValueProfileId=40:candidate_value_affix_cooldown_reduction
affixRawUnits=3:809
eligibleCoreEffectId=22:candidate_core_i008_01
eligibleCoreEffectId=22:candidate_core_i008_02
eligibleCoreEffectId=22:candidate_core_i008_03
visibleCoreEffectId=22:candidate_core_i008_01
visibleCoreEffectId=22:candidate_core_i008_02
visibleCoreEffectId=22:candidate_core_i008_03
buildQualification=4:None
","schemaId=32:ItemGeneratedInstanceSnapshot.v1
generationAlgorithmId=21:item-instance-roll-v1
generationDataStatus=63:QA_FIXTURE_ONLY|NOT_BALANCE_APPROVED|NOT_FORMAL_GENERATION_DATA
itemInstanceId=19:wb_i008_blue_150038
baseItemId=4:I008
rarity=4:blue
generationVersion=1:1
rootSeed=6:150038
cultivationPotentialProfileId=32:candidate_core_profile_i008_blue
statId=8:cooldown
statRawUnits=1:4
statId=6:damage
statRawUnits=2:25
statId=8:duration
statRawUnits=1:4
statId=8:nianCost
statRawUnits=1:5
slotId=8:fixed_01
slotKind=5:Fixed
affixId=15:affix_damage_up
affixValueProfileId=31:candidate_value_affix_damage_up
affixRawUnits=3:782
slotId=9:random_01
slotKind=6:Random
affixId=24:affix_cooldown_reduction
affixValueProfileId=40:candidate_value_affix_cooldown_reduction
affixRawUnits=3:809
eligibleCoreEffectId=22:candidate_core_i008_01
eligibleCoreEffectId=22:candidate_core_i008_02
eligibleCoreEffectId=22:candidate_core_i008_03
visibleCoreEffectId=22:candidate_core_i008_01
visibleCoreEffectId=22:candidate_core_i008_02
visibleCoreEffectId=22:candidate_core_i008_03
buildQualification=4:None
",PASS
roll.I008@purple,roll_150,PASS,PASS,PASS
projection.I008@purple,projection_150,PASS,PASS,PASS
determinism.I008@purple,determinism_150,"schemaId=32:ItemGeneratedInstanceSnapshot.v1
generationAlgorithmId=21:item-instance-roll-v1
generationDataStatus=63:QA_FIXTURE_ONLY|NOT_BALANCE_APPROVED|NOT_FORMAL_GENERATION_DATA
itemInstanceId=21:wb_i008_purple_150039
baseItemId=4:I008
rarity=6:purple
generationVersion=1:1
rootSeed=6:150039
cultivationPotentialProfileId=34:candidate_core_profile_i008_purple
statId=8:cooldown
statRawUnits=1:4
statId=6:damage
statRawUnits=2:30
statId=8:duration
statRawUnits=1:4
statId=8:nianCost
statRawUnits=1:3
slotId=8:fixed_01
slotKind=5:Fixed
affixId=15:affix_damage_up
affixValueProfileId=31:candidate_value_affix_damage_up
affixRawUnits=3:804
slotId=9:random_01
slotKind=6:Random
affixId=24:affix_cooldown_reduction
affixValueProfileId=40:candidate_value_affix_cooldown_reduction
affixRawUnits=4:1145
eligibleCoreEffectId=22:candidate_core_i008_01
eligibleCoreEffectId=22:candidate_core_i008_02
eligibleCoreEffectId=22:candidate_core_i008_03
eligibleCoreEffectId=22:candidate_core_i008_04
visibleCoreEffectId=22:candidate_core_i008_01
visibleCoreEffectId=22:candidate_core_i008_02
visibleCoreEffectId=22:candidate_core_i008_03
visibleCoreEffectId=22:candidate_core_i008_04
buildQualification=9:FaMenOnly
","schemaId=32:ItemGeneratedInstanceSnapshot.v1
generationAlgorithmId=21:item-instance-roll-v1
generationDataStatus=63:QA_FIXTURE_ONLY|NOT_BALANCE_APPROVED|NOT_FORMAL_GENERATION_DATA
itemInstanceId=21:wb_i008_purple_150039
baseItemId=4:I008
rarity=6:purple
generationVersion=1:1
rootSeed=6:150039
cultivationPotentialProfileId=34:candidate_core_profile_i008_purple
statId=8:cooldown
statRawUnits=1:4
statId=6:damage
statRawUnits=2:30
statId=8:duration
statRawUnits=1:4
statId=8:nianCost
statRawUnits=1:3
slotId=8:fixed_01
slotKind=5:Fixed
affixId=15:affix_damage_up
affixValueProfileId=31:candidate_value_affix_damage_up
affixRawUnits=3:804
slotId=9:random_01
slotKind=6:Random
affixId=24:affix_cooldown_reduction
affixValueProfileId=40:candidate_value_affix_cooldown_reduction
affixRawUnits=4:1145
eligibleCoreEffectId=22:candidate_core_i008_01
eligibleCoreEffectId=22:candidate_core_i008_02
eligibleCoreEffectId=22:candidate_core_i008_03
eligibleCoreEffectId=22:candidate_core_i008_04
visibleCoreEffectId=22:candidate_core_i008_01
visibleCoreEffectId=22:candidate_core_i008_02
visibleCoreEffectId=22:candidate_core_i008_03
visibleCoreEffectId=22:candidate_core_i008_04
buildQualification=9:FaMenOnly
",PASS
roll.I008@orange,roll_150,PASS,PASS,PASS
projection.I008@orange,projection_150,PASS,PASS,PASS
determinism.I008@orange,determinism_150,"schemaId=32:ItemGeneratedInstanceSnapshot.v1
generationAlgorithmId=21:item-instance-roll-v1
generationDataStatus=63:QA_FIXTURE_ONLY|NOT_BALANCE_APPROVED|NOT_FORMAL_GENERATION_DATA
itemInstanceId=21:wb_i008_orange_150040
baseItemId=4:I008
rarity=6:orange
generationVersion=1:1
rootSeed=6:150040
cultivationPotentialProfileId=34:candidate_core_profile_i008_orange
statId=8:cooldown
statRawUnits=1:4
statId=6:damage
statRawUnits=2:32
statId=8:duration
statRawUnits=1:5
statId=8:nianCost
statRawUnits=1:3
slotId=8:fixed_01
slotKind=5:Fixed
affixId=15:affix_damage_up
affixValueProfileId=31:candidate_value_affix_damage_up
affixRawUnits=4:1201
slotId=9:random_01
slotKind=6:Random
affixId=17:affix_duration_up
affixValueProfileId=33:candidate_value_affix_duration_up
affixRawUnits=1:5
eligibleCoreEffectId=22:candidate_core_i008_01
eligibleCoreEffectId=22:candidate_core_i008_02
eligibleCoreEffectId=22:candidate_core_i008_03
eligibleCoreEffectId=22:candidate_core_i008_04
eligibleCoreEffectId=28:candidate_core_i008_ultimate
visibleCoreEffectId=22:candidate_core_i008_01
visibleCoreEffectId=22:candidate_core_i008_02
visibleCoreEffectId=22:candidate_core_i008_03
visibleCoreEffectId=22:candidate_core_i008_04
visibleCoreEffectId=28:candidate_core_i008_ultimate
buildQualification=9:FaMenOnly
","schemaId=32:ItemGeneratedInstanceSnapshot.v1
generationAlgorithmId=21:item-instance-roll-v1
generationDataStatus=63:QA_FIXTURE_ONLY|NOT_BALANCE_APPROVED|NOT_FORMAL_GENERATION_DATA
itemInstanceId=21:wb_i008_orange_150040
baseItemId=4:I008
rarity=6:orange
generationVersion=1:1
rootSeed=6:150040
cultivationPotentialProfileId=34:candidate_core_profile_i008_orange
statId=8:cooldown
statRawUnits=1:4
statId=6:damage
statRawUnits=2:32
statId=8:duration
statRawUnits=1:5
statId=8:nianCost
statRawUnits=1:3
slotId=8:fixed_01
slotKind=5:Fixed
affixId=15:affix_damage_up
affixValueProfileId=31:candidate_value_affix_damage_up
affixRawUnits=4:1201
slotId=9:random_01
slotKind=6:Random
affixId=17:affix_duration_up
affixValueProfileId=33:candidate_value_affix_duration_up
affixRawUnits=1:5
eligibleCoreEffectId=22:candidate_core_i008_01
eligibleCoreEffectId=22:candidate_core_i008_02
eligibleCoreEffectId=22:candidate_core_i008_03
eligibleCoreEffectId=22:candidate_core_i008_04
eligibleCoreEffectId=28:candidate_core_i008_ultimate
visibleCoreEffectId=22:candidate_core_i008_01
visibleCoreEffectId=22:candidate_core_i008_02
visibleCoreEffectId=22:candidate_core_i008_03
visibleCoreEffectId=22:candidate_core_i008_04
visibleCoreEffectId=28:candidate_core_i008_ultimate
buildQualification=9:FaMenOnly
",PASS
roll.I009@white,roll_150,PASS,PASS,PASS
projection.I009@white,projection_150,PASS,PASS,PASS
determinism.I009@white,determinism_150,"schemaId=32:ItemGeneratedInstanceSnapshot.v1
generationAlgorithmId=21:item-instance-roll-v1
generationDataStatus=63:QA_FIXTURE_ONLY|NOT_BALANCE_APPROVED|NOT_FORMAL_GENERATION_DATA
itemInstanceId=20:wb_i009_white_150041
baseItemId=4:I009
rarity=5:white
generationVersion=1:1
rootSeed=6:150041
cultivationPotentialProfileId=33:candidate_core_profile_i009_white
statId=8:cooldown
statRawUnits=1:7
statId=6:damage
statRawUnits=2:21
statId=8:duration
statRawUnits=1:1
statId=8:nianCost
statRawUnits=1:7
slotId=8:fixed_01
slotKind=5:Fixed
affixId=15:affix_damage_up
affixValueProfileId=31:candidate_value_affix_damage_up
affixRawUnits=3:223
slotId=9:random_01
slotKind=6:Random
affixId=17:affix_duration_up
affixValueProfileId=33:candidate_value_affix_duration_up
affixRawUnits=1:1
eligibleCoreEffectId=22:candidate_core_i009_01
visibleCoreEffectId=22:candidate_core_i009_01
buildQualification=4:None
","schemaId=32:ItemGeneratedInstanceSnapshot.v1
generationAlgorithmId=21:item-instance-roll-v1
generationDataStatus=63:QA_FIXTURE_ONLY|NOT_BALANCE_APPROVED|NOT_FORMAL_GENERATION_DATA
itemInstanceId=20:wb_i009_white_150041
baseItemId=4:I009
rarity=5:white
generationVersion=1:1
rootSeed=6:150041
cultivationPotentialProfileId=33:candidate_core_profile_i009_white
statId=8:cooldown
statRawUnits=1:7
statId=6:damage
statRawUnits=2:21
statId=8:duration
statRawUnits=1:1
statId=8:nianCost
statRawUnits=1:7
slotId=8:fixed_01
slotKind=5:Fixed
affixId=15:affix_damage_up
affixValueProfileId=31:candidate_value_affix_damage_up
affixRawUnits=3:223
slotId=9:random_01
slotKind=6:Random
affixId=17:affix_duration_up
affixValueProfileId=33:candidate_value_affix_duration_up
affixRawUnits=1:1
eligibleCoreEffectId=22:candidate_core_i009_01
visibleCoreEffectId=22:candidate_core_i009_01
buildQualification=4:None
",PASS
roll.I009@green,roll_150,PASS,PASS,PASS
projection.I009@green,projection_150,PASS,PASS,PASS
determinism.I009@green,determinism_150,"schemaId=32:ItemGeneratedInstanceSnapshot.v1
generationAlgorithmId=21:item-instance-roll-v1
generationDataStatus=63:QA_FIXTURE_ONLY|NOT_BALANCE_APPROVED|NOT_FORMAL_GENERATION_DATA
itemInstanceId=20:wb_i009_green_150042
baseItemId=4:I009
rarity=5:green
generationVersion=1:1
rootSeed=6:150042
cultivationPotentialProfileId=33:candidate_core_profile_i009_green
statId=8:cooldown
statRawUnits=1:6
statId=6:damage
statRawUnits=2:30
statId=8:duration
statRawUnits=1:4
statId=8:nianCost
statRawUnits=1:6
slotId=8:fixed_01
slotKind=5:Fixed
affixId=15:affix_damage_up
affixValueProfileId=31:candidate_value_affix_damage_up
affixRawUnits=3:650
slotId=9:random_01
slotKind=6:Random
affixId=24:affix_cooldown_reduction
affixValueProfileId=40:candidate_value_affix_cooldown_reduction
affixRawUnits=3:443
eligibleCoreEffectId=22:candidate_core_i009_01
eligibleCoreEffectId=22:candidate_core_i009_02
visibleCoreEffectId=22:candidate_core_i009_01
visibleCoreEffectId=22:candidate_core_i009_02
buildQualification=4:None
","schemaId=32:ItemGeneratedInstanceSnapshot.v1
generationAlgorithmId=21:item-instance-roll-v1
generationDataStatus=63:QA_FIXTURE_ONLY|NOT_BALANCE_APPROVED|NOT_FORMAL_GENERATION_DATA
itemInstanceId=20:wb_i009_green_150042
baseItemId=4:I009
rarity=5:green
generationVersion=1:1
rootSeed=6:150042
cultivationPotentialProfileId=33:candidate_core_profile_i009_green
statId=8:cooldown
statRawUnits=1:6
statId=6:damage
statRawUnits=2:30
statId=8:duration
statRawUnits=1:4
statId=8:nianCost
statRawUnits=1:6
slotId=8:fixed_01
slotKind=5:Fixed
affixId=15:affix_damage_up
affixValueProfileId=31:candidate_value_affix_damage_up
affixRawUnits=3:650
slotId=9:random_01
slotKind=6:Random
affixId=24:affix_cooldown_reduction
affixValueProfileId=40:candidate_value_affix_cooldown_reduction
affixRawUnits=3:443
eligibleCoreEffectId=22:candidate_core_i009_01
eligibleCoreEffectId=22:candidate_core_i009_02
visibleCoreEffectId=22:candidate_core_i009_01
visibleCoreEffectId=22:candidate_core_i009_02
buildQualification=4:None
",PASS
roll.I009@blue,roll_150,PASS,PASS,PASS
projection.I009@blue,projection_150,PASS,PASS,PASS
determinism.I009@blue,determinism_150,"schemaId=32:ItemGeneratedInstanceSnapshot.v1
generationAlgorithmId=21:item-instance-roll-v1
generationDataStatus=63:QA_FIXTURE_ONLY|NOT_BALANCE_APPROVED|NOT_FORMAL_GENERATION_DATA
itemInstanceId=19:wb_i009_blue_150043
baseItemId=4:I009
rarity=4:blue
generationVersion=1:1
rootSeed=6:150043
cultivationPotentialProfileId=32:candidate_core_profile_i009_blue
statId=8:cooldown
statRawUnits=1:6
statId=6:damage
statRawUnits=2:35
statId=8:duration
statRawUnits=1:5
statId=8:nianCost
statRawUnits=1:6
slotId=8:fixed_01
slotKind=5:Fixed
affixId=15:affix_damage_up
affixValueProfileId=31:candidate_value_affix_damage_up
affixRawUnits=3:860
slotId=9:random_01
slotKind=6:Random
affixId=21:affix_nian_efficiency
affixValueProfileId=37:candidate_value_affix_nian_efficiency
affixRawUnits=3:639
eligibleCoreEffectId=22:candidate_core_i009_01
eligibleCoreEffectId=22:candidate_core_i009_02
eligibleCoreEffectId=22:candidate_core_i009_03
visibleCoreEffectId=22:candidate_core_i009_01
visibleCoreEffectId=22:candidate_core_i009_02
visibleCoreEffectId=22:candidate_core_i009_03
buildQualification=4:None
","schemaId=32:ItemGeneratedInstanceSnapshot.v1
generationAlgorithmId=21:item-instance-roll-v1
generationDataStatus=63:QA_FIXTURE_ONLY|NOT_BALANCE_APPROVED|NOT_FORMAL_GENERATION_DATA
itemInstanceId=19:wb_i009_blue_150043
baseItemId=4:I009
rarity=4:blue
generationVersion=1:1
rootSeed=6:150043
cultivationPotentialProfileId=32:candidate_core_profile_i009_blue
statId=8:cooldown
statRawUnits=1:6
statId=6:damage
statRawUnits=2:35
statId=8:duration
statRawUnits=1:5
statId=8:nianCost
statRawUnits=1:6
slotId=8:fixed_01
slotKind=5:Fixed
affixId=15:affix_damage_up
affixValueProfileId=31:candidate_value_affix_damage_up
affixRawUnits=3:860
slotId=9:random_01
slotKind=6:Random
affixId=21:affix_nian_efficiency
affixValueProfileId=37:candidate_value_affix_nian_efficiency
affixRawUnits=3:639
eligibleCoreEffectId=22:candidate_core_i009_01
eligibleCoreEffectId=22:candidate_core_i009_02
eligibleCoreEffectId=22:candidate_core_i009_03
visibleCoreEffectId=22:candidate_core_i009_01
visibleCoreEffectId=22:candidate_core_i009_02
visibleCoreEffectId=22:candidate_core_i009_03
buildQualification=4:None
",PASS
roll.I009@purple,roll_150,PASS,PASS,PASS
projection.I009@purple,projection_150,PASS,PASS,PASS
determinism.I009@purple,determinism_150,"schemaId=32:ItemGeneratedInstanceSnapshot.v1
generationAlgorithmId=21:item-instance-roll-v1
generationDataStatus=63:QA_FIXTURE_ONLY|NOT_BALANCE_APPROVED|NOT_FORMAL_GENERATION_DATA
itemInstanceId=21:wb_i009_purple_150044
baseItemId=4:I009
rarity=6:purple
generationVersion=1:1
rootSeed=6:150044
cultivationPotentialProfileId=34:candidate_core_profile_i009_purple
statId=8:cooldown
statRawUnits=1:5
statId=6:damage
statRawUnits=2:39
statId=8:duration
statRawUnits=1:5
statId=8:nianCost
statRawUnits=1:4
slotId=8:fixed_01
slotKind=5:Fixed
affixId=15:affix_damage_up
affixValueProfileId=31:candidate_value_affix_damage_up
affixRawUnits=3:992
slotId=9:random_01
slotKind=6:Random
affixId=24:affix_cooldown_reduction
affixValueProfileId=40:candidate_value_affix_cooldown_reduction
affixRawUnits=4:1240
eligibleCoreEffectId=22:candidate_core_i009_01
eligibleCoreEffectId=22:candidate_core_i009_02
eligibleCoreEffectId=22:candidate_core_i009_03
eligibleCoreEffectId=22:candidate_core_i009_04
visibleCoreEffectId=22:candidate_core_i009_01
visibleCoreEffectId=22:candidate_core_i009_02
visibleCoreEffectId=22:candidate_core_i009_03
visibleCoreEffectId=22:candidate_core_i009_04
buildQualification=9:FaMenOnly
","schemaId=32:ItemGeneratedInstanceSnapshot.v1
generationAlgorithmId=21:item-instance-roll-v1
generationDataStatus=63:QA_FIXTURE_ONLY|NOT_BALANCE_APPROVED|NOT_FORMAL_GENERATION_DATA
itemInstanceId=21:wb_i009_purple_150044
baseItemId=4:I009
rarity=6:purple
generationVersion=1:1
rootSeed=6:150044
cultivationPotentialProfileId=34:candidate_core_profile_i009_purple
statId=8:cooldown
statRawUnits=1:5
statId=6:damage
statRawUnits=2:39
statId=8:duration
statRawUnits=1:5
statId=8:nianCost
statRawUnits=1:4
slotId=8:fixed_01
slotKind=5:Fixed
affixId=15:affix_damage_up
affixValueProfileId=31:candidate_value_affix_damage_up
affixRawUnits=3:992
slotId=9:random_01
slotKind=6:Random
affixId=24:affix_cooldown_reduction
affixValueProfileId=40:candidate_value_affix_cooldown_reduction
affixRawUnits=4:1240
eligibleCoreEffectId=22:candidate_core_i009_01
eligibleCoreEffectId=22:candidate_core_i009_02
eligibleCoreEffectId=22:candidate_core_i009_03
eligibleCoreEffectId=22:candidate_core_i009_04
visibleCoreEffectId=22:candidate_core_i009_01
visibleCoreEffectId=22:candidate_core_i009_02
visibleCoreEffectId=22:candidate_core_i009_03
visibleCoreEffectId=22:candidate_core_i009_04
buildQualification=9:FaMenOnly
",PASS
roll.I009@orange,roll_150,PASS,PASS,PASS
projection.I009@orange,projection_150,PASS,PASS,PASS
determinism.I009@orange,determinism_150,"schemaId=32:ItemGeneratedInstanceSnapshot.v1
generationAlgorithmId=21:item-instance-roll-v1
generationDataStatus=63:QA_FIXTURE_ONLY|NOT_BALANCE_APPROVED|NOT_FORMAL_GENERATION_DATA
itemInstanceId=21:wb_i009_orange_150045
baseItemId=4:I009
rarity=6:orange
generationVersion=1:1
rootSeed=6:150045
cultivationPotentialProfileId=34:candidate_core_profile_i009_orange
statId=8:cooldown
statRawUnits=1:4
statId=6:damage
statRawUnits=2:47
statId=8:duration
statRawUnits=1:5
statId=8:nianCost
statRawUnits=1:5
slotId=8:fixed_01
slotKind=5:Fixed
affixId=15:affix_damage_up
affixValueProfileId=31:candidate_value_affix_damage_up
affixRawUnits=4:1350
slotId=9:random_01
slotKind=6:Random
affixId=21:affix_nian_efficiency
affixValueProfileId=37:candidate_value_affix_nian_efficiency
affixRawUnits=4:1483
eligibleCoreEffectId=22:candidate_core_i009_01
eligibleCoreEffectId=22:candidate_core_i009_02
eligibleCoreEffectId=22:candidate_core_i009_03
eligibleCoreEffectId=22:candidate_core_i009_04
eligibleCoreEffectId=28:candidate_core_i009_ultimate
visibleCoreEffectId=22:candidate_core_i009_01
visibleCoreEffectId=22:candidate_core_i009_02
visibleCoreEffectId=22:candidate_core_i009_03
visibleCoreEffectId=22:candidate_core_i009_04
visibleCoreEffectId=28:candidate_core_i009_ultimate
buildQualification=9:FaMenOnly
","schemaId=32:ItemGeneratedInstanceSnapshot.v1
generationAlgorithmId=21:item-instance-roll-v1
generationDataStatus=63:QA_FIXTURE_ONLY|NOT_BALANCE_APPROVED|NOT_FORMAL_GENERATION_DATA
itemInstanceId=21:wb_i009_orange_150045
baseItemId=4:I009
rarity=6:orange
generationVersion=1:1
rootSeed=6:150045
cultivationPotentialProfileId=34:candidate_core_profile_i009_orange
statId=8:cooldown
statRawUnits=1:4
statId=6:damage
statRawUnits=2:47
statId=8:duration
statRawUnits=1:5
statId=8:nianCost
statRawUnits=1:5
slotId=8:fixed_01
slotKind=5:Fixed
affixId=15:affix_damage_up
affixValueProfileId=31:candidate_value_affix_damage_up
affixRawUnits=4:1350
slotId=9:random_01
slotKind=6:Random
affixId=21:affix_nian_efficiency
affixValueProfileId=37:candidate_value_affix_nian_efficiency
affixRawUnits=4:1483
eligibleCoreEffectId=22:candidate_core_i009_01
eligibleCoreEffectId=22:candidate_core_i009_02
eligibleCoreEffectId=22:candidate_core_i009_03
eligibleCoreEffectId=22:candidate_core_i009_04
eligibleCoreEffectId=28:candidate_core_i009_ultimate
visibleCoreEffectId=22:candidate_core_i009_01
visibleCoreEffectId=22:candidate_core_i009_02
visibleCoreEffectId=22:candidate_core_i009_03
visibleCoreEffectId=22:candidate_core_i009_04
visibleCoreEffectId=28:candidate_core_i009_ultimate
buildQualification=9:FaMenOnly
",PASS
roll.I010@white,roll_150,PASS,PASS,PASS
projection.I010@white,projection_150,PASS,PASS,PASS
determinism.I010@white,determinism_150,"schemaId=32:ItemGeneratedInstanceSnapshot.v1
generationAlgorithmId=21:item-instance-roll-v1
generationDataStatus=63:QA_FIXTURE_ONLY|NOT_BALANCE_APPROVED|NOT_FORMAL_GENERATION_DATA
itemInstanceId=20:wb_i010_white_150046
baseItemId=4:I010
rarity=5:white
generationVersion=1:1
rootSeed=6:150046
cultivationPotentialProfileId=33:candidate_core_profile_i010_white
statId=8:cooldown
statRawUnits=1:5
statId=6:damage
statRawUnits=2:16
statId=8:duration
statRawUnits=1:2
statId=8:nianCost
statRawUnits=1:6
slotId=8:fixed_01
slotKind=5:Fixed
affixId=15:affix_damage_up
affixValueProfileId=31:candidate_value_affix_damage_up
affixRawUnits=3:295
slotId=9:random_01
slotKind=6:Random
affixId=24:affix_cooldown_reduction
affixValueProfileId=40:candidate_value_affix_cooldown_reduction
affixRawUnits=3:206
eligibleCoreEffectId=22:candidate_core_i010_01
visibleCoreEffectId=22:candidate_core_i010_01
buildQualification=4:None
","schemaId=32:ItemGeneratedInstanceSnapshot.v1
generationAlgorithmId=21:item-instance-roll-v1
generationDataStatus=63:QA_FIXTURE_ONLY|NOT_BALANCE_APPROVED|NOT_FORMAL_GENERATION_DATA
itemInstanceId=20:wb_i010_white_150046
baseItemId=4:I010
rarity=5:white
generationVersion=1:1
rootSeed=6:150046
cultivationPotentialProfileId=33:candidate_core_profile_i010_white
statId=8:cooldown
statRawUnits=1:5
statId=6:damage
statRawUnits=2:16
statId=8:duration
statRawUnits=1:2
statId=8:nianCost
statRawUnits=1:6
slotId=8:fixed_01
slotKind=5:Fixed
affixId=15:affix_damage_up
affixValueProfileId=31:candidate_value_affix_damage_up
affixRawUnits=3:295
slotId=9:random_01
slotKind=6:Random
affixId=24:affix_cooldown_reduction
affixValueProfileId=40:candidate_value_affix_cooldown_reduction
affixRawUnits=3:206
eligibleCoreEffectId=22:candidate_core_i010_01
visibleCoreEffectId=22:candidate_core_i010_01
buildQualification=4:None
",PASS
roll.I010@green,roll_150,PASS,PASS,PASS
projection.I010@green,projection_150,PASS,PASS,PASS
determinism.I010@green,determinism_150,"schemaId=32:ItemGeneratedInstanceSnapshot.v1
generationAlgorithmId=21:item-instance-roll-v1
generationDataStatus=63:QA_FIXTURE_ONLY|NOT_BALANCE_APPROVED|NOT_FORMAL_GENERATION_DATA
itemInstanceId=20:wb_i010_green_150047
baseItemId=4:I010
rarity=5:green
generationVersion=1:1
rootSeed=6:150047
cultivationPotentialProfileId=33:candidate_core_profile_i010_green
statId=8:cooldown
statRawUnits=1:4
statId=6:damage
statRawUnits=2:19
statId=8:duration
statRawUnits=1:3
statId=8:nianCost
statRawUnits=1:5
slotId=8:fixed_01
slotKind=5:Fixed
affixId=15:affix_damage_up
affixValueProfileId=31:candidate_value_affix_damage_up
affixRawUnits=3:476
slotId=9:random_01
slotKind=6:Random
affixId=17:affix_duration_up
affixValueProfileId=33:candidate_value_affix_duration_up
affixRawUnits=1:2
eligibleCoreEffectId=22:candidate_core_i010_01
eligibleCoreEffectId=22:candidate_core_i010_02
visibleCoreEffectId=22:candidate_core_i010_01
visibleCoreEffectId=22:candidate_core_i010_02
buildQualification=4:None
","schemaId=32:ItemGeneratedInstanceSnapshot.v1
generationAlgorithmId=21:item-instance-roll-v1
generationDataStatus=63:QA_FIXTURE_ONLY|NOT_BALANCE_APPROVED|NOT_FORMAL_GENERATION_DATA
itemInstanceId=20:wb_i010_green_150047
baseItemId=4:I010
rarity=5:green
generationVersion=1:1
rootSeed=6:150047
cultivationPotentialProfileId=33:candidate_core_profile_i010_green
statId=8:cooldown
statRawUnits=1:4
statId=6:damage
statRawUnits=2:19
statId=8:duration
statRawUnits=1:3
statId=8:nianCost
statRawUnits=1:5
slotId=8:fixed_01
slotKind=5:Fixed
affixId=15:affix_damage_up
affixValueProfileId=31:candidate_value_affix_damage_up
affixRawUnits=3:476
slotId=9:random_01
slotKind=6:Random
affixId=17:affix_duration_up
affixValueProfileId=33:candidate_value_affix_duration_up
affixRawUnits=1:2
eligibleCoreEffectId=22:candidate_core_i010_01
eligibleCoreEffectId=22:candidate_core_i010_02
visibleCoreEffectId=22:candidate_core_i010_01
visibleCoreEffectId=22:candidate_core_i010_02
buildQualification=4:None
",PASS
roll.I010@blue,roll_150,PASS,PASS,PASS
projection.I010@blue,projection_150,PASS,PASS,PASS
determinism.I010@blue,determinism_150,"schemaId=32:ItemGeneratedInstanceSnapshot.v1
generationAlgorithmId=21:item-instance-roll-v1
generationDataStatus=63:QA_FIXTURE_ONLY|NOT_BALANCE_APPROVED|NOT_FORMAL_GENERATION_DATA
itemInstanceId=19:wb_i010_blue_150048
baseItemId=4:I010
rarity=4:blue
generationVersion=1:1
rootSeed=6:150048
cultivationPotentialProfileId=32:candidate_core_profile_i010_blue
statId=8:cooldown
statRawUnits=1:3
statId=6:damage
statRawUnits=2:25
statId=8:duration
statRawUnits=1:4
statId=8:nianCost
statRawUnits=1:5
slotId=8:fixed_01
slotKind=5:Fixed
affixId=15:affix_damage_up
affixValueProfileId=31:candidate_value_affix_damage_up
affixRawUnits=3:700
slotId=9:random_01
slotKind=6:Random
affixId=24:affix_cooldown_reduction
affixValueProfileId=40:candidate_value_affix_cooldown_reduction
affixRawUnits=3:771
eligibleCoreEffectId=22:candidate_core_i010_01
eligibleCoreEffectId=22:candidate_core_i010_02
eligibleCoreEffectId=22:candidate_core_i010_03
visibleCoreEffectId=22:candidate_core_i010_01
visibleCoreEffectId=22:candidate_core_i010_02
visibleCoreEffectId=22:candidate_core_i010_03
buildQualification=9:QiLeiOnly
","schemaId=32:ItemGeneratedInstanceSnapshot.v1
generationAlgorithmId=21:item-instance-roll-v1
generationDataStatus=63:QA_FIXTURE_ONLY|NOT_BALANCE_APPROVED|NOT_FORMAL_GENERATION_DATA
itemInstanceId=19:wb_i010_blue_150048
baseItemId=4:I010
rarity=4:blue
generationVersion=1:1
rootSeed=6:150048
cultivationPotentialProfileId=32:candidate_core_profile_i010_blue
statId=8:cooldown
statRawUnits=1:3
statId=6:damage
statRawUnits=2:25
statId=8:duration
statRawUnits=1:4
statId=8:nianCost
statRawUnits=1:5
slotId=8:fixed_01
slotKind=5:Fixed
affixId=15:affix_damage_up
affixValueProfileId=31:candidate_value_affix_damage_up
affixRawUnits=3:700
slotId=9:random_01
slotKind=6:Random
affixId=24:affix_cooldown_reduction
affixValueProfileId=40:candidate_value_affix_cooldown_reduction
affixRawUnits=3:771
eligibleCoreEffectId=22:candidate_core_i010_01
eligibleCoreEffectId=22:candidate_core_i010_02
eligibleCoreEffectId=22:candidate_core_i010_03
visibleCoreEffectId=22:candidate_core_i010_01
visibleCoreEffectId=22:candidate_core_i010_02
visibleCoreEffectId=22:candidate_core_i010_03
buildQualification=9:QiLeiOnly
",PASS
roll.I010@purple,roll_150,PASS,PASS,PASS
projection.I010@purple,projection_150,PASS,PASS,PASS
determinism.I010@purple,determinism_150,"schemaId=32:ItemGeneratedInstanceSnapshot.v1
generationAlgorithmId=21:item-instance-roll-v1
generationDataStatus=63:QA_FIXTURE_ONLY|NOT_BALANCE_APPROVED|NOT_FORMAL_GENERATION_DATA
itemInstanceId=21:wb_i010_purple_150049
baseItemId=4:I010
rarity=6:purple
generationVersion=1:1
rootSeed=6:150049
cultivationPotentialProfileId=34:candidate_core_profile_i010_purple
statId=8:cooldown
statRawUnits=1:2
statId=6:damage
statRawUnits=2:36
statId=8:duration
statRawUnits=1:5
statId=8:nianCost
statRawUnits=1:4
slotId=8:fixed_01
slotKind=5:Fixed
affixId=15:affix_damage_up
affixValueProfileId=31:candidate_value_affix_damage_up
affixRawUnits=3:894
slotId=9:random_01
slotKind=6:Random
affixId=21:affix_nian_efficiency
affixValueProfileId=37:candidate_value_affix_nian_efficiency
affixRawUnits=4:1039
eligibleCoreEffectId=22:candidate_core_i010_01
eligibleCoreEffectId=22:candidate_core_i010_02
eligibleCoreEffectId=22:candidate_core_i010_03
eligibleCoreEffectId=22:candidate_core_i010_04
visibleCoreEffectId=22:candidate_core_i010_01
visibleCoreEffectId=22:candidate_core_i010_02
visibleCoreEffectId=22:candidate_core_i010_03
visibleCoreEffectId=22:candidate_core_i010_04
buildQualification=9:FaMenOnly
","schemaId=32:ItemGeneratedInstanceSnapshot.v1
generationAlgorithmId=21:item-instance-roll-v1
generationDataStatus=63:QA_FIXTURE_ONLY|NOT_BALANCE_APPROVED|NOT_FORMAL_GENERATION_DATA
itemInstanceId=21:wb_i010_purple_150049
baseItemId=4:I010
rarity=6:purple
generationVersion=1:1
rootSeed=6:150049
cultivationPotentialProfileId=34:candidate_core_profile_i010_purple
statId=8:cooldown
statRawUnits=1:2
statId=6:damage
statRawUnits=2:36
statId=8:duration
statRawUnits=1:5
statId=8:nianCost
statRawUnits=1:4
slotId=8:fixed_01
slotKind=5:Fixed
affixId=15:affix_damage_up
affixValueProfileId=31:candidate_value_affix_damage_up
affixRawUnits=3:894
slotId=9:random_01
slotKind=6:Random
affixId=21:affix_nian_efficiency
affixValueProfileId=37:candidate_value_affix_nian_efficiency
affixRawUnits=4:1039
eligibleCoreEffectId=22:candidate_core_i010_01
eligibleCoreEffectId=22:candidate_core_i010_02
eligibleCoreEffectId=22:candidate_core_i010_03
eligibleCoreEffectId=22:candidate_core_i010_04
visibleCoreEffectId=22:candidate_core_i010_01
visibleCoreEffectId=22:candidate_core_i010_02
visibleCoreEffectId=22:candidate_core_i010_03
visibleCoreEffectId=22:candidate_core_i010_04
buildQualification=9:FaMenOnly
",PASS
roll.I010@orange,roll_150,PASS,PASS,PASS
projection.I010@orange,projection_150,PASS,PASS,PASS
determinism.I010@orange,determinism_150,"schemaId=32:ItemGeneratedInstanceSnapshot.v1
generationAlgorithmId=21:item-instance-roll-v1
generationDataStatus=63:QA_FIXTURE_ONLY|NOT_BALANCE_APPROVED|NOT_FORMAL_GENERATION_DATA
itemInstanceId=21:wb_i010_orange_150050
baseItemId=4:I010
rarity=6:orange
generationVersion=1:1
rootSeed=6:150050
cultivationPotentialProfileId=34:candidate_core_profile_i010_orange
statId=8:cooldown
statRawUnits=1:2
statId=6:damage
statRawUnits=2:37
statId=8:duration
statRawUnits=1:5
statId=8:nianCost
statRawUnits=1:4
slotId=8:fixed_01
slotKind=5:Fixed
affixId=15:affix_damage_up
affixValueProfileId=31:candidate_value_affix_damage_up
affixRawUnits=4:1618
slotId=9:random_01
slotKind=6:Random
affixId=24:affix_cooldown_reduction
affixValueProfileId=40:candidate_value_affix_cooldown_reduction
affixRawUnits=4:1762
eligibleCoreEffectId=22:candidate_core_i010_01
eligibleCoreEffectId=22:candidate_core_i010_02
eligibleCoreEffectId=22:candidate_core_i010_03
eligibleCoreEffectId=22:candidate_core_i010_04
eligibleCoreEffectId=28:candidate_core_i010_ultimate
visibleCoreEffectId=22:candidate_core_i010_01
visibleCoreEffectId=22:candidate_core_i010_02
visibleCoreEffectId=22:candidate_core_i010_03
visibleCoreEffectId=22:candidate_core_i010_04
visibleCoreEffectId=28:candidate_core_i010_ultimate
buildQualification=4:Dual
","schemaId=32:ItemGeneratedInstanceSnapshot.v1
generationAlgorithmId=21:item-instance-roll-v1
generationDataStatus=63:QA_FIXTURE_ONLY|NOT_BALANCE_APPROVED|NOT_FORMAL_GENERATION_DATA
itemInstanceId=21:wb_i010_orange_150050
baseItemId=4:I010
rarity=6:orange
generationVersion=1:1
rootSeed=6:150050
cultivationPotentialProfileId=34:candidate_core_profile_i010_orange
statId=8:cooldown
statRawUnits=1:2
statId=6:damage
statRawUnits=2:37
statId=8:duration
statRawUnits=1:5
statId=8:nianCost
statRawUnits=1:4
slotId=8:fixed_01
slotKind=5:Fixed
affixId=15:affix_damage_up
affixValueProfileId=31:candidate_value_affix_damage_up
affixRawUnits=4:1618
slotId=9:random_01
slotKind=6:Random
affixId=24:affix_cooldown_reduction
affixValueProfileId=40:candidate_value_affix_cooldown_reduction
affixRawUnits=4:1762
eligibleCoreEffectId=22:candidate_core_i010_01
eligibleCoreEffectId=22:candidate_core_i010_02
eligibleCoreEffectId=22:candidate_core_i010_03
eligibleCoreEffectId=22:candidate_core_i010_04
eligibleCoreEffectId=28:candidate_core_i010_ultimate
visibleCoreEffectId=22:candidate_core_i010_01
visibleCoreEffectId=22:candidate_core_i010_02
visibleCoreEffectId=22:candidate_core_i010_03
visibleCoreEffectId=22:candidate_core_i010_04
visibleCoreEffectId=28:candidate_core_i010_ultimate
buildQualification=4:Dual
",PASS
roll.I011@white,roll_150,PASS,PASS,PASS
projection.I011@white,projection_150,PASS,PASS,PASS
determinism.I011@white,determinism_150,"schemaId=32:ItemGeneratedInstanceSnapshot.v1
generationAlgorithmId=21:item-instance-roll-v1
generationDataStatus=63:QA_FIXTURE_ONLY|NOT_BALANCE_APPROVED|NOT_FORMAL_GENERATION_DATA
itemInstanceId=20:wb_i011_white_150051
baseItemId=4:I011
rarity=5:white
generationVersion=1:1
rootSeed=6:150051
cultivationPotentialProfileId=33:candidate_core_profile_i011_white
statId=8:cooldown
statRawUnits=1:5
statId=6:damage
statRawUnits=2:23
statId=8:duration
statRawUnits=1:1
statId=8:nianCost
statRawUnits=1:6
slotId=8:fixed_01
slotKind=5:Fixed
affixId=15:affix_damage_up
affixValueProfileId=31:candidate_value_affix_damage_up
affixRawUnits=3:304
slotId=9:random_01
slotKind=6:Random
affixId=21:affix_nian_efficiency
affixValueProfileId=37:candidate_value_affix_nian_efficiency
affixRawUnits=3:217
eligibleCoreEffectId=22:candidate_core_i011_01
visibleCoreEffectId=22:candidate_core_i011_01
buildQualification=4:None
","schemaId=32:ItemGeneratedInstanceSnapshot.v1
generationAlgorithmId=21:item-instance-roll-v1
generationDataStatus=63:QA_FIXTURE_ONLY|NOT_BALANCE_APPROVED|NOT_FORMAL_GENERATION_DATA
itemInstanceId=20:wb_i011_white_150051
baseItemId=4:I011
rarity=5:white
generationVersion=1:1
rootSeed=6:150051
cultivationPotentialProfileId=33:candidate_core_profile_i011_white
statId=8:cooldown
statRawUnits=1:5
statId=6:damage
statRawUnits=2:23
statId=8:duration
statRawUnits=1:1
statId=8:nianCost
statRawUnits=1:6
slotId=8:fixed_01
slotKind=5:Fixed
affixId=15:affix_damage_up
affixValueProfileId=31:candidate_value_affix_damage_up
affixRawUnits=3:304
slotId=9:random_01
slotKind=6:Random
affixId=21:affix_nian_efficiency
affixValueProfileId=37:candidate_value_affix_nian_efficiency
affixRawUnits=3:217
eligibleCoreEffectId=22:candidate_core_i011_01
visibleCoreEffectId=22:candidate_core_i011_01
buildQualification=4:None
",PASS
roll.I011@green,roll_150,PASS,PASS,PASS
projection.I011@green,projection_150,PASS,PASS,PASS
determinism.I011@green,determinism_150,"schemaId=32:ItemGeneratedInstanceSnapshot.v1
generationAlgorithmId=21:item-instance-roll-v1
generationDataStatus=63:QA_FIXTURE_ONLY|NOT_BALANCE_APPROVED|NOT_FORMAL_GENERATION_DATA
itemInstanceId=20:wb_i011_green_150052
baseItemId=4:I011
rarity=5:green
generationVersion=1:1
rootSeed=6:150052
cultivationPotentialProfileId=33:candidate_core_profile_i011_green
statId=8:cooldown
statRawUnits=1:5
statId=6:damage
statRawUnits=2:23
statId=8:duration
statRawUnits=1:2
statId=8:nianCost
statRawUnits=1:5
slotId=8:fixed_01
slotKind=5:Fixed
affixId=15:affix_damage_up
affixValueProfileId=31:candidate_value_affix_damage_up
affixRawUnits=3:606
slotId=9:random_01
slotKind=6:Random
affixId=24:affix_cooldown_reduction
affixValueProfileId=40:candidate_value_affix_cooldown_reduction
affixRawUnits=3:379
eligibleCoreEffectId=22:candidate_core_i011_01
eligibleCoreEffectId=22:candidate_core_i011_02
visibleCoreEffectId=22:candidate_core_i011_01
visibleCoreEffectId=22:candidate_core_i011_02
buildQualification=9:FaMenOnly
","schemaId=32:ItemGeneratedInstanceSnapshot.v1
generationAlgorithmId=21:item-instance-roll-v1
generationDataStatus=63:QA_FIXTURE_ONLY|NOT_BALANCE_APPROVED|NOT_FORMAL_GENERATION_DATA
itemInstanceId=20:wb_i011_green_150052
baseItemId=4:I011
rarity=5:green
generationVersion=1:1
rootSeed=6:150052
cultivationPotentialProfileId=33:candidate_core_profile_i011_green
statId=8:cooldown
statRawUnits=1:5
statId=6:damage
statRawUnits=2:23
statId=8:duration
statRawUnits=1:2
statId=8:nianCost
statRawUnits=1:5
slotId=8:fixed_01
slotKind=5:Fixed
affixId=15:affix_damage_up
affixValueProfileId=31:candidate_value_affix_damage_up
affixRawUnits=3:606
slotId=9:random_01
slotKind=6:Random
affixId=24:affix_cooldown_reduction
affixValueProfileId=40:candidate_value_affix_cooldown_reduction
affixRawUnits=3:379
eligibleCoreEffectId=22:candidate_core_i011_01
eligibleCoreEffectId=22:candidate_core_i011_02
visibleCoreEffectId=22:candidate_core_i011_01
visibleCoreEffectId=22:candidate_core_i011_02
buildQualification=9:FaMenOnly
",PASS
roll.I011@blue,roll_150,PASS,PASS,PASS
projection.I011@blue,projection_150,PASS,PASS,PASS
determinism.I011@blue,determinism_150,"schemaId=32:ItemGeneratedInstanceSnapshot.v1
generationAlgorithmId=21:item-instance-roll-v1
generationDataStatus=63:QA_FIXTURE_ONLY|NOT_BALANCE_APPROVED|NOT_FORMAL_GENERATION_DATA
itemInstanceId=19:wb_i011_blue_150053
baseItemId=4:I011
rarity=4:blue
generationVersion=1:1
rootSeed=6:150053
cultivationPotentialProfileId=32:candidate_core_profile_i011_blue
statId=8:cooldown
statRawUnits=1:5
statId=6:damage
statRawUnits=2:29
statId=8:duration
statRawUnits=1:5
statId=8:nianCost
statRawUnits=1:4
slotId=8:fixed_01
slotKind=5:Fixed
affixId=15:affix_damage_up
affixValueProfileId=31:candidate_value_affix_damage_up
affixRawUnits=3:650
slotId=9:random_01
slotKind=6:Random
affixId=21:affix_nian_efficiency
affixValueProfileId=37:candidate_value_affix_nian_efficiency
affixRawUnits=3:582
eligibleCoreEffectId=22:candidate_core_i011_01
eligibleCoreEffectId=22:candidate_core_i011_02
eligibleCoreEffectId=22:candidate_core_i011_03
visibleCoreEffectId=22:candidate_core_i011_01
visibleCoreEffectId=22:candidate_core_i011_02
visibleCoreEffectId=22:candidate_core_i011_03
buildQualification=9:QiLeiOnly
","schemaId=32:ItemGeneratedInstanceSnapshot.v1
generationAlgorithmId=21:item-instance-roll-v1
generationDataStatus=63:QA_FIXTURE_ONLY|NOT_BALANCE_APPROVED|NOT_FORMAL_GENERATION_DATA
itemInstanceId=19:wb_i011_blue_150053
baseItemId=4:I011
rarity=4:blue
generationVersion=1:1
rootSeed=6:150053
cultivationPotentialProfileId=32:candidate_core_profile_i011_blue
statId=8:cooldown
statRawUnits=1:5
statId=6:damage
statRawUnits=2:29
statId=8:duration
statRawUnits=1:5
statId=8:nianCost
statRawUnits=1:4
slotId=8:fixed_01
slotKind=5:Fixed
affixId=15:affix_damage_up
affixValueProfileId=31:candidate_value_affix_damage_up
affixRawUnits=3:650
slotId=9:random_01
slotKind=6:Random
affixId=21:affix_nian_efficiency
affixValueProfileId=37:candidate_value_affix_nian_efficiency
affixRawUnits=3:582
eligibleCoreEffectId=22:candidate_core_i011_01
eligibleCoreEffectId=22:candidate_core_i011_02
eligibleCoreEffectId=22:candidate_core_i011_03
visibleCoreEffectId=22:candidate_core_i011_01
visibleCoreEffectId=22:candidate_core_i011_02
visibleCoreEffectId=22:candidate_core_i011_03
buildQualification=9:QiLeiOnly
",PASS
roll.I011@purple,roll_150,PASS,PASS,PASS
projection.I011@purple,projection_150,PASS,PASS,PASS
determinism.I011@purple,determinism_150,"schemaId=32:ItemGeneratedInstanceSnapshot.v1
generationAlgorithmId=21:item-instance-roll-v1
generationDataStatus=63:QA_FIXTURE_ONLY|NOT_BALANCE_APPROVED|NOT_FORMAL_GENERATION_DATA
itemInstanceId=21:wb_i011_purple_150054
baseItemId=4:I011
rarity=6:purple
generationVersion=1:1
rootSeed=6:150054
cultivationPotentialProfileId=34:candidate_core_profile_i011_purple
statId=8:cooldown
statRawUnits=1:3
statId=6:damage
statRawUnits=2:40
statId=8:duration
statRawUnits=1:5
statId=8:nianCost
statRawUnits=1:4
slotId=8:fixed_01
slotKind=5:Fixed
affixId=15:affix_damage_up
affixValueProfileId=31:candidate_value_affix_damage_up
affixRawUnits=4:1074
slotId=9:random_01
slotKind=6:Random
affixId=21:affix_nian_efficiency
affixValueProfileId=37:candidate_value_affix_nian_efficiency
affixRawUnits=4:1241
eligibleCoreEffectId=22:candidate_core_i011_01
eligibleCoreEffectId=22:candidate_core_i011_02
eligibleCoreEffectId=22:candidate_core_i011_03
eligibleCoreEffectId=22:candidate_core_i011_04
visibleCoreEffectId=22:candidate_core_i011_01
visibleCoreEffectId=22:candidate_core_i011_02
visibleCoreEffectId=22:candidate_core_i011_03
visibleCoreEffectId=22:candidate_core_i011_04
buildQualification=4:Dual
","schemaId=32:ItemGeneratedInstanceSnapshot.v1
generationAlgorithmId=21:item-instance-roll-v1
generationDataStatus=63:QA_FIXTURE_ONLY|NOT_BALANCE_APPROVED|NOT_FORMAL_GENERATION_DATA
itemInstanceId=21:wb_i011_purple_150054
baseItemId=4:I011
rarity=6:purple
generationVersion=1:1
rootSeed=6:150054
cultivationPotentialProfileId=34:candidate_core_profile_i011_purple
statId=8:cooldown
statRawUnits=1:3
statId=6:damage
statRawUnits=2:40
statId=8:duration
statRawUnits=1:5
statId=8:nianCost
statRawUnits=1:4
slotId=8:fixed_01
slotKind=5:Fixed
affixId=15:affix_damage_up
affixValueProfileId=31:candidate_value_affix_damage_up
affixRawUnits=4:1074
slotId=9:random_01
slotKind=6:Random
affixId=21:affix_nian_efficiency
affixValueProfileId=37:candidate_value_affix_nian_efficiency
affixRawUnits=4:1241
eligibleCoreEffectId=22:candidate_core_i011_01
eligibleCoreEffectId=22:candidate_core_i011_02
eligibleCoreEffectId=22:candidate_core_i011_03
eligibleCoreEffectId=22:candidate_core_i011_04
visibleCoreEffectId=22:candidate_core_i011_01
visibleCoreEffectId=22:candidate_core_i011_02
visibleCoreEffectId=22:candidate_core_i011_03
visibleCoreEffectId=22:candidate_core_i011_04
buildQualification=4:Dual
",PASS
roll.I011@orange,roll_150,PASS,PASS,PASS
projection.I011@orange,projection_150,PASS,PASS,PASS
determinism.I011@orange,determinism_150,"schemaId=32:ItemGeneratedInstanceSnapshot.v1
generationAlgorithmId=21:item-instance-roll-v1
generationDataStatus=63:QA_FIXTURE_ONLY|NOT_BALANCE_APPROVED|NOT_FORMAL_GENERATION_DATA
itemInstanceId=21:wb_i011_orange_150055
baseItemId=4:I011
rarity=6:orange
generationVersion=1:1
rootSeed=6:150055
cultivationPotentialProfileId=34:candidate_core_profile_i011_orange
statId=8:cooldown
statRawUnits=1:3
statId=6:damage
statRawUnits=2:42
statId=8:duration
statRawUnits=1:5
statId=8:nianCost
statRawUnits=1:4
slotId=8:fixed_01
slotKind=5:Fixed
affixId=15:affix_damage_up
affixValueProfileId=31:candidate_value_affix_damage_up
affixRawUnits=4:1378
slotId=9:random_01
slotKind=6:Random
affixId=21:affix_nian_efficiency
affixValueProfileId=37:candidate_value_affix_nian_efficiency
affixRawUnits=4:1491
eligibleCoreEffectId=22:candidate_core_i011_01
eligibleCoreEffectId=22:candidate_core_i011_02
eligibleCoreEffectId=22:candidate_core_i011_03
eligibleCoreEffectId=22:candidate_core_i011_04
eligibleCoreEffectId=28:candidate_core_i011_ultimate
visibleCoreEffectId=22:candidate_core_i011_01
visibleCoreEffectId=22:candidate_core_i011_02
visibleCoreEffectId=22:candidate_core_i011_03
visibleCoreEffectId=22:candidate_core_i011_04
visibleCoreEffectId=28:candidate_core_i011_ultimate
buildQualification=4:Dual
","schemaId=32:ItemGeneratedInstanceSnapshot.v1
generationAlgorithmId=21:item-instance-roll-v1
generationDataStatus=63:QA_FIXTURE_ONLY|NOT_BALANCE_APPROVED|NOT_FORMAL_GENERATION_DATA
itemInstanceId=21:wb_i011_orange_150055
baseItemId=4:I011
rarity=6:orange
generationVersion=1:1
rootSeed=6:150055
cultivationPotentialProfileId=34:candidate_core_profile_i011_orange
statId=8:cooldown
statRawUnits=1:3
statId=6:damage
statRawUnits=2:42
statId=8:duration
statRawUnits=1:5
statId=8:nianCost
statRawUnits=1:4
slotId=8:fixed_01
slotKind=5:Fixed
affixId=15:affix_damage_up
affixValueProfileId=31:candidate_value_affix_damage_up
affixRawUnits=4:1378
slotId=9:random_01
slotKind=6:Random
affixId=21:affix_nian_efficiency
affixValueProfileId=37:candidate_value_affix_nian_efficiency
affixRawUnits=4:1491
eligibleCoreEffectId=22:candidate_core_i011_01
eligibleCoreEffectId=22:candidate_core_i011_02
eligibleCoreEffectId=22:candidate_core_i011_03
eligibleCoreEffectId=22:candidate_core_i011_04
eligibleCoreEffectId=28:candidate_core_i011_ultimate
visibleCoreEffectId=22:candidate_core_i011_01
visibleCoreEffectId=22:candidate_core_i011_02
visibleCoreEffectId=22:candidate_core_i011_03
visibleCoreEffectId=22:candidate_core_i011_04
visibleCoreEffectId=28:candidate_core_i011_ultimate
buildQualification=4:Dual
",PASS
roll.I012@white,roll_150,PASS,PASS,PASS
projection.I012@white,projection_150,PASS,PASS,PASS
determinism.I012@white,determinism_150,"schemaId=32:ItemGeneratedInstanceSnapshot.v1
generationAlgorithmId=21:item-instance-roll-v1
generationDataStatus=63:QA_FIXTURE_ONLY|NOT_BALANCE_APPROVED|NOT_FORMAL_GENERATION_DATA
itemInstanceId=20:wb_i012_white_150056
baseItemId=4:I012
rarity=5:white
generationVersion=1:1
rootSeed=6:150056
cultivationPotentialProfileId=33:candidate_core_profile_i012_white
statId=8:cooldown
statRawUnits=1:8
statId=6:damage
statRawUnits=2:34
statId=8:duration
statRawUnits=1:2
statId=8:nianCost
statRawUnits=1:8
slotId=8:fixed_01
slotKind=5:Fixed
affixId=15:affix_damage_up
affixValueProfileId=31:candidate_value_affix_damage_up
affixRawUnits=3:320
slotId=9:random_01
slotKind=6:Random
affixId=21:affix_nian_efficiency
affixValueProfileId=37:candidate_value_affix_nian_efficiency
affixRawUnits=3:331
eligibleCoreEffectId=22:candidate_core_i012_01
visibleCoreEffectId=22:candidate_core_i012_01
buildQualification=4:None
","schemaId=32:ItemGeneratedInstanceSnapshot.v1
generationAlgorithmId=21:item-instance-roll-v1
generationDataStatus=63:QA_FIXTURE_ONLY|NOT_BALANCE_APPROVED|NOT_FORMAL_GENERATION_DATA
itemInstanceId=20:wb_i012_white_150056
baseItemId=4:I012
rarity=5:white
generationVersion=1:1
rootSeed=6:150056
cultivationPotentialProfileId=33:candidate_core_profile_i012_white
statId=8:cooldown
statRawUnits=1:8
statId=6:damage
statRawUnits=2:34
statId=8:duration
statRawUnits=1:2
statId=8:nianCost
statRawUnits=1:8
slotId=8:fixed_01
slotKind=5:Fixed
affixId=15:affix_damage_up
affixValueProfileId=31:candidate_value_affix_damage_up
affixRawUnits=3:320
slotId=9:random_01
slotKind=6:Random
affixId=21:affix_nian_efficiency
affixValueProfileId=37:candidate_value_affix_nian_efficiency
affixRawUnits=3:331
eligibleCoreEffectId=22:candidate_core_i012_01
visibleCoreEffectId=22:candidate_core_i012_01
buildQualification=4:None
",PASS
roll.I012@green,roll_150,PASS,PASS,PASS
projection.I012@green,projection_150,PASS,PASS,PASS
determinism.I012@green,determinism_150,"schemaId=32:ItemGeneratedInstanceSnapshot.v1
generationAlgorithmId=21:item-instance-roll-v1
generationDataStatus=63:QA_FIXTURE_ONLY|NOT_BALANCE_APPROVED|NOT_FORMAL_GENERATION_DATA
itemInstanceId=20:wb_i012_green_150057
baseItemId=4:I012
rarity=5:green
generationVersion=1:1
rootSeed=6:150057
cultivationPotentialProfileId=33:candidate_core_profile_i012_green
statId=8:cooldown
statRawUnits=1:7
statId=6:damage
statRawUnits=2:36
statId=8:duration
statRawUnits=1:4
statId=8:nianCost
statRawUnits=1:7
slotId=8:fixed_01
slotKind=5:Fixed
affixId=15:affix_damage_up
affixValueProfileId=31:candidate_value_affix_damage_up
affixRawUnits=3:367
slotId=9:random_01
slotKind=6:Random
affixId=17:affix_duration_up
affixValueProfileId=33:candidate_value_affix_duration_up
affixRawUnits=1:3
eligibleCoreEffectId=22:candidate_core_i012_01
eligibleCoreEffectId=22:candidate_core_i012_02
visibleCoreEffectId=22:candidate_core_i012_01
visibleCoreEffectId=22:candidate_core_i012_02
buildQualification=4:None
","schemaId=32:ItemGeneratedInstanceSnapshot.v1
generationAlgorithmId=21:item-instance-roll-v1
generationDataStatus=63:QA_FIXTURE_ONLY|NOT_BALANCE_APPROVED|NOT_FORMAL_GENERATION_DATA
itemInstanceId=20:wb_i012_green_150057
baseItemId=4:I012
rarity=5:green
generationVersion=1:1
rootSeed=6:150057
cultivationPotentialProfileId=33:candidate_core_profile_i012_green
statId=8:cooldown
statRawUnits=1:7
statId=6:damage
statRawUnits=2:36
statId=8:duration
statRawUnits=1:4
statId=8:nianCost
statRawUnits=1:7
slotId=8:fixed_01
slotKind=5:Fixed
affixId=15:affix_damage_up
affixValueProfileId=31:candidate_value_affix_damage_up
affixRawUnits=3:367
slotId=9:random_01
slotKind=6:Random
affixId=17:affix_duration_up
affixValueProfileId=33:candidate_value_affix_duration_up
affixRawUnits=1:3
eligibleCoreEffectId=22:candidate_core_i012_01
eligibleCoreEffectId=22:candidate_core_i012_02
visibleCoreEffectId=22:candidate_core_i012_01
visibleCoreEffectId=22:candidate_core_i012_02
buildQualification=4:None
",PASS
roll.I012@blue,roll_150,PASS,PASS,PASS
projection.I012@blue,projection_150,PASS,PASS,PASS
determinism.I012@blue,determinism_150,"schemaId=32:ItemGeneratedInstanceSnapshot.v1
generationAlgorithmId=21:item-instance-roll-v1
generationDataStatus=63:QA_FIXTURE_ONLY|NOT_BALANCE_APPROVED|NOT_FORMAL_GENERATION_DATA
itemInstanceId=19:wb_i012_blue_150058
baseItemId=4:I012
rarity=4:blue
generationVersion=1:1
rootSeed=6:150058
cultivationPotentialProfileId=32:candidate_core_profile_i012_blue
statId=8:cooldown
statRawUnits=1:6
statId=6:damage
statRawUnits=2:49
statId=8:duration
statRawUnits=1:5
statId=8:nianCost
statRawUnits=1:7
slotId=8:fixed_01
slotKind=5:Fixed
affixId=15:affix_damage_up
affixValueProfileId=31:candidate_value_affix_damage_up
affixRawUnits=3:780
slotId=9:random_01
slotKind=6:Random
affixId=17:affix_duration_up
affixValueProfileId=33:candidate_value_affix_duration_up
affixRawUnits=1:5
eligibleCoreEffectId=22:candidate_core_i012_01
eligibleCoreEffectId=22:candidate_core_i012_02
eligibleCoreEffectId=22:candidate_core_i012_03
visibleCoreEffectId=22:candidate_core_i012_01
visibleCoreEffectId=22:candidate_core_i012_02
visibleCoreEffectId=22:candidate_core_i012_03
buildQualification=4:None
","schemaId=32:ItemGeneratedInstanceSnapshot.v1
generationAlgorithmId=21:item-instance-roll-v1
generationDataStatus=63:QA_FIXTURE_ONLY|NOT_BALANCE_APPROVED|NOT_FORMAL_GENERATION_DATA
itemInstanceId=19:wb_i012_blue_150058
baseItemId=4:I012
rarity=4:blue
generationVersion=1:1
rootSeed=6:150058
cultivationPotentialProfileId=32:candidate_core_profile_i012_blue
statId=8:cooldown
statRawUnits=1:6
statId=6:damage
statRawUnits=2:49
statId=8:duration
statRawUnits=1:5
statId=8:nianCost
statRawUnits=1:7
slotId=8:fixed_01
slotKind=5:Fixed
affixId=15:affix_damage_up
affixValueProfileId=31:candidate_value_affix_damage_up
affixRawUnits=3:780
slotId=9:random_01
slotKind=6:Random
affixId=17:affix_duration_up
affixValueProfileId=33:candidate_value_affix_duration_up
affixRawUnits=1:5
eligibleCoreEffectId=22:candidate_core_i012_01
eligibleCoreEffectId=22:candidate_core_i012_02
eligibleCoreEffectId=22:candidate_core_i012_03
visibleCoreEffectId=22:candidate_core_i012_01
visibleCoreEffectId=22:candidate_core_i012_02
visibleCoreEffectId=22:candidate_core_i012_03
buildQualification=4:None
",PASS
roll.I012@purple,roll_150,PASS,PASS,PASS
projection.I012@purple,projection_150,PASS,PASS,PASS
determinism.I012@purple,determinism_150,"schemaId=32:ItemGeneratedInstanceSnapshot.v1
generationAlgorithmId=21:item-instance-roll-v1
generationDataStatus=63:QA_FIXTURE_ONLY|NOT_BALANCE_APPROVED|NOT_FORMAL_GENERATION_DATA
itemInstanceId=21:wb_i012_purple_150059
baseItemId=4:I012
rarity=6:purple
generationVersion=1:1
rootSeed=6:150059
cultivationPotentialProfileId=34:candidate_core_profile_i012_purple
statId=8:cooldown
statRawUnits=1:6
statId=6:damage
statRawUnits=2:54
statId=8:duration
statRawUnits=1:4
statId=8:nianCost
statRawUnits=1:6
slotId=8:fixed_01
slotKind=5:Fixed
affixId=15:affix_damage_up
affixValueProfileId=31:candidate_value_affix_damage_up
affixRawUnits=4:1211
slotId=9:random_01
slotKind=6:Random
affixId=21:affix_nian_efficiency
affixValueProfileId=37:candidate_value_affix_nian_efficiency
affixRawUnits=4:1215
eligibleCoreEffectId=22:candidate_core_i012_01
eligibleCoreEffectId=22:candidate_core_i012_02
eligibleCoreEffectId=22:candidate_core_i012_03
eligibleCoreEffectId=22:candidate_core_i012_04
visibleCoreEffectId=22:candidate_core_i012_01
visibleCoreEffectId=22:candidate_core_i012_02
visibleCoreEffectId=22:candidate_core_i012_03
visibleCoreEffectId=22:candidate_core_i012_04
buildQualification=9:QiLeiOnly
","schemaId=32:ItemGeneratedInstanceSnapshot.v1
generationAlgorithmId=21:item-instance-roll-v1
generationDataStatus=63:QA_FIXTURE_ONLY|NOT_BALANCE_APPROVED|NOT_FORMAL_GENERATION_DATA
itemInstanceId=21:wb_i012_purple_150059
baseItemId=4:I012
rarity=6:purple
generationVersion=1:1
rootSeed=6:150059
cultivationPotentialProfileId=34:candidate_core_profile_i012_purple
statId=8:cooldown
statRawUnits=1:6
statId=6:damage
statRawUnits=2:54
statId=8:duration
statRawUnits=1:4
statId=8:nianCost
statRawUnits=1:6
slotId=8:fixed_01
slotKind=5:Fixed
affixId=15:affix_damage_up
affixValueProfileId=31:candidate_value_affix_damage_up
affixRawUnits=4:1211
slotId=9:random_01
slotKind=6:Random
affixId=21:affix_nian_efficiency
affixValueProfileId=37:candidate_value_affix_nian_efficiency
affixRawUnits=4:1215
eligibleCoreEffectId=22:candidate_core_i012_01
eligibleCoreEffectId=22:candidate_core_i012_02
eligibleCoreEffectId=22:candidate_core_i012_03
eligibleCoreEffectId=22:candidate_core_i012_04
visibleCoreEffectId=22:candidate_core_i012_01
visibleCoreEffectId=22:candidate_core_i012_02
visibleCoreEffectId=22:candidate_core_i012_03
visibleCoreEffectId=22:candidate_core_i012_04
buildQualification=9:QiLeiOnly
",PASS
roll.I012@orange,roll_150,PASS,PASS,PASS
projection.I012@orange,projection_150,PASS,PASS,PASS
determinism.I012@orange,determinism_150,"schemaId=32:ItemGeneratedInstanceSnapshot.v1
generationAlgorithmId=21:item-instance-roll-v1
generationDataStatus=63:QA_FIXTURE_ONLY|NOT_BALANCE_APPROVED|NOT_FORMAL_GENERATION_DATA
itemInstanceId=21:wb_i012_orange_150060
baseItemId=4:I012
rarity=6:orange
generationVersion=1:1
rootSeed=6:150060
cultivationPotentialProfileId=34:candidate_core_profile_i012_orange
statId=8:cooldown
statRawUnits=1:6
statId=6:damage
statRawUnits=2:60
statId=8:duration
statRawUnits=1:5
statId=8:nianCost
statRawUnits=1:5
slotId=8:fixed_01
slotKind=5:Fixed
affixId=15:affix_damage_up
affixValueProfileId=31:candidate_value_affix_damage_up
affixRawUnits=4:1370
slotId=9:random_01
slotKind=6:Random
affixId=21:affix_nian_efficiency
affixValueProfileId=37:candidate_value_affix_nian_efficiency
affixRawUnits=4:1456
eligibleCoreEffectId=22:candidate_core_i012_01
eligibleCoreEffectId=22:candidate_core_i012_02
eligibleCoreEffectId=22:candidate_core_i012_03
eligibleCoreEffectId=22:candidate_core_i012_04
eligibleCoreEffectId=28:candidate_core_i012_ultimate
visibleCoreEffectId=22:candidate_core_i012_01
visibleCoreEffectId=22:candidate_core_i012_02
visibleCoreEffectId=22:candidate_core_i012_03
visibleCoreEffectId=22:candidate_core_i012_04
visibleCoreEffectId=28:candidate_core_i012_ultimate
buildQualification=9:QiLeiOnly
","schemaId=32:ItemGeneratedInstanceSnapshot.v1
generationAlgorithmId=21:item-instance-roll-v1
generationDataStatus=63:QA_FIXTURE_ONLY|NOT_BALANCE_APPROVED|NOT_FORMAL_GENERATION_DATA
itemInstanceId=21:wb_i012_orange_150060
baseItemId=4:I012
rarity=6:orange
generationVersion=1:1
rootSeed=6:150060
cultivationPotentialProfileId=34:candidate_core_profile_i012_orange
statId=8:cooldown
statRawUnits=1:6
statId=6:damage
statRawUnits=2:60
statId=8:duration
statRawUnits=1:5
statId=8:nianCost
statRawUnits=1:5
slotId=8:fixed_01
slotKind=5:Fixed
affixId=15:affix_damage_up
affixValueProfileId=31:candidate_value_affix_damage_up
affixRawUnits=4:1370
slotId=9:random_01
slotKind=6:Random
affixId=21:affix_nian_efficiency
affixValueProfileId=37:candidate_value_affix_nian_efficiency
affixRawUnits=4:1456
eligibleCoreEffectId=22:candidate_core_i012_01
eligibleCoreEffectId=22:candidate_core_i012_02
eligibleCoreEffectId=22:candidate_core_i012_03
eligibleCoreEffectId=22:candidate_core_i012_04
eligibleCoreEffectId=28:candidate_core_i012_ultimate
visibleCoreEffectId=22:candidate_core_i012_01
visibleCoreEffectId=22:candidate_core_i012_02
visibleCoreEffectId=22:candidate_core_i012_03
visibleCoreEffectId=22:candidate_core_i012_04
visibleCoreEffectId=28:candidate_core_i012_ultimate
buildQualification=9:QiLeiOnly
",PASS
roll.I013@white,roll_150,PASS,PASS,PASS
projection.I013@white,projection_150,PASS,PASS,PASS
determinism.I013@white,determinism_150,"schemaId=32:ItemGeneratedInstanceSnapshot.v1
generationAlgorithmId=21:item-instance-roll-v1
generationDataStatus=63:QA_FIXTURE_ONLY|NOT_BALANCE_APPROVED|NOT_FORMAL_GENERATION_DATA
itemInstanceId=20:wb_i013_white_150061
baseItemId=4:I013
rarity=5:white
generationVersion=1:1
rootSeed=6:150061
cultivationPotentialProfileId=33:candidate_core_profile_i013_white
statId=8:cooldown
statRawUnits=1:6
statId=8:duration
statRawUnits=1:1
statId=5:guard
statRawUnits=1:9
statId=8:nianCost
statRawUnits=1:5
slotId=8:fixed_01
slotKind=5:Fixed
affixId=14:affix_guard_up
affixValueProfileId=30:candidate_value_affix_guard_up
affixRawUnits=3:345
slotId=9:random_01
slotKind=6:Random
affixId=17:affix_duration_up
affixValueProfileId=33:candidate_value_affix_duration_up
affixRawUnits=1:2
eligibleCoreEffectId=22:candidate_core_i013_01
visibleCoreEffectId=22:candidate_core_i013_01
buildQualification=4:None
","schemaId=32:ItemGeneratedInstanceSnapshot.v1
generationAlgorithmId=21:item-instance-roll-v1
generationDataStatus=63:QA_FIXTURE_ONLY|NOT_BALANCE_APPROVED|NOT_FORMAL_GENERATION_DATA
itemInstanceId=20:wb_i013_white_150061
baseItemId=4:I013
rarity=5:white
generationVersion=1:1
rootSeed=6:150061
cultivationPotentialProfileId=33:candidate_core_profile_i013_white
statId=8:cooldown
statRawUnits=1:6
statId=8:duration
statRawUnits=1:1
statId=5:guard
statRawUnits=1:9
statId=8:nianCost
statRawUnits=1:5
slotId=8:fixed_01
slotKind=5:Fixed
affixId=14:affix_guard_up
affixValueProfileId=30:candidate_value_affix_guard_up
affixRawUnits=3:345
slotId=9:random_01
slotKind=6:Random
affixId=17:affix_duration_up
affixValueProfileId=33:candidate_value_affix_duration_up
affixRawUnits=1:2
eligibleCoreEffectId=22:candidate_core_i013_01
visibleCoreEffectId=22:candidate_core_i013_01
buildQualification=4:None
",PASS
roll.I013@green,roll_150,PASS,PASS,PASS
projection.I013@green,projection_150,PASS,PASS,PASS
determinism.I013@green,determinism_150,"schemaId=32:ItemGeneratedInstanceSnapshot.v1
generationAlgorithmId=21:item-instance-roll-v1
generationDataStatus=63:QA_FIXTURE_ONLY|NOT_BALANCE_APPROVED|NOT_FORMAL_GENERATION_DATA
itemInstanceId=20:wb_i013_green_150062
baseItemId=4:I013
rarity=5:green
generationVersion=1:1
rootSeed=6:150062
cultivationPotentialProfileId=33:candidate_core_profile_i013_green
statId=8:cooldown
statRawUnits=1:5
statId=8:duration
statRawUnits=1:4
statId=5:guard
statRawUnits=2:14
statId=8:nianCost
statRawUnits=1:4
slotId=8:fixed_01
slotKind=5:Fixed
affixId=14:affix_guard_up
affixValueProfileId=30:candidate_value_affix_guard_up
affixRawUnits=3:555
slotId=9:random_01
slotKind=6:Random
affixId=17:affix_duration_up
affixValueProfileId=33:candidate_value_affix_duration_up
affixRawUnits=1:4
eligibleCoreEffectId=22:candidate_core_i013_01
eligibleCoreEffectId=22:candidate_core_i013_02
visibleCoreEffectId=22:candidate_core_i013_01
visibleCoreEffectId=22:candidate_core_i013_02
buildQualification=4:None
","schemaId=32:ItemGeneratedInstanceSnapshot.v1
generationAlgorithmId=21:item-instance-roll-v1
generationDataStatus=63:QA_FIXTURE_ONLY|NOT_BALANCE_APPROVED|NOT_FORMAL_GENERATION_DATA
itemInstanceId=20:wb_i013_green_150062
baseItemId=4:I013
rarity=5:green
generationVersion=1:1
rootSeed=6:150062
cultivationPotentialProfileId=33:candidate_core_profile_i013_green
statId=8:cooldown
statRawUnits=1:5
statId=8:duration
statRawUnits=1:4
statId=5:guard
statRawUnits=2:14
statId=8:nianCost
statRawUnits=1:4
slotId=8:fixed_01
slotKind=5:Fixed
affixId=14:affix_guard_up
affixValueProfileId=30:candidate_value_affix_guard_up
affixRawUnits=3:555
slotId=9:random_01
slotKind=6:Random
affixId=17:affix_duration_up
affixValueProfileId=33:candidate_value_affix_duration_up
affixRawUnits=1:4
eligibleCoreEffectId=22:candidate_core_i013_01
eligibleCoreEffectId=22:candidate_core_i013_02
visibleCoreEffectId=22:candidate_core_i013_01
visibleCoreEffectId=22:candidate_core_i013_02
buildQualification=4:None
",PASS
roll.I013@blue,roll_150,PASS,PASS,PASS
projection.I013@blue,projection_150,PASS,PASS,PASS
determinism.I013@blue,determinism_150,"schemaId=32:ItemGeneratedInstanceSnapshot.v1
generationAlgorithmId=21:item-instance-roll-v1
generationDataStatus=63:QA_FIXTURE_ONLY|NOT_BALANCE_APPROVED|NOT_FORMAL_GENERATION_DATA
itemInstanceId=19:wb_i013_blue_150063
baseItemId=4:I013
rarity=4:blue
generationVersion=1:1
rootSeed=6:150063
cultivationPotentialProfileId=32:candidate_core_profile_i013_blue
statId=8:cooldown
statRawUnits=1:5
statId=8:duration
statRawUnits=1:3
statId=5:guard
statRawUnits=2:18
statId=8:nianCost
statRawUnits=1:3
slotId=8:fixed_01
slotKind=5:Fixed
affixId=14:affix_guard_up
affixValueProfileId=30:candidate_value_affix_guard_up
affixRawUnits=3:709
slotId=9:random_01
slotKind=6:Random
affixId=21:affix_nian_efficiency
affixValueProfileId=37:candidate_value_affix_nian_efficiency
affixRawUnits=3:610
eligibleCoreEffectId=22:candidate_core_i013_01
eligibleCoreEffectId=22:candidate_core_i013_02
eligibleCoreEffectId=22:candidate_core_i013_03
visibleCoreEffectId=22:candidate_core_i013_01
visibleCoreEffectId=22:candidate_core_i013_02
visibleCoreEffectId=22:candidate_core_i013_03
buildQualification=4:None
","schemaId=32:ItemGeneratedInstanceSnapshot.v1
generationAlgorithmId=21:item-instance-roll-v1
generationDataStatus=63:QA_FIXTURE_ONLY|NOT_BALANCE_APPROVED|NOT_FORMAL_GENERATION_DATA
itemInstanceId=19:wb_i013_blue_150063
baseItemId=4:I013
rarity=4:blue
generationVersion=1:1
rootSeed=6:150063
cultivationPotentialProfileId=32:candidate_core_profile_i013_blue
statId=8:cooldown
statRawUnits=1:5
statId=8:duration
statRawUnits=1:3
statId=5:guard
statRawUnits=2:18
statId=8:nianCost
statRawUnits=1:3
slotId=8:fixed_01
slotKind=5:Fixed
affixId=14:affix_guard_up
affixValueProfileId=30:candidate_value_affix_guard_up
affixRawUnits=3:709
slotId=9:random_01
slotKind=6:Random
affixId=21:affix_nian_efficiency
affixValueProfileId=37:candidate_value_affix_nian_efficiency
affixRawUnits=3:610
eligibleCoreEffectId=22:candidate_core_i013_01
eligibleCoreEffectId=22:candidate_core_i013_02
eligibleCoreEffectId=22:candidate_core_i013_03
visibleCoreEffectId=22:candidate_core_i013_01
visibleCoreEffectId=22:candidate_core_i013_02
visibleCoreEffectId=22:candidate_core_i013_03
buildQualification=4:None
",PASS
roll.I013@purple,roll_150,PASS,PASS,PASS
projection.I013@purple,projection_150,PASS,PASS,PASS
determinism.I013@purple,determinism_150,"schemaId=32:ItemGeneratedInstanceSnapshot.v1
generationAlgorithmId=21:item-instance-roll-v1
generationDataStatus=63:QA_FIXTURE_ONLY|NOT_BALANCE_APPROVED|NOT_FORMAL_GENERATION_DATA
itemInstanceId=21:wb_i013_purple_150064
baseItemId=4:I013
rarity=6:purple
generationVersion=1:1
rootSeed=6:150064
cultivationPotentialProfileId=34:candidate_core_profile_i013_purple
statId=8:cooldown
statRawUnits=1:4
statId=8:duration
statRawUnits=1:4
statId=5:guard
statRawUnits=2:22
statId=8:nianCost
statRawUnits=1:3
slotId=8:fixed_01
slotKind=5:Fixed
affixId=14:affix_guard_up
affixValueProfileId=30:candidate_value_affix_guard_up
affixRawUnits=3:984
slotId=9:random_01
slotKind=6:Random
affixId=17:affix_duration_up
affixValueProfileId=33:candidate_value_affix_duration_up
affixRawUnits=1:5
eligibleCoreEffectId=22:candidate_core_i013_01
eligibleCoreEffectId=22:candidate_core_i013_02
eligibleCoreEffectId=22:candidate_core_i013_03
eligibleCoreEffectId=22:candidate_core_i013_04
visibleCoreEffectId=22:candidate_core_i013_01
visibleCoreEffectId=22:candidate_core_i013_02
visibleCoreEffectId=22:candidate_core_i013_03
visibleCoreEffectId=22:candidate_core_i013_04
buildQualification=4:Dual
","schemaId=32:ItemGeneratedInstanceSnapshot.v1
generationAlgorithmId=21:item-instance-roll-v1
generationDataStatus=63:QA_FIXTURE_ONLY|NOT_BALANCE_APPROVED|NOT_FORMAL_GENERATION_DATA
itemInstanceId=21:wb_i013_purple_150064
baseItemId=4:I013
rarity=6:purple
generationVersion=1:1
rootSeed=6:150064
cultivationPotentialProfileId=34:candidate_core_profile_i013_purple
statId=8:cooldown
statRawUnits=1:4
statId=8:duration
statRawUnits=1:4
statId=5:guard
statRawUnits=2:22
statId=8:nianCost
statRawUnits=1:3
slotId=8:fixed_01
slotKind=5:Fixed
affixId=14:affix_guard_up
affixValueProfileId=30:candidate_value_affix_guard_up
affixRawUnits=3:984
slotId=9:random_01
slotKind=6:Random
affixId=17:affix_duration_up
affixValueProfileId=33:candidate_value_affix_duration_up
affixRawUnits=1:5
eligibleCoreEffectId=22:candidate_core_i013_01
eligibleCoreEffectId=22:candidate_core_i013_02
eligibleCoreEffectId=22:candidate_core_i013_03
eligibleCoreEffectId=22:candidate_core_i013_04
visibleCoreEffectId=22:candidate_core_i013_01
visibleCoreEffectId=22:candidate_core_i013_02
visibleCoreEffectId=22:candidate_core_i013_03
visibleCoreEffectId=22:candidate_core_i013_04
buildQualification=4:Dual
",PASS
roll.I013@orange,roll_150,PASS,PASS,PASS
projection.I013@orange,projection_150,PASS,PASS,PASS
determinism.I013@orange,determinism_150,"schemaId=32:ItemGeneratedInstanceSnapshot.v1
generationAlgorithmId=21:item-instance-roll-v1
generationDataStatus=63:QA_FIXTURE_ONLY|NOT_BALANCE_APPROVED|NOT_FORMAL_GENERATION_DATA
itemInstanceId=21:wb_i013_orange_150065
baseItemId=4:I013
rarity=6:orange
generationVersion=1:1
rootSeed=6:150065
cultivationPotentialProfileId=34:candidate_core_profile_i013_orange
statId=8:cooldown
statRawUnits=1:3
statId=8:duration
statRawUnits=1:5
statId=5:guard
statRawUnits=2:25
statId=8:nianCost
statRawUnits=1:2
slotId=8:fixed_01
slotKind=5:Fixed
affixId=14:affix_guard_up
affixValueProfileId=30:candidate_value_affix_guard_up
affixRawUnits=4:1761
slotId=9:random_01
slotKind=6:Random
affixId=17:affix_duration_up
affixValueProfileId=33:candidate_value_affix_duration_up
affixRawUnits=1:6
eligibleCoreEffectId=22:candidate_core_i013_01
eligibleCoreEffectId=22:candidate_core_i013_02
eligibleCoreEffectId=22:candidate_core_i013_03
eligibleCoreEffectId=22:candidate_core_i013_04
eligibleCoreEffectId=28:candidate_core_i013_ultimate
visibleCoreEffectId=22:candidate_core_i013_01
visibleCoreEffectId=22:candidate_core_i013_02
visibleCoreEffectId=22:candidate_core_i013_03
visibleCoreEffectId=22:candidate_core_i013_04
visibleCoreEffectId=28:candidate_core_i013_ultimate
buildQualification=9:QiLeiOnly
","schemaId=32:ItemGeneratedInstanceSnapshot.v1
generationAlgorithmId=21:item-instance-roll-v1
generationDataStatus=63:QA_FIXTURE_ONLY|NOT_BALANCE_APPROVED|NOT_FORMAL_GENERATION_DATA
itemInstanceId=21:wb_i013_orange_150065
baseItemId=4:I013
rarity=6:orange
generationVersion=1:1
rootSeed=6:150065
cultivationPotentialProfileId=34:candidate_core_profile_i013_orange
statId=8:cooldown
statRawUnits=1:3
statId=8:duration
statRawUnits=1:5
statId=5:guard
statRawUnits=2:25
statId=8:nianCost
statRawUnits=1:2
slotId=8:fixed_01
slotKind=5:Fixed
affixId=14:affix_guard_up
affixValueProfileId=30:candidate_value_affix_guard_up
affixRawUnits=4:1761
slotId=9:random_01
slotKind=6:Random
affixId=17:affix_duration_up
affixValueProfileId=33:candidate_value_affix_duration_up
affixRawUnits=1:6
eligibleCoreEffectId=22:candidate_core_i013_01
eligibleCoreEffectId=22:candidate_core_i013_02
eligibleCoreEffectId=22:candidate_core_i013_03
eligibleCoreEffectId=22:candidate_core_i013_04
eligibleCoreEffectId=28:candidate_core_i013_ultimate
visibleCoreEffectId=22:candidate_core_i013_01
visibleCoreEffectId=22:candidate_core_i013_02
visibleCoreEffectId=22:candidate_core_i013_03
visibleCoreEffectId=22:candidate_core_i013_04
visibleCoreEffectId=28:candidate_core_i013_ultimate
buildQualification=9:QiLeiOnly
",PASS
roll.I014@white,roll_150,PASS,PASS,PASS
projection.I014@white,projection_150,PASS,PASS,PASS
determinism.I014@white,determinism_150,"schemaId=32:ItemGeneratedInstanceSnapshot.v1
generationAlgorithmId=21:item-instance-roll-v1
generationDataStatus=63:QA_FIXTURE_ONLY|NOT_BALANCE_APPROVED|NOT_FORMAL_GENERATION_DATA
itemInstanceId=20:wb_i014_white_150066
baseItemId=4:I014
rarity=5:white
generationVersion=1:1
rootSeed=6:150066
cultivationPotentialProfileId=33:candidate_core_profile_i014_white
statId=8:cooldown
statRawUnits=1:5
statId=8:duration
statRawUnits=1:2
statId=5:guard
statRawUnits=2:16
statId=8:nianCost
statRawUnits=1:5
slotId=8:fixed_01
slotKind=5:Fixed
affixId=14:affix_guard_up
affixValueProfileId=30:candidate_value_affix_guard_up
affixRawUnits=3:364
slotId=9:random_01
slotKind=6:Random
affixId=17:affix_duration_up
affixValueProfileId=33:candidate_value_affix_duration_up
affixRawUnits=1:2
eligibleCoreEffectId=22:candidate_core_i014_01
visibleCoreEffectId=22:candidate_core_i014_01
buildQualification=4:None
","schemaId=32:ItemGeneratedInstanceSnapshot.v1
generationAlgorithmId=21:item-instance-roll-v1
generationDataStatus=63:QA_FIXTURE_ONLY|NOT_BALANCE_APPROVED|NOT_FORMAL_GENERATION_DATA
itemInstanceId=20:wb_i014_white_150066
baseItemId=4:I014
rarity=5:white
generationVersion=1:1
rootSeed=6:150066
cultivationPotentialProfileId=33:candidate_core_profile_i014_white
statId=8:cooldown
statRawUnits=1:5
statId=8:duration
statRawUnits=1:2
statId=5:guard
statRawUnits=2:16
statId=8:nianCost
statRawUnits=1:5
slotId=8:fixed_01
slotKind=5:Fixed
affixId=14:affix_guard_up
affixValueProfileId=30:candidate_value_affix_guard_up
affixRawUnits=3:364
slotId=9:random_01
slotKind=6:Random
affixId=17:affix_duration_up
affixValueProfileId=33:candidate_value_affix_duration_up
affixRawUnits=1:2
eligibleCoreEffectId=22:candidate_core_i014_01
visibleCoreEffectId=22:candidate_core_i014_01
buildQualification=4:None
",PASS
roll.I014@green,roll_150,PASS,PASS,PASS
projection.I014@green,projection_150,PASS,PASS,PASS
determinism.I014@green,determinism_150,"schemaId=32:ItemGeneratedInstanceSnapshot.v1
generationAlgorithmId=21:item-instance-roll-v1
generationDataStatus=63:QA_FIXTURE_ONLY|NOT_BALANCE_APPROVED|NOT_FORMAL_GENERATION_DATA
itemInstanceId=20:wb_i014_green_150067
baseItemId=4:I014
rarity=5:green
generationVersion=1:1
rootSeed=6:150067
cultivationPotentialProfileId=33:candidate_core_profile_i014_green
statId=8:cooldown
statRawUnits=1:5
statId=8:duration
statRawUnits=1:4
statId=5:guard
statRawUnits=2:24
statId=8:nianCost
statRawUnits=1:5
slotId=8:fixed_01
slotKind=5:Fixed
affixId=14:affix_guard_up
affixValueProfileId=30:candidate_value_affix_guard_up
affixRawUnits=3:490
slotId=9:random_01
slotKind=6:Random
affixId=24:affix_cooldown_reduction
affixValueProfileId=40:candidate_value_affix_cooldown_reduction
affixRawUnits=3:516
eligibleCoreEffectId=22:candidate_core_i014_01
eligibleCoreEffectId=22:candidate_core_i014_02
visibleCoreEffectId=22:candidate_core_i014_01
visibleCoreEffectId=22:candidate_core_i014_02
buildQualification=4:None
","schemaId=32:ItemGeneratedInstanceSnapshot.v1
generationAlgorithmId=21:item-instance-roll-v1
generationDataStatus=63:QA_FIXTURE_ONLY|NOT_BALANCE_APPROVED|NOT_FORMAL_GENERATION_DATA
itemInstanceId=20:wb_i014_green_150067
baseItemId=4:I014
rarity=5:green
generationVersion=1:1
rootSeed=6:150067
cultivationPotentialProfileId=33:candidate_core_profile_i014_green
statId=8:cooldown
statRawUnits=1:5
statId=8:duration
statRawUnits=1:4
statId=5:guard
statRawUnits=2:24
statId=8:nianCost
statRawUnits=1:5
slotId=8:fixed_01
slotKind=5:Fixed
affixId=14:affix_guard_up
affixValueProfileId=30:candidate_value_affix_guard_up
affixRawUnits=3:490
slotId=9:random_01
slotKind=6:Random
affixId=24:affix_cooldown_reduction
affixValueProfileId=40:candidate_value_affix_cooldown_reduction
affixRawUnits=3:516
eligibleCoreEffectId=22:candidate_core_i014_01
eligibleCoreEffectId=22:candidate_core_i014_02
visibleCoreEffectId=22:candidate_core_i014_01
visibleCoreEffectId=22:candidate_core_i014_02
buildQualification=4:None
",PASS
roll.I014@blue,roll_150,PASS,PASS,PASS
projection.I014@blue,projection_150,PASS,PASS,PASS
determinism.I014@blue,determinism_150,"schemaId=32:ItemGeneratedInstanceSnapshot.v1
generationAlgorithmId=21:item-instance-roll-v1
generationDataStatus=63:QA_FIXTURE_ONLY|NOT_BALANCE_APPROVED|NOT_FORMAL_GENERATION_DATA
itemInstanceId=19:wb_i014_blue_150068
baseItemId=4:I014
rarity=4:blue
generationVersion=1:1
rootSeed=6:150068
cultivationPotentialProfileId=32:candidate_core_profile_i014_blue
statId=8:cooldown
statRawUnits=1:5
statId=8:duration
statRawUnits=1:4
statId=5:guard
statRawUnits=2:26
statId=8:nianCost
statRawUnits=1:4
slotId=8:fixed_01
slotKind=5:Fixed
affixId=14:affix_guard_up
affixValueProfileId=30:candidate_value_affix_guard_up
affixRawUnits=3:589
slotId=9:random_01
slotKind=6:Random
affixId=24:affix_cooldown_reduction
affixValueProfileId=40:candidate_value_affix_cooldown_reduction
affixRawUnits=3:669
eligibleCoreEffectId=22:candidate_core_i014_01
eligibleCoreEffectId=22:candidate_core_i014_02
eligibleCoreEffectId=22:candidate_core_i014_03
visibleCoreEffectId=22:candidate_core_i014_01
visibleCoreEffectId=22:candidate_core_i014_02
visibleCoreEffectId=22:candidate_core_i014_03
buildQualification=4:Dual
","schemaId=32:ItemGeneratedInstanceSnapshot.v1
generationAlgorithmId=21:item-instance-roll-v1
generationDataStatus=63:QA_FIXTURE_ONLY|NOT_BALANCE_APPROVED|NOT_FORMAL_GENERATION_DATA
itemInstanceId=19:wb_i014_blue_150068
baseItemId=4:I014
rarity=4:blue
generationVersion=1:1
rootSeed=6:150068
cultivationPotentialProfileId=32:candidate_core_profile_i014_blue
statId=8:cooldown
statRawUnits=1:5
statId=8:duration
statRawUnits=1:4
statId=5:guard
statRawUnits=2:26
statId=8:nianCost
statRawUnits=1:4
slotId=8:fixed_01
slotKind=5:Fixed
affixId=14:affix_guard_up
affixValueProfileId=30:candidate_value_affix_guard_up
affixRawUnits=3:589
slotId=9:random_01
slotKind=6:Random
affixId=24:affix_cooldown_reduction
affixValueProfileId=40:candidate_value_affix_cooldown_reduction
affixRawUnits=3:669
eligibleCoreEffectId=22:candidate_core_i014_01
eligibleCoreEffectId=22:candidate_core_i014_02
eligibleCoreEffectId=22:candidate_core_i014_03
visibleCoreEffectId=22:candidate_core_i014_01
visibleCoreEffectId=22:candidate_core_i014_02
visibleCoreEffectId=22:candidate_core_i014_03
buildQualification=4:Dual
",PASS
roll.I014@purple,roll_150,PASS,PASS,PASS
projection.I014@purple,projection_150,PASS,PASS,PASS
determinism.I014@purple,determinism_150,"schemaId=32:ItemGeneratedInstanceSnapshot.v1
generationAlgorithmId=21:item-instance-roll-v1
generationDataStatus=63:QA_FIXTURE_ONLY|NOT_BALANCE_APPROVED|NOT_FORMAL_GENERATION_DATA
itemInstanceId=21:wb_i014_purple_150069
baseItemId=4:I014
rarity=6:purple
generationVersion=1:1
rootSeed=6:150069
cultivationPotentialProfileId=34:candidate_core_profile_i014_purple
statId=8:cooldown
statRawUnits=1:4
statId=8:duration
statRawUnits=1:4
statId=5:guard
statRawUnits=2:30
statId=8:nianCost
statRawUnits=1:4
slotId=8:fixed_01
slotKind=5:Fixed
affixId=14:affix_guard_up
affixValueProfileId=30:candidate_value_affix_guard_up
affixRawUnits=3:883
slotId=9:random_01
slotKind=6:Random
affixId=17:affix_duration_up
affixValueProfileId=33:candidate_value_affix_duration_up
affixRawUnits=1:4
eligibleCoreEffectId=22:candidate_core_i014_01
eligibleCoreEffectId=22:candidate_core_i014_02
eligibleCoreEffectId=22:candidate_core_i014_03
eligibleCoreEffectId=22:candidate_core_i014_04
visibleCoreEffectId=22:candidate_core_i014_01
visibleCoreEffectId=22:candidate_core_i014_02
visibleCoreEffectId=22:candidate_core_i014_03
visibleCoreEffectId=22:candidate_core_i014_04
buildQualification=9:QiLeiOnly
","schemaId=32:ItemGeneratedInstanceSnapshot.v1
generationAlgorithmId=21:item-instance-roll-v1
generationDataStatus=63:QA_FIXTURE_ONLY|NOT_BALANCE_APPROVED|NOT_FORMAL_GENERATION_DATA
itemInstanceId=21:wb_i014_purple_150069
baseItemId=4:I014
rarity=6:purple
generationVersion=1:1
rootSeed=6:150069
cultivationPotentialProfileId=34:candidate_core_profile_i014_purple
statId=8:cooldown
statRawUnits=1:4
statId=8:duration
statRawUnits=1:4
statId=5:guard
statRawUnits=2:30
statId=8:nianCost
statRawUnits=1:4
slotId=8:fixed_01
slotKind=5:Fixed
affixId=14:affix_guard_up
affixValueProfileId=30:candidate_value_affix_guard_up
affixRawUnits=3:883
slotId=9:random_01
slotKind=6:Random
affixId=17:affix_duration_up
affixValueProfileId=33:candidate_value_affix_duration_up
affixRawUnits=1:4
eligibleCoreEffectId=22:candidate_core_i014_01
eligibleCoreEffectId=22:candidate_core_i014_02
eligibleCoreEffectId=22:candidate_core_i014_03
eligibleCoreEffectId=22:candidate_core_i014_04
visibleCoreEffectId=22:candidate_core_i014_01
visibleCoreEffectId=22:candidate_core_i014_02
visibleCoreEffectId=22:candidate_core_i014_03
visibleCoreEffectId=22:candidate_core_i014_04
buildQualification=9:QiLeiOnly
",PASS
roll.I014@orange,roll_150,PASS,PASS,PASS
projection.I014@orange,projection_150,PASS,PASS,PASS
determinism.I014@orange,determinism_150,"schemaId=32:ItemGeneratedInstanceSnapshot.v1
generationAlgorithmId=21:item-instance-roll-v1
generationDataStatus=63:QA_FIXTURE_ONLY|NOT_BALANCE_APPROVED|NOT_FORMAL_GENERATION_DATA
itemInstanceId=21:wb_i014_orange_150070
baseItemId=4:I014
rarity=6:orange
generationVersion=1:1
rootSeed=6:150070
cultivationPotentialProfileId=34:candidate_core_profile_i014_orange
statId=8:cooldown
statRawUnits=1:4
statId=8:duration
statRawUnits=1:5
statId=5:guard
statRawUnits=2:35
statId=8:nianCost
statRawUnits=1:3
slotId=8:fixed_01
slotKind=5:Fixed
affixId=14:affix_guard_up
affixValueProfileId=30:candidate_value_affix_guard_up
affixRawUnits=4:1800
slotId=9:random_01
slotKind=6:Random
affixId=17:affix_duration_up
affixValueProfileId=33:candidate_value_affix_duration_up
affixRawUnits=1:5
eligibleCoreEffectId=22:candidate_core_i014_01
eligibleCoreEffectId=22:candidate_core_i014_02
eligibleCoreEffectId=22:candidate_core_i014_03
eligibleCoreEffectId=22:candidate_core_i014_04
eligibleCoreEffectId=28:candidate_core_i014_ultimate
visibleCoreEffectId=22:candidate_core_i014_01
visibleCoreEffectId=22:candidate_core_i014_02
visibleCoreEffectId=22:candidate_core_i014_03
visibleCoreEffectId=22:candidate_core_i014_04
visibleCoreEffectId=28:candidate_core_i014_ultimate
buildQualification=4:None
","schemaId=32:ItemGeneratedInstanceSnapshot.v1
generationAlgorithmId=21:item-instance-roll-v1
generationDataStatus=63:QA_FIXTURE_ONLY|NOT_BALANCE_APPROVED|NOT_FORMAL_GENERATION_DATA
itemInstanceId=21:wb_i014_orange_150070
baseItemId=4:I014
rarity=6:orange
generationVersion=1:1
rootSeed=6:150070
cultivationPotentialProfileId=34:candidate_core_profile_i014_orange
statId=8:cooldown
statRawUnits=1:4
statId=8:duration
statRawUnits=1:5
statId=5:guard
statRawUnits=2:35
statId=8:nianCost
statRawUnits=1:3
slotId=8:fixed_01
slotKind=5:Fixed
affixId=14:affix_guard_up
affixValueProfileId=30:candidate_value_affix_guard_up
affixRawUnits=4:1800
slotId=9:random_01
slotKind=6:Random
affixId=17:affix_duration_up
affixValueProfileId=33:candidate_value_affix_duration_up
affixRawUnits=1:5
eligibleCoreEffectId=22:candidate_core_i014_01
eligibleCoreEffectId=22:candidate_core_i014_02
eligibleCoreEffectId=22:candidate_core_i014_03
eligibleCoreEffectId=22:candidate_core_i014_04
eligibleCoreEffectId=28:candidate_core_i014_ultimate
visibleCoreEffectId=22:candidate_core_i014_01
visibleCoreEffectId=22:candidate_core_i014_02
visibleCoreEffectId=22:candidate_core_i014_03
visibleCoreEffectId=22:candidate_core_i014_04
visibleCoreEffectId=28:candidate_core_i014_ultimate
buildQualification=4:None
",PASS
roll.I015@white,roll_150,PASS,PASS,PASS
projection.I015@white,projection_150,PASS,PASS,PASS
determinism.I015@white,determinism_150,"schemaId=32:ItemGeneratedInstanceSnapshot.v1
generationAlgorithmId=21:item-instance-roll-v1
generationDataStatus=63:QA_FIXTURE_ONLY|NOT_BALANCE_APPROVED|NOT_FORMAL_GENERATION_DATA
itemInstanceId=20:wb_i015_white_150071
baseItemId=4:I015
rarity=5:white
generationVersion=1:1
rootSeed=6:150071
cultivationPotentialProfileId=33:candidate_core_profile_i015_white
statId=7:control
statRawUnits=1:3
statId=8:cooldown
statRawUnits=1:7
statId=5:guard
statRawUnits=2:25
statId=8:nianCost
statRawUnits=1:7
slotId=8:fixed_01
slotKind=5:Fixed
affixId=14:affix_guard_up
affixValueProfileId=30:candidate_value_affix_guard_up
affixRawUnits=3:279
slotId=9:random_01
slotKind=6:Random
affixId=16:affix_control_up
affixValueProfileId=32:candidate_value_affix_control_up
affixRawUnits=1:1
eligibleCoreEffectId=22:candidate_core_i015_01
visibleCoreEffectId=22:candidate_core_i015_01
buildQualification=4:None
","schemaId=32:ItemGeneratedInstanceSnapshot.v1
generationAlgorithmId=21:item-instance-roll-v1
generationDataStatus=63:QA_FIXTURE_ONLY|NOT_BALANCE_APPROVED|NOT_FORMAL_GENERATION_DATA
itemInstanceId=20:wb_i015_white_150071
baseItemId=4:I015
rarity=5:white
generationVersion=1:1
rootSeed=6:150071
cultivationPotentialProfileId=33:candidate_core_profile_i015_white
statId=7:control
statRawUnits=1:3
statId=8:cooldown
statRawUnits=1:7
statId=5:guard
statRawUnits=2:25
statId=8:nianCost
statRawUnits=1:7
slotId=8:fixed_01
slotKind=5:Fixed
affixId=14:affix_guard_up
affixValueProfileId=30:candidate_value_affix_guard_up
affixRawUnits=3:279
slotId=9:random_01
slotKind=6:Random
affixId=16:affix_control_up
affixValueProfileId=32:candidate_value_affix_control_up
affixRawUnits=1:1
eligibleCoreEffectId=22:candidate_core_i015_01
visibleCoreEffectId=22:candidate_core_i015_01
buildQualification=4:None
",PASS
roll.I015@green,roll_150,PASS,PASS,PASS
projection.I015@green,projection_150,PASS,PASS,PASS
determinism.I015@green,determinism_150,"schemaId=32:ItemGeneratedInstanceSnapshot.v1
generationAlgorithmId=21:item-instance-roll-v1
generationDataStatus=63:QA_FIXTURE_ONLY|NOT_BALANCE_APPROVED|NOT_FORMAL_GENERATION_DATA
itemInstanceId=20:wb_i015_green_150072
baseItemId=4:I015
rarity=5:green
generationVersion=1:1
rootSeed=6:150072
cultivationPotentialProfileId=33:candidate_core_profile_i015_green
statId=7:control
statRawUnits=1:6
statId=8:cooldown
statRawUnits=1:6
statId=5:guard
statRawUnits=2:30
statId=8:nianCost
statRawUnits=1:6
slotId=8:fixed_01
slotKind=5:Fixed
affixId=14:affix_guard_up
affixValueProfileId=30:candidate_value_affix_guard_up
affixRawUnits=3:483
slotId=9:random_01
slotKind=6:Random
affixId=21:affix_nian_efficiency
affixValueProfileId=37:candidate_value_affix_nian_efficiency
affixRawUnits=3:408
eligibleCoreEffectId=22:candidate_core_i015_01
eligibleCoreEffectId=22:candidate_core_i015_02
visibleCoreEffectId=22:candidate_core_i015_01
visibleCoreEffectId=22:candidate_core_i015_02
buildQualification=4:None
","schemaId=32:ItemGeneratedInstanceSnapshot.v1
generationAlgorithmId=21:item-instance-roll-v1
generationDataStatus=63:QA_FIXTURE_ONLY|NOT_BALANCE_APPROVED|NOT_FORMAL_GENERATION_DATA
itemInstanceId=20:wb_i015_green_150072
baseItemId=4:I015
rarity=5:green
generationVersion=1:1
rootSeed=6:150072
cultivationPotentialProfileId=33:candidate_core_profile_i015_green
statId=7:control
statRawUnits=1:6
statId=8:cooldown
statRawUnits=1:6
statId=5:guard
statRawUnits=2:30
statId=8:nianCost
statRawUnits=1:6
slotId=8:fixed_01
slotKind=5:Fixed
affixId=14:affix_guard_up
affixValueProfileId=30:candidate_value_affix_guard_up
affixRawUnits=3:483
slotId=9:random_01
slotKind=6:Random
affixId=21:affix_nian_efficiency
affixValueProfileId=37:candidate_value_affix_nian_efficiency
affixRawUnits=3:408
eligibleCoreEffectId=22:candidate_core_i015_01
eligibleCoreEffectId=22:candidate_core_i015_02
visibleCoreEffectId=22:candidate_core_i015_01
visibleCoreEffectId=22:candidate_core_i015_02
buildQualification=4:None
",PASS
roll.I015@blue,roll_150,PASS,PASS,PASS
projection.I015@blue,projection_150,PASS,PASS,PASS
determinism.I015@blue,determinism_150,"schemaId=32:ItemGeneratedInstanceSnapshot.v1
generationAlgorithmId=21:item-instance-roll-v1
generationDataStatus=63:QA_FIXTURE_ONLY|NOT_BALANCE_APPROVED|NOT_FORMAL_GENERATION_DATA
itemInstanceId=19:wb_i015_blue_150073
baseItemId=4:I015
rarity=4:blue
generationVersion=1:1
rootSeed=6:150073
cultivationPotentialProfileId=32:candidate_core_profile_i015_blue
statId=7:control
statRawUnits=1:5
statId=8:cooldown
statRawUnits=1:6
statId=5:guard
statRawUnits=2:36
statId=8:nianCost
statRawUnits=1:6
slotId=8:fixed_01
slotKind=5:Fixed
affixId=14:affix_guard_up
affixValueProfileId=30:candidate_value_affix_guard_up
affixRawUnits=3:796
slotId=9:random_01
slotKind=6:Random
affixId=16:affix_control_up
affixValueProfileId=32:candidate_value_affix_control_up
affixRawUnits=1:8
eligibleCoreEffectId=22:candidate_core_i015_01
eligibleCoreEffectId=22:candidate_core_i015_02
eligibleCoreEffectId=22:candidate_core_i015_03
visibleCoreEffectId=22:candidate_core_i015_01
visibleCoreEffectId=22:candidate_core_i015_02
visibleCoreEffectId=22:candidate_core_i015_03
buildQualification=4:None
","schemaId=32:ItemGeneratedInstanceSnapshot.v1
generationAlgorithmId=21:item-instance-roll-v1
generationDataStatus=63:QA_FIXTURE_ONLY|NOT_BALANCE_APPROVED|NOT_FORMAL_GENERATION_DATA
itemInstanceId=19:wb_i015_blue_150073
baseItemId=4:I015
rarity=4:blue
generationVersion=1:1
rootSeed=6:150073
cultivationPotentialProfileId=32:candidate_core_profile_i015_blue
statId=7:control
statRawUnits=1:5
statId=8:cooldown
statRawUnits=1:6
statId=5:guard
statRawUnits=2:36
statId=8:nianCost
statRawUnits=1:6
slotId=8:fixed_01
slotKind=5:Fixed
affixId=14:affix_guard_up
affixValueProfileId=30:candidate_value_affix_guard_up
affixRawUnits=3:796
slotId=9:random_01
slotKind=6:Random
affixId=16:affix_control_up
affixValueProfileId=32:candidate_value_affix_control_up
affixRawUnits=1:8
eligibleCoreEffectId=22:candidate_core_i015_01
eligibleCoreEffectId=22:candidate_core_i015_02
eligibleCoreEffectId=22:candidate_core_i015_03
visibleCoreEffectId=22:candidate_core_i015_01
visibleCoreEffectId=22:candidate_core_i015_02
visibleCoreEffectId=22:candidate_core_i015_03
buildQualification=4:None
",PASS
roll.I015@purple,roll_150,PASS,PASS,PASS
projection.I015@purple,projection_150,PASS,PASS,PASS
determinism.I015@purple,determinism_150,"schemaId=32:ItemGeneratedInstanceSnapshot.v1
generationAlgorithmId=21:item-instance-roll-v1
generationDataStatus=63:QA_FIXTURE_ONLY|NOT_BALANCE_APPROVED|NOT_FORMAL_GENERATION_DATA
itemInstanceId=21:wb_i015_purple_150074
baseItemId=4:I015
rarity=6:purple
generationVersion=1:1
rootSeed=6:150074
cultivationPotentialProfileId=34:candidate_core_profile_i015_purple
statId=7:control
statRawUnits=1:8
statId=8:cooldown
statRawUnits=1:5
statId=5:guard
statRawUnits=2:52
statId=8:nianCost
statRawUnits=1:4
slotId=8:fixed_01
slotKind=5:Fixed
affixId=14:affix_guard_up
affixValueProfileId=30:candidate_value_affix_guard_up
affixRawUnits=4:1191
slotId=9:random_01
slotKind=6:Random
affixId=21:affix_nian_efficiency
affixValueProfileId=37:candidate_value_affix_nian_efficiency
affixRawUnits=4:1133
eligibleCoreEffectId=22:candidate_core_i015_01
eligibleCoreEffectId=22:candidate_core_i015_02
eligibleCoreEffectId=22:candidate_core_i015_03
eligibleCoreEffectId=22:candidate_core_i015_04
visibleCoreEffectId=22:candidate_core_i015_01
visibleCoreEffectId=22:candidate_core_i015_02
visibleCoreEffectId=22:candidate_core_i015_03
visibleCoreEffectId=22:candidate_core_i015_04
buildQualification=9:FaMenOnly
","schemaId=32:ItemGeneratedInstanceSnapshot.v1
generationAlgorithmId=21:item-instance-roll-v1
generationDataStatus=63:QA_FIXTURE_ONLY|NOT_BALANCE_APPROVED|NOT_FORMAL_GENERATION_DATA
itemInstanceId=21:wb_i015_purple_150074
baseItemId=4:I015
rarity=6:purple
generationVersion=1:1
rootSeed=6:150074
cultivationPotentialProfileId=34:candidate_core_profile_i015_purple
statId=7:control
statRawUnits=1:8
statId=8:cooldown
statRawUnits=1:5
statId=5:guard
statRawUnits=2:52
statId=8:nianCost
statRawUnits=1:4
slotId=8:fixed_01
slotKind=5:Fixed
affixId=14:affix_guard_up
affixValueProfileId=30:candidate_value_affix_guard_up
affixRawUnits=4:1191
slotId=9:random_01
slotKind=6:Random
affixId=21:affix_nian_efficiency
affixValueProfileId=37:candidate_value_affix_nian_efficiency
affixRawUnits=4:1133
eligibleCoreEffectId=22:candidate_core_i015_01
eligibleCoreEffectId=22:candidate_core_i015_02
eligibleCoreEffectId=22:candidate_core_i015_03
eligibleCoreEffectId=22:candidate_core_i015_04
visibleCoreEffectId=22:candidate_core_i015_01
visibleCoreEffectId=22:candidate_core_i015_02
visibleCoreEffectId=22:candidate_core_i015_03
visibleCoreEffectId=22:candidate_core_i015_04
buildQualification=9:FaMenOnly
",PASS
roll.I015@orange,roll_150,PASS,PASS,PASS
projection.I015@orange,projection_150,PASS,PASS,PASS
determinism.I015@orange,determinism_150,"schemaId=32:ItemGeneratedInstanceSnapshot.v1
generationAlgorithmId=21:item-instance-roll-v1
generationDataStatus=63:QA_FIXTURE_ONLY|NOT_BALANCE_APPROVED|NOT_FORMAL_GENERATION_DATA
itemInstanceId=21:wb_i015_orange_150075
baseItemId=4:I015
rarity=6:orange
generationVersion=1:1
rootSeed=6:150075
cultivationPotentialProfileId=34:candidate_core_profile_i015_orange
statId=7:control
statRawUnits=1:9
statId=8:cooldown
statRawUnits=1:5
statId=5:guard
statRawUnits=2:50
statId=8:nianCost
statRawUnits=1:4
slotId=8:fixed_01
slotKind=5:Fixed
affixId=14:affix_guard_up
affixValueProfileId=30:candidate_value_affix_guard_up
affixRawUnits=4:1736
slotId=9:random_01
slotKind=6:Random
affixId=24:affix_cooldown_reduction
affixValueProfileId=40:candidate_value_affix_cooldown_reduction
affixRawUnits=4:1214
eligibleCoreEffectId=22:candidate_core_i015_01
eligibleCoreEffectId=22:candidate_core_i015_02
eligibleCoreEffectId=22:candidate_core_i015_03
eligibleCoreEffectId=22:candidate_core_i015_04
eligibleCoreEffectId=28:candidate_core_i015_ultimate
visibleCoreEffectId=22:candidate_core_i015_01
visibleCoreEffectId=22:candidate_core_i015_02
visibleCoreEffectId=22:candidate_core_i015_03
visibleCoreEffectId=22:candidate_core_i015_04
visibleCoreEffectId=28:candidate_core_i015_ultimate
buildQualification=9:FaMenOnly
","schemaId=32:ItemGeneratedInstanceSnapshot.v1
generationAlgorithmId=21:item-instance-roll-v1
generationDataStatus=63:QA_FIXTURE_ONLY|NOT_BALANCE_APPROVED|NOT_FORMAL_GENERATION_DATA
itemInstanceId=21:wb_i015_orange_150075
baseItemId=4:I015
rarity=6:orange
generationVersion=1:1
rootSeed=6:150075
cultivationPotentialProfileId=34:candidate_core_profile_i015_orange
statId=7:control
statRawUnits=1:9
statId=8:cooldown
statRawUnits=1:5
statId=5:guard
statRawUnits=2:50
statId=8:nianCost
statRawUnits=1:4
slotId=8:fixed_01
slotKind=5:Fixed
affixId=14:affix_guard_up
affixValueProfileId=30:candidate_value_affix_guard_up
affixRawUnits=4:1736
slotId=9:random_01
slotKind=6:Random
affixId=24:affix_cooldown_reduction
affixValueProfileId=40:candidate_value_affix_cooldown_reduction
affixRawUnits=4:1214
eligibleCoreEffectId=22:candidate_core_i015_01
eligibleCoreEffectId=22:candidate_core_i015_02
eligibleCoreEffectId=22:candidate_core_i015_03
eligibleCoreEffectId=22:candidate_core_i015_04
eligibleCoreEffectId=28:candidate_core_i015_ultimate
visibleCoreEffectId=22:candidate_core_i015_01
visibleCoreEffectId=22:candidate_core_i015_02
visibleCoreEffectId=22:candidate_core_i015_03
visibleCoreEffectId=22:candidate_core_i015_04
visibleCoreEffectId=28:candidate_core_i015_ultimate
buildQualification=9:FaMenOnly
",PASS
roll.I016@white,roll_150,PASS,PASS,PASS
projection.I016@white,projection_150,PASS,PASS,PASS
determinism.I016@white,determinism_150,"schemaId=32:ItemGeneratedInstanceSnapshot.v1
generationAlgorithmId=21:item-instance-roll-v1
generationDataStatus=63:QA_FIXTURE_ONLY|NOT_BALANCE_APPROVED|NOT_FORMAL_GENERATION_DATA
itemInstanceId=20:wb_i016_white_150076
baseItemId=4:I016
rarity=5:white
generationVersion=1:1
rootSeed=6:150076
cultivationPotentialProfileId=33:candidate_core_profile_i016_white
statId=8:cooldown
statRawUnits=1:4
statId=8:duration
statRawUnits=1:2
statId=5:guard
statRawUnits=2:20
statId=8:nianCost
statRawUnits=1:6
slotId=8:fixed_01
slotKind=5:Fixed
affixId=14:affix_guard_up
affixValueProfileId=30:candidate_value_affix_guard_up
affixRawUnits=3:344
slotId=9:random_01
slotKind=6:Random
affixId=21:affix_nian_efficiency
affixValueProfileId=37:candidate_value_affix_nian_efficiency
affixRawUnits=3:254
eligibleCoreEffectId=22:candidate_core_i016_01
visibleCoreEffectId=22:candidate_core_i016_01
buildQualification=4:None
","schemaId=32:ItemGeneratedInstanceSnapshot.v1
generationAlgorithmId=21:item-instance-roll-v1
generationDataStatus=63:QA_FIXTURE_ONLY|NOT_BALANCE_APPROVED|NOT_FORMAL_GENERATION_DATA
itemInstanceId=20:wb_i016_white_150076
baseItemId=4:I016
rarity=5:white
generationVersion=1:1
rootSeed=6:150076
cultivationPotentialProfileId=33:candidate_core_profile_i016_white
statId=8:cooldown
statRawUnits=1:4
statId=8:duration
statRawUnits=1:2
statId=5:guard
statRawUnits=2:20
statId=8:nianCost
statRawUnits=1:6
slotId=8:fixed_01
slotKind=5:Fixed
affixId=14:affix_guard_up
affixValueProfileId=30:candidate_value_affix_guard_up
affixRawUnits=3:344
slotId=9:random_01
slotKind=6:Random
affixId=21:affix_nian_efficiency
affixValueProfileId=37:candidate_value_affix_nian_efficiency
affixRawUnits=3:254
eligibleCoreEffectId=22:candidate_core_i016_01
visibleCoreEffectId=22:candidate_core_i016_01
buildQualification=4:None
",PASS
roll.I016@green,roll_150,PASS,PASS,PASS
projection.I016@green,projection_150,PASS,PASS,PASS
determinism.I016@green,determinism_150,"schemaId=32:ItemGeneratedInstanceSnapshot.v1
generationAlgorithmId=21:item-instance-roll-v1
generationDataStatus=63:QA_FIXTURE_ONLY|NOT_BALANCE_APPROVED|NOT_FORMAL_GENERATION_DATA
itemInstanceId=20:wb_i016_green_150077
baseItemId=4:I016
rarity=5:green
generationVersion=1:1
rootSeed=6:150077
cultivationPotentialProfileId=33:candidate_core_profile_i016_green
statId=8:cooldown
statRawUnits=1:4
statId=8:duration
statRawUnits=1:3
statId=5:guard
statRawUnits=2:26
statId=8:nianCost
statRawUnits=1:5
slotId=8:fixed_01
slotKind=5:Fixed
affixId=14:affix_guard_up
affixValueProfileId=30:candidate_value_affix_guard_up
affixRawUnits=3:564
slotId=9:random_01
slotKind=6:Random
affixId=24:affix_cooldown_reduction
affixValueProfileId=40:candidate_value_affix_cooldown_reduction
affixRawUnits=3:580
eligibleCoreEffectId=22:candidate_core_i016_01
eligibleCoreEffectId=22:candidate_core_i016_02
visibleCoreEffectId=22:candidate_core_i016_01
visibleCoreEffectId=22:candidate_core_i016_02
buildQualification=9:QiLeiOnly
","schemaId=32:ItemGeneratedInstanceSnapshot.v1
generationAlgorithmId=21:item-instance-roll-v1
generationDataStatus=63:QA_FIXTURE_ONLY|NOT_BALANCE_APPROVED|NOT_FORMAL_GENERATION_DATA
itemInstanceId=20:wb_i016_green_150077
baseItemId=4:I016
rarity=5:green
generationVersion=1:1
rootSeed=6:150077
cultivationPotentialProfileId=33:candidate_core_profile_i016_green
statId=8:cooldown
statRawUnits=1:4
statId=8:duration
statRawUnits=1:3
statId=5:guard
statRawUnits=2:26
statId=8:nianCost
statRawUnits=1:5
slotId=8:fixed_01
slotKind=5:Fixed
affixId=14:affix_guard_up
affixValueProfileId=30:candidate_value_affix_guard_up
affixRawUnits=3:564
slotId=9:random_01
slotKind=6:Random
affixId=24:affix_cooldown_reduction
affixValueProfileId=40:candidate_value_affix_cooldown_reduction
affixRawUnits=3:580
eligibleCoreEffectId=22:candidate_core_i016_01
eligibleCoreEffectId=22:candidate_core_i016_02
visibleCoreEffectId=22:candidate_core_i016_01
visibleCoreEffectId=22:candidate_core_i016_02
buildQualification=9:QiLeiOnly
",PASS
roll.I016@blue,roll_150,PASS,PASS,PASS
projection.I016@blue,projection_150,PASS,PASS,PASS
determinism.I016@blue,determinism_150,"schemaId=32:ItemGeneratedInstanceSnapshot.v1
generationAlgorithmId=21:item-instance-roll-v1
generationDataStatus=63:QA_FIXTURE_ONLY|NOT_BALANCE_APPROVED|NOT_FORMAL_GENERATION_DATA
itemInstanceId=19:wb_i016_blue_150078
baseItemId=4:I016
rarity=4:blue
generationVersion=1:1
rootSeed=6:150078
cultivationPotentialProfileId=32:candidate_core_profile_i016_blue
statId=8:cooldown
statRawUnits=1:4
statId=8:duration
statRawUnits=1:5
statId=5:guard
statRawUnits=2:35
statId=8:nianCost
statRawUnits=1:4
slotId=8:fixed_01
slotKind=5:Fixed
affixId=14:affix_guard_up
affixValueProfileId=30:candidate_value_affix_guard_up
affixRawUnits=3:702
slotId=9:random_01
slotKind=6:Random
affixId=24:affix_cooldown_reduction
affixValueProfileId=40:candidate_value_affix_cooldown_reduction
affixRawUnits=3:657
eligibleCoreEffectId=22:candidate_core_i016_01
eligibleCoreEffectId=22:candidate_core_i016_02
eligibleCoreEffectId=22:candidate_core_i016_03
visibleCoreEffectId=22:candidate_core_i016_01
visibleCoreEffectId=22:candidate_core_i016_02
visibleCoreEffectId=22:candidate_core_i016_03
buildQualification=9:FaMenOnly
","schemaId=32:ItemGeneratedInstanceSnapshot.v1
generationAlgorithmId=21:item-instance-roll-v1
generationDataStatus=63:QA_FIXTURE_ONLY|NOT_BALANCE_APPROVED|NOT_FORMAL_GENERATION_DATA
itemInstanceId=19:wb_i016_blue_150078
baseItemId=4:I016
rarity=4:blue
generationVersion=1:1
rootSeed=6:150078
cultivationPotentialProfileId=32:candidate_core_profile_i016_blue
statId=8:cooldown
statRawUnits=1:4
statId=8:duration
statRawUnits=1:5
statId=5:guard
statRawUnits=2:35
statId=8:nianCost
statRawUnits=1:4
slotId=8:fixed_01
slotKind=5:Fixed
affixId=14:affix_guard_up
affixValueProfileId=30:candidate_value_affix_guard_up
affixRawUnits=3:702
slotId=9:random_01
slotKind=6:Random
affixId=24:affix_cooldown_reduction
affixValueProfileId=40:candidate_value_affix_cooldown_reduction
affixRawUnits=3:657
eligibleCoreEffectId=22:candidate_core_i016_01
eligibleCoreEffectId=22:candidate_core_i016_02
eligibleCoreEffectId=22:candidate_core_i016_03
visibleCoreEffectId=22:candidate_core_i016_01
visibleCoreEffectId=22:candidate_core_i016_02
visibleCoreEffectId=22:candidate_core_i016_03
buildQualification=9:FaMenOnly
",PASS
roll.I016@purple,roll_150,PASS,PASS,PASS
projection.I016@purple,projection_150,PASS,PASS,PASS
determinism.I016@purple,determinism_150,"schemaId=32:ItemGeneratedInstanceSnapshot.v1
generationAlgorithmId=21:item-instance-roll-v1
generationDataStatus=63:QA_FIXTURE_ONLY|NOT_BALANCE_APPROVED|NOT_FORMAL_GENERATION_DATA
itemInstanceId=21:wb_i016_purple_150079
baseItemId=4:I016
rarity=6:purple
generationVersion=1:1
rootSeed=6:150079
cultivationPotentialProfileId=34:candidate_core_profile_i016_purple
statId=8:cooldown
statRawUnits=1:2
statId=8:duration
statRawUnits=1:5
statId=5:guard
statRawUnits=2:40
statId=8:nianCost
statRawUnits=1:4
slotId=8:fixed_01
slotKind=5:Fixed
affixId=14:affix_guard_up
affixValueProfileId=30:candidate_value_affix_guard_up
affixRawUnits=3:909
slotId=9:random_01
slotKind=6:Random
affixId=21:affix_nian_efficiency
affixValueProfileId=37:candidate_value_affix_nian_efficiency
affixRawUnits=3:892
eligibleCoreEffectId=22:candidate_core_i016_01
eligibleCoreEffectId=22:candidate_core_i016_02
eligibleCoreEffectId=22:candidate_core_i016_03
eligibleCoreEffectId=22:candidate_core_i016_04
visibleCoreEffectId=22:candidate_core_i016_01
visibleCoreEffectId=22:candidate_core_i016_02
visibleCoreEffectId=22:candidate_core_i016_03
visibleCoreEffectId=22:candidate_core_i016_04
buildQualification=4:None
","schemaId=32:ItemGeneratedInstanceSnapshot.v1
generationAlgorithmId=21:item-instance-roll-v1
generationDataStatus=63:QA_FIXTURE_ONLY|NOT_BALANCE_APPROVED|NOT_FORMAL_GENERATION_DATA
itemInstanceId=21:wb_i016_purple_150079
baseItemId=4:I016
rarity=6:purple
generationVersion=1:1
rootSeed=6:150079
cultivationPotentialProfileId=34:candidate_core_profile_i016_purple
statId=8:cooldown
statRawUnits=1:2
statId=8:duration
statRawUnits=1:5
statId=5:guard
statRawUnits=2:40
statId=8:nianCost
statRawUnits=1:4
slotId=8:fixed_01
slotKind=5:Fixed
affixId=14:affix_guard_up
affixValueProfileId=30:candidate_value_affix_guard_up
affixRawUnits=3:909
slotId=9:random_01
slotKind=6:Random
affixId=21:affix_nian_efficiency
affixValueProfileId=37:candidate_value_affix_nian_efficiency
affixRawUnits=3:892
eligibleCoreEffectId=22:candidate_core_i016_01
eligibleCoreEffectId=22:candidate_core_i016_02
eligibleCoreEffectId=22:candidate_core_i016_03
eligibleCoreEffectId=22:candidate_core_i016_04
visibleCoreEffectId=22:candidate_core_i016_01
visibleCoreEffectId=22:candidate_core_i016_02
visibleCoreEffectId=22:candidate_core_i016_03
visibleCoreEffectId=22:candidate_core_i016_04
buildQualification=4:None
",PASS
roll.I016@orange,roll_150,PASS,PASS,PASS
projection.I016@orange,projection_150,PASS,PASS,PASS
determinism.I016@orange,determinism_150,"schemaId=32:ItemGeneratedInstanceSnapshot.v1
generationAlgorithmId=21:item-instance-roll-v1
generationDataStatus=63:QA_FIXTURE_ONLY|NOT_BALANCE_APPROVED|NOT_FORMAL_GENERATION_DATA
itemInstanceId=21:wb_i016_orange_150080
baseItemId=4:I016
rarity=6:orange
generationVersion=1:1
rootSeed=6:150080
cultivationPotentialProfileId=34:candidate_core_profile_i016_orange
statId=8:cooldown
statRawUnits=1:2
statId=8:duration
statRawUnits=1:5
statId=5:guard
statRawUnits=2:44
statId=8:nianCost
statRawUnits=1:4
slotId=8:fixed_01
slotKind=5:Fixed
affixId=14:affix_guard_up
affixValueProfileId=30:candidate_value_affix_guard_up
affixRawUnits=4:1259
slotId=9:random_01
slotKind=6:Random
affixId=17:affix_duration_up
affixValueProfileId=33:candidate_value_affix_duration_up
affixRawUnits=1:6
eligibleCoreEffectId=22:candidate_core_i016_01
eligibleCoreEffectId=22:candidate_core_i016_02
eligibleCoreEffectId=22:candidate_core_i016_03
eligibleCoreEffectId=22:candidate_core_i016_04
eligibleCoreEffectId=28:candidate_core_i016_ultimate
visibleCoreEffectId=22:candidate_core_i016_01
visibleCoreEffectId=22:candidate_core_i016_02
visibleCoreEffectId=22:candidate_core_i016_03
visibleCoreEffectId=22:candidate_core_i016_04
visibleCoreEffectId=28:candidate_core_i016_ultimate
buildQualification=4:Dual
","schemaId=32:ItemGeneratedInstanceSnapshot.v1
generationAlgorithmId=21:item-instance-roll-v1
generationDataStatus=63:QA_FIXTURE_ONLY|NOT_BALANCE_APPROVED|NOT_FORMAL_GENERATION_DATA
itemInstanceId=21:wb_i016_orange_150080
baseItemId=4:I016
rarity=6:orange
generationVersion=1:1
rootSeed=6:150080
cultivationPotentialProfileId=34:candidate_core_profile_i016_orange
statId=8:cooldown
statRawUnits=1:2
statId=8:duration
statRawUnits=1:5
statId=5:guard
statRawUnits=2:44
statId=8:nianCost
statRawUnits=1:4
slotId=8:fixed_01
slotKind=5:Fixed
affixId=14:affix_guard_up
affixValueProfileId=30:candidate_value_affix_guard_up
affixRawUnits=4:1259
slotId=9:random_01
slotKind=6:Random
affixId=17:affix_duration_up
affixValueProfileId=33:candidate_value_affix_duration_up
affixRawUnits=1:6
eligibleCoreEffectId=22:candidate_core_i016_01
eligibleCoreEffectId=22:candidate_core_i016_02
eligibleCoreEffectId=22:candidate_core_i016_03
eligibleCoreEffectId=22:candidate_core_i016_04
eligibleCoreEffectId=28:candidate_core_i016_ultimate
visibleCoreEffectId=22:candidate_core_i016_01
visibleCoreEffectId=22:candidate_core_i016_02
visibleCoreEffectId=22:candidate_core_i016_03
visibleCoreEffectId=22:candidate_core_i016_04
visibleCoreEffectId=28:candidate_core_i016_ultimate
buildQualification=4:Dual
",PASS
roll.I017@white,roll_150,PASS,PASS,PASS
projection.I017@white,projection_150,PASS,PASS,PASS
determinism.I017@white,determinism_150,"schemaId=32:ItemGeneratedInstanceSnapshot.v1
generationAlgorithmId=21:item-instance-roll-v1
generationDataStatus=63:QA_FIXTURE_ONLY|NOT_BALANCE_APPROVED|NOT_FORMAL_GENERATION_DATA
itemInstanceId=20:wb_i017_white_150081
baseItemId=4:I017
rarity=5:white
generationVersion=1:1
rootSeed=6:150081
cultivationPotentialProfileId=33:candidate_core_profile_i017_white
statId=7:control
statRawUnits=1:2
statId=8:cooldown
statRawUnits=1:6
statId=5:guard
statRawUnits=2:26
statId=8:nianCost
statRawUnits=1:6
slotId=8:fixed_01
slotKind=5:Fixed
affixId=14:affix_guard_up
affixValueProfileId=30:candidate_value_affix_guard_up
affixRawUnits=3:203
slotId=9:random_01
slotKind=6:Random
affixId=16:affix_control_up
affixValueProfileId=32:candidate_value_affix_control_up
affixRawUnits=1:2
eligibleCoreEffectId=22:candidate_core_i017_01
visibleCoreEffectId=22:candidate_core_i017_01
buildQualification=4:None
","schemaId=32:ItemGeneratedInstanceSnapshot.v1
generationAlgorithmId=21:item-instance-roll-v1
generationDataStatus=63:QA_FIXTURE_ONLY|NOT_BALANCE_APPROVED|NOT_FORMAL_GENERATION_DATA
itemInstanceId=20:wb_i017_white_150081
baseItemId=4:I017
rarity=5:white
generationVersion=1:1
rootSeed=6:150081
cultivationPotentialProfileId=33:candidate_core_profile_i017_white
statId=7:control
statRawUnits=1:2
statId=8:cooldown
statRawUnits=1:6
statId=5:guard
statRawUnits=2:26
statId=8:nianCost
statRawUnits=1:6
slotId=8:fixed_01
slotKind=5:Fixed
affixId=14:affix_guard_up
affixValueProfileId=30:candidate_value_affix_guard_up
affixRawUnits=3:203
slotId=9:random_01
slotKind=6:Random
affixId=16:affix_control_up
affixValueProfileId=32:candidate_value_affix_control_up
affixRawUnits=1:2
eligibleCoreEffectId=22:candidate_core_i017_01
visibleCoreEffectId=22:candidate_core_i017_01
buildQualification=4:None
",PASS
roll.I017@green,roll_150,PASS,PASS,PASS
projection.I017@green,projection_150,PASS,PASS,PASS
determinism.I017@green,determinism_150,"schemaId=32:ItemGeneratedInstanceSnapshot.v1
generationAlgorithmId=21:item-instance-roll-v1
generationDataStatus=63:QA_FIXTURE_ONLY|NOT_BALANCE_APPROVED|NOT_FORMAL_GENERATION_DATA
itemInstanceId=20:wb_i017_green_150082
baseItemId=4:I017
rarity=5:green
generationVersion=1:1
rootSeed=6:150082
cultivationPotentialProfileId=33:candidate_core_profile_i017_green
statId=7:control
statRawUnits=1:3
statId=8:cooldown
statRawUnits=1:5
statId=5:guard
statRawUnits=2:35
statId=8:nianCost
statRawUnits=1:6
slotId=8:fixed_01
slotKind=5:Fixed
affixId=14:affix_guard_up
affixValueProfileId=30:candidate_value_affix_guard_up
affixRawUnits=3:461
slotId=9:random_01
slotKind=6:Random
affixId=16:affix_control_up
affixValueProfileId=32:candidate_value_affix_control_up
affixRawUnits=1:6
eligibleCoreEffectId=22:candidate_core_i017_01
eligibleCoreEffectId=22:candidate_core_i017_02
visibleCoreEffectId=22:candidate_core_i017_01
visibleCoreEffectId=22:candidate_core_i017_02
buildQualification=4:None
","schemaId=32:ItemGeneratedInstanceSnapshot.v1
generationAlgorithmId=21:item-instance-roll-v1
generationDataStatus=63:QA_FIXTURE_ONLY|NOT_BALANCE_APPROVED|NOT_FORMAL_GENERATION_DATA
itemInstanceId=20:wb_i017_green_150082
baseItemId=4:I017
rarity=5:green
generationVersion=1:1
rootSeed=6:150082
cultivationPotentialProfileId=33:candidate_core_profile_i017_green
statId=7:control
statRawUnits=1:3
statId=8:cooldown
statRawUnits=1:5
statId=5:guard
statRawUnits=2:35
statId=8:nianCost
statRawUnits=1:6
slotId=8:fixed_01
slotKind=5:Fixed
affixId=14:affix_guard_up
affixValueProfileId=30:candidate_value_affix_guard_up
affixRawUnits=3:461
slotId=9:random_01
slotKind=6:Random
affixId=16:affix_control_up
affixValueProfileId=32:candidate_value_affix_control_up
affixRawUnits=1:6
eligibleCoreEffectId=22:candidate_core_i017_01
eligibleCoreEffectId=22:candidate_core_i017_02
visibleCoreEffectId=22:candidate_core_i017_01
visibleCoreEffectId=22:candidate_core_i017_02
buildQualification=4:None
",PASS
roll.I017@blue,roll_150,PASS,PASS,PASS
projection.I017@blue,projection_150,PASS,PASS,PASS
determinism.I017@blue,determinism_150,"schemaId=32:ItemGeneratedInstanceSnapshot.v1
generationAlgorithmId=21:item-instance-roll-v1
generationDataStatus=63:QA_FIXTURE_ONLY|NOT_BALANCE_APPROVED|NOT_FORMAL_GENERATION_DATA
itemInstanceId=19:wb_i017_blue_150083
baseItemId=4:I017
rarity=4:blue
generationVersion=1:1
rootSeed=6:150083
cultivationPotentialProfileId=32:candidate_core_profile_i017_blue
statId=7:control
statRawUnits=1:7
statId=8:cooldown
statRawUnits=1:4
statId=5:guard
statRawUnits=2:40
statId=8:nianCost
statRawUnits=1:5
slotId=8:fixed_01
slotKind=5:Fixed
affixId=14:affix_guard_up
affixValueProfileId=30:candidate_value_affix_guard_up
affixRawUnits=3:660
slotId=9:random_01
slotKind=6:Random
affixId=16:affix_control_up
affixValueProfileId=32:candidate_value_affix_control_up
affixRawUnits=1:5
eligibleCoreEffectId=22:candidate_core_i017_01
eligibleCoreEffectId=22:candidate_core_i017_02
eligibleCoreEffectId=22:candidate_core_i017_03
visibleCoreEffectId=22:candidate_core_i017_01
visibleCoreEffectId=22:candidate_core_i017_02
visibleCoreEffectId=22:candidate_core_i017_03
buildQualification=4:None
","schemaId=32:ItemGeneratedInstanceSnapshot.v1
generationAlgorithmId=21:item-instance-roll-v1
generationDataStatus=63:QA_FIXTURE_ONLY|NOT_BALANCE_APPROVED|NOT_FORMAL_GENERATION_DATA
itemInstanceId=19:wb_i017_blue_150083
baseItemId=4:I017
rarity=4:blue
generationVersion=1:1
rootSeed=6:150083
cultivationPotentialProfileId=32:candidate_core_profile_i017_blue
statId=7:control
statRawUnits=1:7
statId=8:cooldown
statRawUnits=1:4
statId=5:guard
statRawUnits=2:40
statId=8:nianCost
statRawUnits=1:5
slotId=8:fixed_01
slotKind=5:Fixed
affixId=14:affix_guard_up
affixValueProfileId=30:candidate_value_affix_guard_up
affixRawUnits=3:660
slotId=9:random_01
slotKind=6:Random
affixId=16:affix_control_up
affixValueProfileId=32:candidate_value_affix_control_up
affixRawUnits=1:5
eligibleCoreEffectId=22:candidate_core_i017_01
eligibleCoreEffectId=22:candidate_core_i017_02
eligibleCoreEffectId=22:candidate_core_i017_03
visibleCoreEffectId=22:candidate_core_i017_01
visibleCoreEffectId=22:candidate_core_i017_02
visibleCoreEffectId=22:candidate_core_i017_03
buildQualification=4:None
",PASS
roll.I017@purple,roll_150,PASS,PASS,PASS
projection.I017@purple,projection_150,PASS,PASS,PASS
determinism.I017@purple,determinism_150,"schemaId=32:ItemGeneratedInstanceSnapshot.v1
generationAlgorithmId=21:item-instance-roll-v1
generationDataStatus=63:QA_FIXTURE_ONLY|NOT_BALANCE_APPROVED|NOT_FORMAL_GENERATION_DATA
itemInstanceId=21:wb_i017_purple_150084
baseItemId=4:I017
rarity=6:purple
generationVersion=1:1
rootSeed=6:150084
cultivationPotentialProfileId=34:candidate_core_profile_i017_purple
statId=7:control
statRawUnits=1:9
statId=8:cooldown
statRawUnits=1:4
statId=5:guard
statRawUnits=2:47
statId=8:nianCost
statRawUnits=1:3
slotId=8:fixed_01
slotKind=5:Fixed
affixId=14:affix_guard_up
affixValueProfileId=30:candidate_value_affix_guard_up
affixRawUnits=3:986
slotId=9:random_01
slotKind=6:Random
affixId=21:affix_nian_efficiency
affixValueProfileId=37:candidate_value_affix_nian_efficiency
affixRawUnits=4:1011
eligibleCoreEffectId=22:candidate_core_i017_01
eligibleCoreEffectId=22:candidate_core_i017_02
eligibleCoreEffectId=22:candidate_core_i017_03
eligibleCoreEffectId=22:candidate_core_i017_04
visibleCoreEffectId=22:candidate_core_i017_01
visibleCoreEffectId=22:candidate_core_i017_02
visibleCoreEffectId=22:candidate_core_i017_03
visibleCoreEffectId=22:candidate_core_i017_04
buildQualification=9:FaMenOnly
","schemaId=32:ItemGeneratedInstanceSnapshot.v1
generationAlgorithmId=21:item-instance-roll-v1
generationDataStatus=63:QA_FIXTURE_ONLY|NOT_BALANCE_APPROVED|NOT_FORMAL_GENERATION_DATA
itemInstanceId=21:wb_i017_purple_150084
baseItemId=4:I017
rarity=6:purple
generationVersion=1:1
rootSeed=6:150084
cultivationPotentialProfileId=34:candidate_core_profile_i017_purple
statId=7:control
statRawUnits=1:9
statId=8:cooldown
statRawUnits=1:4
statId=5:guard
statRawUnits=2:47
statId=8:nianCost
statRawUnits=1:3
slotId=8:fixed_01
slotKind=5:Fixed
affixId=14:affix_guard_up
affixValueProfileId=30:candidate_value_affix_guard_up
affixRawUnits=3:986
slotId=9:random_01
slotKind=6:Random
affixId=21:affix_nian_efficiency
affixValueProfileId=37:candidate_value_affix_nian_efficiency
affixRawUnits=4:1011
eligibleCoreEffectId=22:candidate_core_i017_01
eligibleCoreEffectId=22:candidate_core_i017_02
eligibleCoreEffectId=22:candidate_core_i017_03
eligibleCoreEffectId=22:candidate_core_i017_04
visibleCoreEffectId=22:candidate_core_i017_01
visibleCoreEffectId=22:candidate_core_i017_02
visibleCoreEffectId=22:candidate_core_i017_03
visibleCoreEffectId=22:candidate_core_i017_04
buildQualification=9:FaMenOnly
",PASS
roll.I017@orange,roll_150,PASS,PASS,PASS
projection.I017@orange,projection_150,PASS,PASS,PASS
determinism.I017@orange,determinism_150,"schemaId=32:ItemGeneratedInstanceSnapshot.v1
generationAlgorithmId=21:item-instance-roll-v1
generationDataStatus=63:QA_FIXTURE_ONLY|NOT_BALANCE_APPROVED|NOT_FORMAL_GENERATION_DATA
itemInstanceId=21:wb_i017_orange_150085
baseItemId=4:I017
rarity=6:orange
generationVersion=1:1
rootSeed=6:150085
cultivationPotentialProfileId=34:candidate_core_profile_i017_orange
statId=7:control
statRawUnits=2:10
statId=8:cooldown
statRawUnits=1:4
statId=5:guard
statRawUnits=2:46
statId=8:nianCost
statRawUnits=1:3
slotId=8:fixed_01
slotKind=5:Fixed
affixId=14:affix_guard_up
affixValueProfileId=30:candidate_value_affix_guard_up
affixRawUnits=4:1658
slotId=9:random_01
slotKind=6:Random
affixId=16:affix_control_up
affixValueProfileId=32:candidate_value_affix_control_up
affixRawUnits=2:10
eligibleCoreEffectId=22:candidate_core_i017_01
eligibleCoreEffectId=22:candidate_core_i017_02
eligibleCoreEffectId=22:candidate_core_i017_03
eligibleCoreEffectId=22:candidate_core_i017_04
eligibleCoreEffectId=28:candidate_core_i017_ultimate
visibleCoreEffectId=22:candidate_core_i017_01
visibleCoreEffectId=22:candidate_core_i017_02
visibleCoreEffectId=22:candidate_core_i017_03
visibleCoreEffectId=22:candidate_core_i017_04
visibleCoreEffectId=28:candidate_core_i017_ultimate
buildQualification=4:Dual
","schemaId=32:ItemGeneratedInstanceSnapshot.v1
generationAlgorithmId=21:item-instance-roll-v1
generationDataStatus=63:QA_FIXTURE_ONLY|NOT_BALANCE_APPROVED|NOT_FORMAL_GENERATION_DATA
itemInstanceId=21:wb_i017_orange_150085
baseItemId=4:I017
rarity=6:orange
generationVersion=1:1
rootSeed=6:150085
cultivationPotentialProfileId=34:candidate_core_profile_i017_orange
statId=7:control
statRawUnits=2:10
statId=8:cooldown
statRawUnits=1:4
statId=5:guard
statRawUnits=2:46
statId=8:nianCost
statRawUnits=1:3
slotId=8:fixed_01
slotKind=5:Fixed
affixId=14:affix_guard_up
affixValueProfileId=30:candidate_value_affix_guard_up
affixRawUnits=4:1658
slotId=9:random_01
slotKind=6:Random
affixId=16:affix_control_up
affixValueProfileId=32:candidate_value_affix_control_up
affixRawUnits=2:10
eligibleCoreEffectId=22:candidate_core_i017_01
eligibleCoreEffectId=22:candidate_core_i017_02
eligibleCoreEffectId=22:candidate_core_i017_03
eligibleCoreEffectId=22:candidate_core_i017_04
eligibleCoreEffectId=28:candidate_core_i017_ultimate
visibleCoreEffectId=22:candidate_core_i017_01
visibleCoreEffectId=22:candidate_core_i017_02
visibleCoreEffectId=22:candidate_core_i017_03
visibleCoreEffectId=22:candidate_core_i017_04
visibleCoreEffectId=28:candidate_core_i017_ultimate
buildQualification=4:Dual
",PASS
roll.I018@white,roll_150,PASS,PASS,PASS
projection.I018@white,projection_150,PASS,PASS,PASS
determinism.I018@white,determinism_150,"schemaId=32:ItemGeneratedInstanceSnapshot.v1
generationAlgorithmId=21:item-instance-roll-v1
generationDataStatus=63:QA_FIXTURE_ONLY|NOT_BALANCE_APPROVED|NOT_FORMAL_GENERATION_DATA
itemInstanceId=20:wb_i018_white_150086
baseItemId=4:I018
rarity=5:white
generationVersion=1:1
rootSeed=6:150086
cultivationPotentialProfileId=33:candidate_core_profile_i018_white
statId=8:cooldown
statRawUnits=1:8
statId=8:duration
statRawUnits=1:2
statId=5:guard
statRawUnits=2:39
statId=8:nianCost
statRawUnits=1:9
slotId=8:fixed_01
slotKind=5:Fixed
affixId=14:affix_guard_up
affixValueProfileId=30:candidate_value_affix_guard_up
affixRawUnits=3:226
slotId=9:random_01
slotKind=6:Random
affixId=21:affix_nian_efficiency
affixValueProfileId=37:candidate_value_affix_nian_efficiency
affixRawUnits=3:357
eligibleCoreEffectId=22:candidate_core_i018_01
visibleCoreEffectId=22:candidate_core_i018_01
buildQualification=4:None
","schemaId=32:ItemGeneratedInstanceSnapshot.v1
generationAlgorithmId=21:item-instance-roll-v1
generationDataStatus=63:QA_FIXTURE_ONLY|NOT_BALANCE_APPROVED|NOT_FORMAL_GENERATION_DATA
itemInstanceId=20:wb_i018_white_150086
baseItemId=4:I018
rarity=5:white
generationVersion=1:1
rootSeed=6:150086
cultivationPotentialProfileId=33:candidate_core_profile_i018_white
statId=8:cooldown
statRawUnits=1:8
statId=8:duration
statRawUnits=1:2
statId=5:guard
statRawUnits=2:39
statId=8:nianCost
statRawUnits=1:9
slotId=8:fixed_01
slotKind=5:Fixed
affixId=14:affix_guard_up
affixValueProfileId=30:candidate_value_affix_guard_up
affixRawUnits=3:226
slotId=9:random_01
slotKind=6:Random
affixId=21:affix_nian_efficiency
affixValueProfileId=37:candidate_value_affix_nian_efficiency
affixRawUnits=3:357
eligibleCoreEffectId=22:candidate_core_i018_01
visibleCoreEffectId=22:candidate_core_i018_01
buildQualification=4:None
",PASS
roll.I018@green,roll_150,PASS,PASS,PASS
projection.I018@green,projection_150,PASS,PASS,PASS
determinism.I018@green,determinism_150,"schemaId=32:ItemGeneratedInstanceSnapshot.v1
generationAlgorithmId=21:item-instance-roll-v1
generationDataStatus=63:QA_FIXTURE_ONLY|NOT_BALANCE_APPROVED|NOT_FORMAL_GENERATION_DATA
itemInstanceId=20:wb_i018_green_150087
baseItemId=4:I018
rarity=5:green
generationVersion=1:1
rootSeed=6:150087
cultivationPotentialProfileId=33:candidate_core_profile_i018_green
statId=8:cooldown
statRawUnits=1:7
statId=8:duration
statRawUnits=1:2
statId=5:guard
statRawUnits=2:46
statId=8:nianCost
statRawUnits=1:7
slotId=8:fixed_01
slotKind=5:Fixed
affixId=14:affix_guard_up
affixValueProfileId=30:candidate_value_affix_guard_up
affixRawUnits=3:400
slotId=9:random_01
slotKind=6:Random
affixId=21:affix_nian_efficiency
affixValueProfileId=37:candidate_value_affix_nian_efficiency
affixRawUnits=3:460
eligibleCoreEffectId=22:candidate_core_i018_01
eligibleCoreEffectId=22:candidate_core_i018_02
visibleCoreEffectId=22:candidate_core_i018_01
visibleCoreEffectId=22:candidate_core_i018_02
buildQualification=9:QiLeiOnly
","schemaId=32:ItemGeneratedInstanceSnapshot.v1
generationAlgorithmId=21:item-instance-roll-v1
generationDataStatus=63:QA_FIXTURE_ONLY|NOT_BALANCE_APPROVED|NOT_FORMAL_GENERATION_DATA
itemInstanceId=20:wb_i018_green_150087
baseItemId=4:I018
rarity=5:green
generationVersion=1:1
rootSeed=6:150087
cultivationPotentialProfileId=33:candidate_core_profile_i018_green
statId=8:cooldown
statRawUnits=1:7
statId=8:duration
statRawUnits=1:2
statId=5:guard
statRawUnits=2:46
statId=8:nianCost
statRawUnits=1:7
slotId=8:fixed_01
slotKind=5:Fixed
affixId=14:affix_guard_up
affixValueProfileId=30:candidate_value_affix_guard_up
affixRawUnits=3:400
slotId=9:random_01
slotKind=6:Random
affixId=21:affix_nian_efficiency
affixValueProfileId=37:candidate_value_affix_nian_efficiency
affixRawUnits=3:460
eligibleCoreEffectId=22:candidate_core_i018_01
eligibleCoreEffectId=22:candidate_core_i018_02
visibleCoreEffectId=22:candidate_core_i018_01
visibleCoreEffectId=22:candidate_core_i018_02
buildQualification=9:QiLeiOnly
",PASS
roll.I018@blue,roll_150,PASS,PASS,PASS
projection.I018@blue,projection_150,PASS,PASS,PASS
determinism.I018@blue,determinism_150,"schemaId=32:ItemGeneratedInstanceSnapshot.v1
generationAlgorithmId=21:item-instance-roll-v1
generationDataStatus=63:QA_FIXTURE_ONLY|NOT_BALANCE_APPROVED|NOT_FORMAL_GENERATION_DATA
itemInstanceId=19:wb_i018_blue_150088
baseItemId=4:I018
rarity=4:blue
generationVersion=1:1
rootSeed=6:150088
cultivationPotentialProfileId=32:candidate_core_profile_i018_blue
statId=8:cooldown
statRawUnits=1:7
statId=8:duration
statRawUnits=1:3
statId=5:guard
statRawUnits=2:51
statId=8:nianCost
statRawUnits=1:7
slotId=8:fixed_01
slotKind=5:Fixed
affixId=14:affix_guard_up
affixValueProfileId=30:candidate_value_affix_guard_up
affixRawUnits=3:615
slotId=9:random_01
slotKind=6:Random
affixId=21:affix_nian_efficiency
affixValueProfileId=37:candidate_value_affix_nian_efficiency
affixRawUnits=3:562
eligibleCoreEffectId=22:candidate_core_i018_01
eligibleCoreEffectId=22:candidate_core_i018_02
eligibleCoreEffectId=22:candidate_core_i018_03
visibleCoreEffectId=22:candidate_core_i018_01
visibleCoreEffectId=22:candidate_core_i018_02
visibleCoreEffectId=22:candidate_core_i018_03
buildQualification=4:None
","schemaId=32:ItemGeneratedInstanceSnapshot.v1
generationAlgorithmId=21:item-instance-roll-v1
generationDataStatus=63:QA_FIXTURE_ONLY|NOT_BALANCE_APPROVED|NOT_FORMAL_GENERATION_DATA
itemInstanceId=19:wb_i018_blue_150088
baseItemId=4:I018
rarity=4:blue
generationVersion=1:1
rootSeed=6:150088
cultivationPotentialProfileId=32:candidate_core_profile_i018_blue
statId=8:cooldown
statRawUnits=1:7
statId=8:duration
statRawUnits=1:3
statId=5:guard
statRawUnits=2:51
statId=8:nianCost
statRawUnits=1:7
slotId=8:fixed_01
slotKind=5:Fixed
affixId=14:affix_guard_up
affixValueProfileId=30:candidate_value_affix_guard_up
affixRawUnits=3:615
slotId=9:random_01
slotKind=6:Random
affixId=21:affix_nian_efficiency
affixValueProfileId=37:candidate_value_affix_nian_efficiency
affixRawUnits=3:562
eligibleCoreEffectId=22:candidate_core_i018_01
eligibleCoreEffectId=22:candidate_core_i018_02
eligibleCoreEffectId=22:candidate_core_i018_03
visibleCoreEffectId=22:candidate_core_i018_01
visibleCoreEffectId=22:candidate_core_i018_02
visibleCoreEffectId=22:candidate_core_i018_03
buildQualification=4:None
",PASS
roll.I018@purple,roll_150,PASS,PASS,PASS
projection.I018@purple,projection_150,PASS,PASS,PASS
determinism.I018@purple,determinism_150,"schemaId=32:ItemGeneratedInstanceSnapshot.v1
generationAlgorithmId=21:item-instance-roll-v1
generationDataStatus=63:QA_FIXTURE_ONLY|NOT_BALANCE_APPROVED|NOT_FORMAL_GENERATION_DATA
itemInstanceId=21:wb_i018_purple_150089
baseItemId=4:I018
rarity=6:purple
generationVersion=1:1
rootSeed=6:150089
cultivationPotentialProfileId=34:candidate_core_profile_i018_purple
statId=8:cooldown
statRawUnits=1:6
statId=8:duration
statRawUnits=1:5
statId=5:guard
statRawUnits=2:65
statId=8:nianCost
statRawUnits=1:6
slotId=8:fixed_01
slotKind=5:Fixed
affixId=14:affix_guard_up
affixValueProfileId=30:candidate_value_affix_guard_up
affixRawUnits=3:893
slotId=9:random_01
slotKind=6:Random
affixId=21:affix_nian_efficiency
affixValueProfileId=37:candidate_value_affix_nian_efficiency
affixRawUnits=3:910
eligibleCoreEffectId=22:candidate_core_i018_01
eligibleCoreEffectId=22:candidate_core_i018_02
eligibleCoreEffectId=22:candidate_core_i018_03
eligibleCoreEffectId=22:candidate_core_i018_04
visibleCoreEffectId=22:candidate_core_i018_01
visibleCoreEffectId=22:candidate_core_i018_02
visibleCoreEffectId=22:candidate_core_i018_03
visibleCoreEffectId=22:candidate_core_i018_04
buildQualification=4:Dual
","schemaId=32:ItemGeneratedInstanceSnapshot.v1
generationAlgorithmId=21:item-instance-roll-v1
generationDataStatus=63:QA_FIXTURE_ONLY|NOT_BALANCE_APPROVED|NOT_FORMAL_GENERATION_DATA
itemInstanceId=21:wb_i018_purple_150089
baseItemId=4:I018
rarity=6:purple
generationVersion=1:1
rootSeed=6:150089
cultivationPotentialProfileId=34:candidate_core_profile_i018_purple
statId=8:cooldown
statRawUnits=1:6
statId=8:duration
statRawUnits=1:5
statId=5:guard
statRawUnits=2:65
statId=8:nianCost
statRawUnits=1:6
slotId=8:fixed_01
slotKind=5:Fixed
affixId=14:affix_guard_up
affixValueProfileId=30:candidate_value_affix_guard_up
affixRawUnits=3:893
slotId=9:random_01
slotKind=6:Random
affixId=21:affix_nian_efficiency
affixValueProfileId=37:candidate_value_affix_nian_efficiency
affixRawUnits=3:910
eligibleCoreEffectId=22:candidate_core_i018_01
eligibleCoreEffectId=22:candidate_core_i018_02
eligibleCoreEffectId=22:candidate_core_i018_03
eligibleCoreEffectId=22:candidate_core_i018_04
visibleCoreEffectId=22:candidate_core_i018_01
visibleCoreEffectId=22:candidate_core_i018_02
visibleCoreEffectId=22:candidate_core_i018_03
visibleCoreEffectId=22:candidate_core_i018_04
buildQualification=4:Dual
",PASS
roll.I018@orange,roll_150,PASS,PASS,PASS
projection.I018@orange,projection_150,PASS,PASS,PASS
determinism.I018@orange,determinism_150,"schemaId=32:ItemGeneratedInstanceSnapshot.v1
generationAlgorithmId=21:item-instance-roll-v1
generationDataStatus=63:QA_FIXTURE_ONLY|NOT_BALANCE_APPROVED|NOT_FORMAL_GENERATION_DATA
itemInstanceId=21:wb_i018_orange_150090
baseItemId=4:I018
rarity=6:orange
generationVersion=1:1
rootSeed=6:150090
cultivationPotentialProfileId=34:candidate_core_profile_i018_orange
statId=8:cooldown
statRawUnits=1:6
statId=8:duration
statRawUnits=1:5
statId=5:guard
statRawUnits=2:71
statId=8:nianCost
statRawUnits=1:5
slotId=8:fixed_01
slotKind=5:Fixed
affixId=14:affix_guard_up
affixValueProfileId=30:candidate_value_affix_guard_up
affixRawUnits=4:1307
slotId=9:random_01
slotKind=6:Random
affixId=17:affix_duration_up
affixValueProfileId=33:candidate_value_affix_duration_up
affixRawUnits=1:5
eligibleCoreEffectId=22:candidate_core_i018_01
eligibleCoreEffectId=22:candidate_core_i018_02
eligibleCoreEffectId=22:candidate_core_i018_03
eligibleCoreEffectId=22:candidate_core_i018_04
eligibleCoreEffectId=28:candidate_core_i018_ultimate
visibleCoreEffectId=22:candidate_core_i018_01
visibleCoreEffectId=22:candidate_core_i018_02
visibleCoreEffectId=22:candidate_core_i018_03
visibleCoreEffectId=22:candidate_core_i018_04
visibleCoreEffectId=28:candidate_core_i018_ultimate
buildQualification=4:Dual
","schemaId=32:ItemGeneratedInstanceSnapshot.v1
generationAlgorithmId=21:item-instance-roll-v1
generationDataStatus=63:QA_FIXTURE_ONLY|NOT_BALANCE_APPROVED|NOT_FORMAL_GENERATION_DATA
itemInstanceId=21:wb_i018_orange_150090
baseItemId=4:I018
rarity=6:orange
generationVersion=1:1
rootSeed=6:150090
cultivationPotentialProfileId=34:candidate_core_profile_i018_orange
statId=8:cooldown
statRawUnits=1:6
statId=8:duration
statRawUnits=1:5
statId=5:guard
statRawUnits=2:71
statId=8:nianCost
statRawUnits=1:5
slotId=8:fixed_01
slotKind=5:Fixed
affixId=14:affix_guard_up
affixValueProfileId=30:candidate_value_affix_guard_up
affixRawUnits=4:1307
slotId=9:random_01
slotKind=6:Random
affixId=17:affix_duration_up
affixValueProfileId=33:candidate_value_affix_duration_up
affixRawUnits=1:5
eligibleCoreEffectId=22:candidate_core_i018_01
eligibleCoreEffectId=22:candidate_core_i018_02
eligibleCoreEffectId=22:candidate_core_i018_03
eligibleCoreEffectId=22:candidate_core_i018_04
eligibleCoreEffectId=28:candidate_core_i018_ultimate
visibleCoreEffectId=22:candidate_core_i018_01
visibleCoreEffectId=22:candidate_core_i018_02
visibleCoreEffectId=22:candidate_core_i018_03
visibleCoreEffectId=22:candidate_core_i018_04
visibleCoreEffectId=28:candidate_core_i018_ultimate
buildQualification=4:Dual
",PASS
roll.I019@white,roll_150,PASS,PASS,PASS
projection.I019@white,projection_150,PASS,PASS,PASS
determinism.I019@white,determinism_150,"schemaId=32:ItemGeneratedInstanceSnapshot.v1
generationAlgorithmId=21:item-instance-roll-v1
generationDataStatus=63:QA_FIXTURE_ONLY|NOT_BALANCE_APPROVED|NOT_FORMAL_GENERATION_DATA
itemInstanceId=20:wb_i019_white_150091
baseItemId=4:I019
rarity=5:white
generationVersion=1:1
rootSeed=6:150091
cultivationPotentialProfileId=33:candidate_core_profile_i019_white
statId=7:cleanse
statRawUnits=1:1
statId=8:cooldown
statRawUnits=1:5
statId=4:heal
statRawUnits=1:4
statId=8:nianCost
statRawUnits=1:5
slotId=8:fixed_01
slotKind=5:Fixed
affixId=16:affix_cleanse_up
affixValueProfileId=32:candidate_value_affix_cleanse_up
affixRawUnits=1:2
slotId=9:random_01
slotKind=6:Random
affixId=24:affix_cooldown_reduction
affixValueProfileId=40:candidate_value_affix_cooldown_reduction
affixRawUnits=3:242
eligibleCoreEffectId=22:candidate_core_i019_01
visibleCoreEffectId=22:candidate_core_i019_01
buildQualification=4:None
","schemaId=32:ItemGeneratedInstanceSnapshot.v1
generationAlgorithmId=21:item-instance-roll-v1
generationDataStatus=63:QA_FIXTURE_ONLY|NOT_BALANCE_APPROVED|NOT_FORMAL_GENERATION_DATA
itemInstanceId=20:wb_i019_white_150091
baseItemId=4:I019
rarity=5:white
generationVersion=1:1
rootSeed=6:150091
cultivationPotentialProfileId=33:candidate_core_profile_i019_white
statId=7:cleanse
statRawUnits=1:1
statId=8:cooldown
statRawUnits=1:5
statId=4:heal
statRawUnits=1:4
statId=8:nianCost
statRawUnits=1:5
slotId=8:fixed_01
slotKind=5:Fixed
affixId=16:affix_cleanse_up
affixValueProfileId=32:candidate_value_affix_cleanse_up
affixRawUnits=1:2
slotId=9:random_01
slotKind=6:Random
affixId=24:affix_cooldown_reduction
affixValueProfileId=40:candidate_value_affix_cooldown_reduction
affixRawUnits=3:242
eligibleCoreEffectId=22:candidate_core_i019_01
visibleCoreEffectId=22:candidate_core_i019_01
buildQualification=4:None
",PASS
roll.I019@green,roll_150,PASS,PASS,PASS
projection.I019@green,projection_150,PASS,PASS,PASS
determinism.I019@green,determinism_150,"schemaId=32:ItemGeneratedInstanceSnapshot.v1
generationAlgorithmId=21:item-instance-roll-v1
generationDataStatus=63:QA_FIXTURE_ONLY|NOT_BALANCE_APPROVED|NOT_FORMAL_GENERATION_DATA
itemInstanceId=20:wb_i019_green_150092
baseItemId=4:I019
rarity=5:green
generationVersion=1:1
rootSeed=6:150092
cultivationPotentialProfileId=33:candidate_core_profile_i019_green
statId=7:cleanse
statRawUnits=1:3
statId=8:cooldown
statRawUnits=1:5
statId=4:heal
statRawUnits=1:8
statId=8:nianCost
statRawUnits=1:4
slotId=8:fixed_01
slotKind=5:Fixed
affixId=16:affix_cleanse_up
affixValueProfileId=32:candidate_value_affix_cleanse_up
affixRawUnits=1:2
slotId=9:random_01
slotKind=6:Random
affixId=21:affix_nian_efficiency
affixValueProfileId=37:candidate_value_affix_nian_efficiency
affixRawUnits=3:410
eligibleCoreEffectId=22:candidate_core_i019_01
eligibleCoreEffectId=22:candidate_core_i019_02
visibleCoreEffectId=22:candidate_core_i019_01
visibleCoreEffectId=22:candidate_core_i019_02
buildQualification=4:None
","schemaId=32:ItemGeneratedInstanceSnapshot.v1
generationAlgorithmId=21:item-instance-roll-v1
generationDataStatus=63:QA_FIXTURE_ONLY|NOT_BALANCE_APPROVED|NOT_FORMAL_GENERATION_DATA
itemInstanceId=20:wb_i019_green_150092
baseItemId=4:I019
rarity=5:green
generationVersion=1:1
rootSeed=6:150092
cultivationPotentialProfileId=33:candidate_core_profile_i019_green
statId=7:cleanse
statRawUnits=1:3
statId=8:cooldown
statRawUnits=1:5
statId=4:heal
statRawUnits=1:8
statId=8:nianCost
statRawUnits=1:4
slotId=8:fixed_01
slotKind=5:Fixed
affixId=16:affix_cleanse_up
affixValueProfileId=32:candidate_value_affix_cleanse_up
affixRawUnits=1:2
slotId=9:random_01
slotKind=6:Random
affixId=21:affix_nian_efficiency
affixValueProfileId=37:candidate_value_affix_nian_efficiency
affixRawUnits=3:410
eligibleCoreEffectId=22:candidate_core_i019_01
eligibleCoreEffectId=22:candidate_core_i019_02
visibleCoreEffectId=22:candidate_core_i019_01
visibleCoreEffectId=22:candidate_core_i019_02
buildQualification=4:None
",PASS
roll.I019@blue,roll_150,PASS,PASS,PASS
projection.I019@blue,projection_150,PASS,PASS,PASS
determinism.I019@blue,determinism_150,"schemaId=32:ItemGeneratedInstanceSnapshot.v1
generationAlgorithmId=21:item-instance-roll-v1
generationDataStatus=63:QA_FIXTURE_ONLY|NOT_BALANCE_APPROVED|NOT_FORMAL_GENERATION_DATA
itemInstanceId=19:wb_i019_blue_150093
baseItemId=4:I019
rarity=4:blue
generationVersion=1:1
rootSeed=6:150093
cultivationPotentialProfileId=32:candidate_core_profile_i019_blue
statId=7:cleanse
statRawUnits=1:4
statId=8:cooldown
statRawUnits=1:4
statId=4:heal
statRawUnits=1:8
statId=8:nianCost
statRawUnits=1:3
slotId=8:fixed_01
slotKind=5:Fixed
affixId=16:affix_cleanse_up
affixValueProfileId=32:candidate_value_affix_cleanse_up
affixRawUnits=1:3
slotId=9:random_01
slotKind=6:Random
affixId=13:affix_heal_up
affixValueProfileId=29:candidate_value_affix_heal_up
affixRawUnits=3:773
eligibleCoreEffectId=22:candidate_core_i019_01
eligibleCoreEffectId=22:candidate_core_i019_02
eligibleCoreEffectId=22:candidate_core_i019_03
visibleCoreEffectId=22:candidate_core_i019_01
visibleCoreEffectId=22:candidate_core_i019_02
visibleCoreEffectId=22:candidate_core_i019_03
buildQualification=9:FaMenOnly
","schemaId=32:ItemGeneratedInstanceSnapshot.v1
generationAlgorithmId=21:item-instance-roll-v1
generationDataStatus=63:QA_FIXTURE_ONLY|NOT_BALANCE_APPROVED|NOT_FORMAL_GENERATION_DATA
itemInstanceId=19:wb_i019_blue_150093
baseItemId=4:I019
rarity=4:blue
generationVersion=1:1
rootSeed=6:150093
cultivationPotentialProfileId=32:candidate_core_profile_i019_blue
statId=7:cleanse
statRawUnits=1:4
statId=8:cooldown
statRawUnits=1:4
statId=4:heal
statRawUnits=1:8
statId=8:nianCost
statRawUnits=1:3
slotId=8:fixed_01
slotKind=5:Fixed
affixId=16:affix_cleanse_up
affixValueProfileId=32:candidate_value_affix_cleanse_up
affixRawUnits=1:3
slotId=9:random_01
slotKind=6:Random
affixId=13:affix_heal_up
affixValueProfileId=29:candidate_value_affix_heal_up
affixRawUnits=3:773
eligibleCoreEffectId=22:candidate_core_i019_01
eligibleCoreEffectId=22:candidate_core_i019_02
eligibleCoreEffectId=22:candidate_core_i019_03
visibleCoreEffectId=22:candidate_core_i019_01
visibleCoreEffectId=22:candidate_core_i019_02
visibleCoreEffectId=22:candidate_core_i019_03
buildQualification=9:FaMenOnly
",PASS
roll.I019@purple,roll_150,PASS,PASS,PASS
projection.I019@purple,projection_150,PASS,PASS,PASS
determinism.I019@purple,determinism_150,"schemaId=32:ItemGeneratedInstanceSnapshot.v1
generationAlgorithmId=21:item-instance-roll-v1
generationDataStatus=63:QA_FIXTURE_ONLY|NOT_BALANCE_APPROVED|NOT_FORMAL_GENERATION_DATA
itemInstanceId=21:wb_i019_purple_150094
baseItemId=4:I019
rarity=6:purple
generationVersion=1:1
rootSeed=6:150094
cultivationPotentialProfileId=34:candidate_core_profile_i019_purple
statId=7:cleanse
statRawUnits=1:4
statId=8:cooldown
statRawUnits=1:4
statId=4:heal
statRawUnits=2:12
statId=8:nianCost
statRawUnits=1:2
slotId=8:fixed_01
slotKind=5:Fixed
affixId=16:affix_cleanse_up
affixValueProfileId=32:candidate_value_affix_cleanse_up
affixRawUnits=1:5
slotId=9:random_01
slotKind=6:Random
affixId=21:affix_nian_efficiency
affixValueProfileId=37:candidate_value_affix_nian_efficiency
affixRawUnits=4:1156
eligibleCoreEffectId=22:candidate_core_i019_01
eligibleCoreEffectId=22:candidate_core_i019_02
eligibleCoreEffectId=22:candidate_core_i019_03
eligibleCoreEffectId=22:candidate_core_i019_04
visibleCoreEffectId=22:candidate_core_i019_01
visibleCoreEffectId=22:candidate_core_i019_02
visibleCoreEffectId=22:candidate_core_i019_03
visibleCoreEffectId=22:candidate_core_i019_04
buildQualification=9:FaMenOnly
","schemaId=32:ItemGeneratedInstanceSnapshot.v1
generationAlgorithmId=21:item-instance-roll-v1
generationDataStatus=63:QA_FIXTURE_ONLY|NOT_BALANCE_APPROVED|NOT_FORMAL_GENERATION_DATA
itemInstanceId=21:wb_i019_purple_150094
baseItemId=4:I019
rarity=6:purple
generationVersion=1:1
rootSeed=6:150094
cultivationPotentialProfileId=34:candidate_core_profile_i019_purple
statId=7:cleanse
statRawUnits=1:4
statId=8:cooldown
statRawUnits=1:4
statId=4:heal
statRawUnits=2:12
statId=8:nianCost
statRawUnits=1:2
slotId=8:fixed_01
slotKind=5:Fixed
affixId=16:affix_cleanse_up
affixValueProfileId=32:candidate_value_affix_cleanse_up
affixRawUnits=1:5
slotId=9:random_01
slotKind=6:Random
affixId=21:affix_nian_efficiency
affixValueProfileId=37:candidate_value_affix_nian_efficiency
affixRawUnits=4:1156
eligibleCoreEffectId=22:candidate_core_i019_01
eligibleCoreEffectId=22:candidate_core_i019_02
eligibleCoreEffectId=22:candidate_core_i019_03
eligibleCoreEffectId=22:candidate_core_i019_04
visibleCoreEffectId=22:candidate_core_i019_01
visibleCoreEffectId=22:candidate_core_i019_02
visibleCoreEffectId=22:candidate_core_i019_03
visibleCoreEffectId=22:candidate_core_i019_04
buildQualification=9:FaMenOnly
",PASS
roll.I019@orange,roll_150,PASS,PASS,PASS
projection.I019@orange,projection_150,PASS,PASS,PASS
determinism.I019@orange,determinism_150,"schemaId=32:ItemGeneratedInstanceSnapshot.v1
generationAlgorithmId=21:item-instance-roll-v1
generationDataStatus=63:QA_FIXTURE_ONLY|NOT_BALANCE_APPROVED|NOT_FORMAL_GENERATION_DATA
itemInstanceId=21:wb_i019_orange_150095
baseItemId=4:I019
rarity=6:orange
generationVersion=1:1
rootSeed=6:150095
cultivationPotentialProfileId=34:candidate_core_profile_i019_orange
statId=7:cleanse
statRawUnits=1:5
statId=8:cooldown
statRawUnits=1:3
statId=4:heal
statRawUnits=2:13
statId=8:nianCost
statRawUnits=1:3
slotId=8:fixed_01
slotKind=5:Fixed
affixId=16:affix_cleanse_up
affixValueProfileId=32:candidate_value_affix_cleanse_up
affixRawUnits=1:4
slotId=9:random_01
slotKind=6:Random
affixId=13:affix_heal_up
affixValueProfileId=29:candidate_value_affix_heal_up
affixRawUnits=4:1568
eligibleCoreEffectId=22:candidate_core_i019_01
eligibleCoreEffectId=22:candidate_core_i019_02
eligibleCoreEffectId=22:candidate_core_i019_03
eligibleCoreEffectId=22:candidate_core_i019_04
eligibleCoreEffectId=28:candidate_core_i019_ultimate
visibleCoreEffectId=22:candidate_core_i019_01
visibleCoreEffectId=22:candidate_core_i019_02
visibleCoreEffectId=22:candidate_core_i019_03
visibleCoreEffectId=22:candidate_core_i019_04
visibleCoreEffectId=28:candidate_core_i019_ultimate
buildQualification=9:QiLeiOnly
","schemaId=32:ItemGeneratedInstanceSnapshot.v1
generationAlgorithmId=21:item-instance-roll-v1
generationDataStatus=63:QA_FIXTURE_ONLY|NOT_BALANCE_APPROVED|NOT_FORMAL_GENERATION_DATA
itemInstanceId=21:wb_i019_orange_150095
baseItemId=4:I019
rarity=6:orange
generationVersion=1:1
rootSeed=6:150095
cultivationPotentialProfileId=34:candidate_core_profile_i019_orange
statId=7:cleanse
statRawUnits=1:5
statId=8:cooldown
statRawUnits=1:3
statId=4:heal
statRawUnits=2:13
statId=8:nianCost
statRawUnits=1:3
slotId=8:fixed_01
slotKind=5:Fixed
affixId=16:affix_cleanse_up
affixValueProfileId=32:candidate_value_affix_cleanse_up
affixRawUnits=1:4
slotId=9:random_01
slotKind=6:Random
affixId=13:affix_heal_up
affixValueProfileId=29:candidate_value_affix_heal_up
affixRawUnits=4:1568
eligibleCoreEffectId=22:candidate_core_i019_01
eligibleCoreEffectId=22:candidate_core_i019_02
eligibleCoreEffectId=22:candidate_core_i019_03
eligibleCoreEffectId=22:candidate_core_i019_04
eligibleCoreEffectId=28:candidate_core_i019_ultimate
visibleCoreEffectId=22:candidate_core_i019_01
visibleCoreEffectId=22:candidate_core_i019_02
visibleCoreEffectId=22:candidate_core_i019_03
visibleCoreEffectId=22:candidate_core_i019_04
visibleCoreEffectId=28:candidate_core_i019_ultimate
buildQualification=9:QiLeiOnly
",PASS
roll.I020@white,roll_150,PASS,PASS,PASS
projection.I020@white,projection_150,PASS,PASS,PASS
determinism.I020@white,determinism_150,"schemaId=32:ItemGeneratedInstanceSnapshot.v1
generationAlgorithmId=21:item-instance-roll-v1
generationDataStatus=63:QA_FIXTURE_ONLY|NOT_BALANCE_APPROVED|NOT_FORMAL_GENERATION_DATA
itemInstanceId=20:wb_i020_white_150096
baseItemId=4:I020
rarity=5:white
generationVersion=1:1
rootSeed=6:150096
cultivationPotentialProfileId=33:candidate_core_profile_i020_white
statId=7:cleanse
statRawUnits=1:1
statId=8:cooldown
statRawUnits=1:5
statId=8:duration
statRawUnits=1:1
statId=8:nianCost
statRawUnits=1:5
slotId=8:fixed_01
slotKind=5:Fixed
affixId=16:affix_cleanse_up
affixValueProfileId=32:candidate_value_affix_cleanse_up
affixRawUnits=1:1
slotId=9:random_01
slotKind=6:Random
affixId=17:affix_duration_up
affixValueProfileId=33:candidate_value_affix_duration_up
affixRawUnits=1:2
eligibleCoreEffectId=22:candidate_core_i020_01
visibleCoreEffectId=22:candidate_core_i020_01
buildQualification=4:None
","schemaId=32:ItemGeneratedInstanceSnapshot.v1
generationAlgorithmId=21:item-instance-roll-v1
generationDataStatus=63:QA_FIXTURE_ONLY|NOT_BALANCE_APPROVED|NOT_FORMAL_GENERATION_DATA
itemInstanceId=20:wb_i020_white_150096
baseItemId=4:I020
rarity=5:white
generationVersion=1:1
rootSeed=6:150096
cultivationPotentialProfileId=33:candidate_core_profile_i020_white
statId=7:cleanse
statRawUnits=1:1
statId=8:cooldown
statRawUnits=1:5
statId=8:duration
statRawUnits=1:1
statId=8:nianCost
statRawUnits=1:5
slotId=8:fixed_01
slotKind=5:Fixed
affixId=16:affix_cleanse_up
affixValueProfileId=32:candidate_value_affix_cleanse_up
affixRawUnits=1:1
slotId=9:random_01
slotKind=6:Random
affixId=17:affix_duration_up
affixValueProfileId=33:candidate_value_affix_duration_up
affixRawUnits=1:2
eligibleCoreEffectId=22:candidate_core_i020_01
visibleCoreEffectId=22:candidate_core_i020_01
buildQualification=4:None
",PASS
roll.I020@green,roll_150,PASS,PASS,PASS
projection.I020@green,projection_150,PASS,PASS,PASS
determinism.I020@green,determinism_150,"schemaId=32:ItemGeneratedInstanceSnapshot.v1
generationAlgorithmId=21:item-instance-roll-v1
generationDataStatus=63:QA_FIXTURE_ONLY|NOT_BALANCE_APPROVED|NOT_FORMAL_GENERATION_DATA
itemInstanceId=20:wb_i020_green_150097
baseItemId=4:I020
rarity=5:green
generationVersion=1:1
rootSeed=6:150097
cultivationPotentialProfileId=33:candidate_core_profile_i020_green
statId=7:cleanse
statRawUnits=1:2
statId=8:cooldown
statRawUnits=1:5
statId=8:duration
statRawUnits=1:2
statId=8:nianCost
statRawUnits=1:5
slotId=8:fixed_01
slotKind=5:Fixed
affixId=16:affix_cleanse_up
affixValueProfileId=32:candidate_value_affix_cleanse_up
affixRawUnits=1:2
slotId=9:random_01
slotKind=6:Random
affixId=17:affix_duration_up
affixValueProfileId=33:candidate_value_affix_duration_up
affixRawUnits=1:4
eligibleCoreEffectId=22:candidate_core_i020_01
eligibleCoreEffectId=22:candidate_core_i020_02
visibleCoreEffectId=22:candidate_core_i020_01
visibleCoreEffectId=22:candidate_core_i020_02
buildQualification=9:FaMenOnly
","schemaId=32:ItemGeneratedInstanceSnapshot.v1
generationAlgorithmId=21:item-instance-roll-v1
generationDataStatus=63:QA_FIXTURE_ONLY|NOT_BALANCE_APPROVED|NOT_FORMAL_GENERATION_DATA
itemInstanceId=20:wb_i020_green_150097
baseItemId=4:I020
rarity=5:green
generationVersion=1:1
rootSeed=6:150097
cultivationPotentialProfileId=33:candidate_core_profile_i020_green
statId=7:cleanse
statRawUnits=1:2
statId=8:cooldown
statRawUnits=1:5
statId=8:duration
statRawUnits=1:2
statId=8:nianCost
statRawUnits=1:5
slotId=8:fixed_01
slotKind=5:Fixed
affixId=16:affix_cleanse_up
affixValueProfileId=32:candidate_value_affix_cleanse_up
affixRawUnits=1:2
slotId=9:random_01
slotKind=6:Random
affixId=17:affix_duration_up
affixValueProfileId=33:candidate_value_affix_duration_up
affixRawUnits=1:4
eligibleCoreEffectId=22:candidate_core_i020_01
eligibleCoreEffectId=22:candidate_core_i020_02
visibleCoreEffectId=22:candidate_core_i020_01
visibleCoreEffectId=22:candidate_core_i020_02
buildQualification=9:FaMenOnly
",PASS
roll.I020@blue,roll_150,PASS,PASS,PASS
projection.I020@blue,projection_150,PASS,PASS,PASS
determinism.I020@blue,determinism_150,"schemaId=32:ItemGeneratedInstanceSnapshot.v1
generationAlgorithmId=21:item-instance-roll-v1
generationDataStatus=63:QA_FIXTURE_ONLY|NOT_BALANCE_APPROVED|NOT_FORMAL_GENERATION_DATA
itemInstanceId=19:wb_i020_blue_150098
baseItemId=4:I020
rarity=4:blue
generationVersion=1:1
rootSeed=6:150098
cultivationPotentialProfileId=32:candidate_core_profile_i020_blue
statId=7:cleanse
statRawUnits=1:4
statId=8:cooldown
statRawUnits=1:4
statId=8:duration
statRawUnits=1:5
statId=8:nianCost
statRawUnits=1:4
slotId=8:fixed_01
slotKind=5:Fixed
affixId=16:affix_cleanse_up
affixValueProfileId=32:candidate_value_affix_cleanse_up
affixRawUnits=1:3
slotId=9:random_01
slotKind=6:Random
affixId=24:affix_cooldown_reduction
affixValueProfileId=40:candidate_value_affix_cooldown_reduction
affixRawUnits=3:830
eligibleCoreEffectId=22:candidate_core_i020_01
eligibleCoreEffectId=22:candidate_core_i020_02
eligibleCoreEffectId=22:candidate_core_i020_03
visibleCoreEffectId=22:candidate_core_i020_01
visibleCoreEffectId=22:candidate_core_i020_02
visibleCoreEffectId=22:candidate_core_i020_03
buildQualification=4:None
","schemaId=32:ItemGeneratedInstanceSnapshot.v1
generationAlgorithmId=21:item-instance-roll-v1
generationDataStatus=63:QA_FIXTURE_ONLY|NOT_BALANCE_APPROVED|NOT_FORMAL_GENERATION_DATA
itemInstanceId=19:wb_i020_blue_150098
baseItemId=4:I020
rarity=4:blue
generationVersion=1:1
rootSeed=6:150098
cultivationPotentialProfileId=32:candidate_core_profile_i020_blue
statId=7:cleanse
statRawUnits=1:4
statId=8:cooldown
statRawUnits=1:4
statId=8:duration
statRawUnits=1:5
statId=8:nianCost
statRawUnits=1:4
slotId=8:fixed_01
slotKind=5:Fixed
affixId=16:affix_cleanse_up
affixValueProfileId=32:candidate_value_affix_cleanse_up
affixRawUnits=1:3
slotId=9:random_01
slotKind=6:Random
affixId=24:affix_cooldown_reduction
affixValueProfileId=40:candidate_value_affix_cooldown_reduction
affixRawUnits=3:830
eligibleCoreEffectId=22:candidate_core_i020_01
eligibleCoreEffectId=22:candidate_core_i020_02
eligibleCoreEffectId=22:candidate_core_i020_03
visibleCoreEffectId=22:candidate_core_i020_01
visibleCoreEffectId=22:candidate_core_i020_02
visibleCoreEffectId=22:candidate_core_i020_03
buildQualification=4:None
",PASS
roll.I020@purple,roll_150,PASS,PASS,PASS
projection.I020@purple,projection_150,PASS,PASS,PASS
determinism.I020@purple,determinism_150,"schemaId=32:ItemGeneratedInstanceSnapshot.v1
generationAlgorithmId=21:item-instance-roll-v1
generationDataStatus=63:QA_FIXTURE_ONLY|NOT_BALANCE_APPROVED|NOT_FORMAL_GENERATION_DATA
itemInstanceId=21:wb_i020_purple_150099
baseItemId=4:I020
rarity=6:purple
generationVersion=1:1
rootSeed=6:150099
cultivationPotentialProfileId=34:candidate_core_profile_i020_purple
statId=7:cleanse
statRawUnits=1:4
statId=8:cooldown
statRawUnits=1:4
statId=8:duration
statRawUnits=1:5
statId=8:nianCost
statRawUnits=1:4
slotId=8:fixed_01
slotKind=5:Fixed
affixId=16:affix_cleanse_up
affixValueProfileId=32:candidate_value_affix_cleanse_up
affixRawUnits=1:4
slotId=9:random_01
slotKind=6:Random
affixId=17:affix_duration_up
affixValueProfileId=33:candidate_value_affix_duration_up
affixRawUnits=1:5
eligibleCoreEffectId=22:candidate_core_i020_01
eligibleCoreEffectId=22:candidate_core_i020_02
eligibleCoreEffectId=22:candidate_core_i020_03
eligibleCoreEffectId=22:candidate_core_i020_04
visibleCoreEffectId=22:candidate_core_i020_01
visibleCoreEffectId=22:candidate_core_i020_02
visibleCoreEffectId=22:candidate_core_i020_03
visibleCoreEffectId=22:candidate_core_i020_04
buildQualification=4:Dual
","schemaId=32:ItemGeneratedInstanceSnapshot.v1
generationAlgorithmId=21:item-instance-roll-v1
generationDataStatus=63:QA_FIXTURE_ONLY|NOT_BALANCE_APPROVED|NOT_FORMAL_GENERATION_DATA
itemInstanceId=21:wb_i020_purple_150099
baseItemId=4:I020
rarity=6:purple
generationVersion=1:1
rootSeed=6:150099
cultivationPotentialProfileId=34:candidate_core_profile_i020_purple
statId=7:cleanse
statRawUnits=1:4
statId=8:cooldown
statRawUnits=1:4
statId=8:duration
statRawUnits=1:5
statId=8:nianCost
statRawUnits=1:4
slotId=8:fixed_01
slotKind=5:Fixed
affixId=16:affix_cleanse_up
affixValueProfileId=32:candidate_value_affix_cleanse_up
affixRawUnits=1:4
slotId=9:random_01
slotKind=6:Random
affixId=17:affix_duration_up
affixValueProfileId=33:candidate_value_affix_duration_up
affixRawUnits=1:5
eligibleCoreEffectId=22:candidate_core_i020_01
eligibleCoreEffectId=22:candidate_core_i020_02
eligibleCoreEffectId=22:candidate_core_i020_03
eligibleCoreEffectId=22:candidate_core_i020_04
visibleCoreEffectId=22:candidate_core_i020_01
visibleCoreEffectId=22:candidate_core_i020_02
visibleCoreEffectId=22:candidate_core_i020_03
visibleCoreEffectId=22:candidate_core_i020_04
buildQualification=4:Dual
",PASS
roll.I020@orange,roll_150,PASS,PASS,PASS
projection.I020@orange,projection_150,PASS,PASS,PASS
determinism.I020@orange,determinism_150,"schemaId=32:ItemGeneratedInstanceSnapshot.v1
generationAlgorithmId=21:item-instance-roll-v1
generationDataStatus=63:QA_FIXTURE_ONLY|NOT_BALANCE_APPROVED|NOT_FORMAL_GENERATION_DATA
itemInstanceId=21:wb_i020_orange_150100
baseItemId=4:I020
rarity=6:orange
generationVersion=1:1
rootSeed=6:150100
cultivationPotentialProfileId=34:candidate_core_profile_i020_orange
statId=7:cleanse
statRawUnits=1:4
statId=8:cooldown
statRawUnits=1:4
statId=8:duration
statRawUnits=1:6
statId=8:nianCost
statRawUnits=1:3
slotId=8:fixed_01
slotKind=5:Fixed
affixId=16:affix_cleanse_up
affixValueProfileId=32:candidate_value_affix_cleanse_up
affixRawUnits=1:4
slotId=9:random_01
slotKind=6:Random
affixId=21:affix_nian_efficiency
affixValueProfileId=37:candidate_value_affix_nian_efficiency
affixRawUnits=4:1400
eligibleCoreEffectId=22:candidate_core_i020_01
eligibleCoreEffectId=22:candidate_core_i020_02
eligibleCoreEffectId=22:candidate_core_i020_03
eligibleCoreEffectId=22:candidate_core_i020_04
eligibleCoreEffectId=28:candidate_core_i020_ultimate
visibleCoreEffectId=22:candidate_core_i020_01
visibleCoreEffectId=22:candidate_core_i020_02
visibleCoreEffectId=22:candidate_core_i020_03
visibleCoreEffectId=22:candidate_core_i020_04
visibleCoreEffectId=28:candidate_core_i020_ultimate
buildQualification=4:Dual
","schemaId=32:ItemGeneratedInstanceSnapshot.v1
generationAlgorithmId=21:item-instance-roll-v1
generationDataStatus=63:QA_FIXTURE_ONLY|NOT_BALANCE_APPROVED|NOT_FORMAL_GENERATION_DATA
itemInstanceId=21:wb_i020_orange_150100
baseItemId=4:I020
rarity=6:orange
generationVersion=1:1
rootSeed=6:150100
cultivationPotentialProfileId=34:candidate_core_profile_i020_orange
statId=7:cleanse
statRawUnits=1:4
statId=8:cooldown
statRawUnits=1:4
statId=8:duration
statRawUnits=1:6
statId=8:nianCost
statRawUnits=1:3
slotId=8:fixed_01
slotKind=5:Fixed
affixId=16:affix_cleanse_up
affixValueProfileId=32:candidate_value_affix_cleanse_up
affixRawUnits=1:4
slotId=9:random_01
slotKind=6:Random
affixId=21:affix_nian_efficiency
affixValueProfileId=37:candidate_value_affix_nian_efficiency
affixRawUnits=4:1400
eligibleCoreEffectId=22:candidate_core_i020_01
eligibleCoreEffectId=22:candidate_core_i020_02
eligibleCoreEffectId=22:candidate_core_i020_03
eligibleCoreEffectId=22:candidate_core_i020_04
eligibleCoreEffectId=28:candidate_core_i020_ultimate
visibleCoreEffectId=22:candidate_core_i020_01
visibleCoreEffectId=22:candidate_core_i020_02
visibleCoreEffectId=22:candidate_core_i020_03
visibleCoreEffectId=22:candidate_core_i020_04
visibleCoreEffectId=28:candidate_core_i020_ultimate
buildQualification=4:Dual
",PASS
roll.I021@white,roll_150,PASS,PASS,PASS
projection.I021@white,projection_150,PASS,PASS,PASS
determinism.I021@white,determinism_150,"schemaId=32:ItemGeneratedInstanceSnapshot.v1
generationAlgorithmId=21:item-instance-roll-v1
generationDataStatus=63:QA_FIXTURE_ONLY|NOT_BALANCE_APPROVED|NOT_FORMAL_GENERATION_DATA
itemInstanceId=20:wb_i021_white_150101
baseItemId=4:I021
rarity=5:white
generationVersion=1:1
rootSeed=6:150101
cultivationPotentialProfileId=33:candidate_core_profile_i021_white
statId=7:cleanse
statRawUnits=1:1
statId=8:cooldown
statRawUnits=1:7
statId=5:guard
statRawUnits=2:19
statId=8:nianCost
statRawUnits=1:6
slotId=8:fixed_01
slotKind=5:Fixed
affixId=16:affix_cleanse_up
affixValueProfileId=32:candidate_value_affix_cleanse_up
affixRawUnits=1:2
slotId=9:random_01
slotKind=6:Random
affixId=14:affix_guard_up
affixValueProfileId=30:candidate_value_affix_guard_up
affixRawUnits=3:349
eligibleCoreEffectId=22:candidate_core_i021_01
visibleCoreEffectId=22:candidate_core_i021_01
buildQualification=4:None
","schemaId=32:ItemGeneratedInstanceSnapshot.v1
generationAlgorithmId=21:item-instance-roll-v1
generationDataStatus=63:QA_FIXTURE_ONLY|NOT_BALANCE_APPROVED|NOT_FORMAL_GENERATION_DATA
itemInstanceId=20:wb_i021_white_150101
baseItemId=4:I021
rarity=5:white
generationVersion=1:1
rootSeed=6:150101
cultivationPotentialProfileId=33:candidate_core_profile_i021_white
statId=7:cleanse
statRawUnits=1:1
statId=8:cooldown
statRawUnits=1:7
statId=5:guard
statRawUnits=2:19
statId=8:nianCost
statRawUnits=1:6
slotId=8:fixed_01
slotKind=5:Fixed
affixId=16:affix_cleanse_up
affixValueProfileId=32:candidate_value_affix_cleanse_up
affixRawUnits=1:2
slotId=9:random_01
slotKind=6:Random
affixId=14:affix_guard_up
affixValueProfileId=30:candidate_value_affix_guard_up
affixRawUnits=3:349
eligibleCoreEffectId=22:candidate_core_i021_01
visibleCoreEffectId=22:candidate_core_i021_01
buildQualification=4:None
",PASS
roll.I021@green,roll_150,PASS,PASS,PASS
projection.I021@green,projection_150,PASS,PASS,PASS
determinism.I021@green,determinism_150,"schemaId=32:ItemGeneratedInstanceSnapshot.v1
generationAlgorithmId=21:item-instance-roll-v1
generationDataStatus=63:QA_FIXTURE_ONLY|NOT_BALANCE_APPROVED|NOT_FORMAL_GENERATION_DATA
itemInstanceId=20:wb_i021_green_150102
baseItemId=4:I021
rarity=5:green
generationVersion=1:1
rootSeed=6:150102
cultivationPotentialProfileId=33:candidate_core_profile_i021_green
statId=7:cleanse
statRawUnits=1:3
statId=8:cooldown
statRawUnits=1:6
statId=5:guard
statRawUnits=2:26
statId=8:nianCost
statRawUnits=1:6
slotId=8:fixed_01
slotKind=5:Fixed
affixId=16:affix_cleanse_up
affixValueProfileId=32:candidate_value_affix_cleanse_up
affixRawUnits=1:3
slotId=9:random_01
slotKind=6:Random
affixId=24:affix_cooldown_reduction
affixValueProfileId=40:candidate_value_affix_cooldown_reduction
affixRawUnits=3:488
eligibleCoreEffectId=22:candidate_core_i021_01
eligibleCoreEffectId=22:candidate_core_i021_02
visibleCoreEffectId=22:candidate_core_i021_01
visibleCoreEffectId=22:candidate_core_i021_02
buildQualification=4:None
","schemaId=32:ItemGeneratedInstanceSnapshot.v1
generationAlgorithmId=21:item-instance-roll-v1
generationDataStatus=63:QA_FIXTURE_ONLY|NOT_BALANCE_APPROVED|NOT_FORMAL_GENERATION_DATA
itemInstanceId=20:wb_i021_green_150102
baseItemId=4:I021
rarity=5:green
generationVersion=1:1
rootSeed=6:150102
cultivationPotentialProfileId=33:candidate_core_profile_i021_green
statId=7:cleanse
statRawUnits=1:3
statId=8:cooldown
statRawUnits=1:6
statId=5:guard
statRawUnits=2:26
statId=8:nianCost
statRawUnits=1:6
slotId=8:fixed_01
slotKind=5:Fixed
affixId=16:affix_cleanse_up
affixValueProfileId=32:candidate_value_affix_cleanse_up
affixRawUnits=1:3
slotId=9:random_01
slotKind=6:Random
affixId=24:affix_cooldown_reduction
affixValueProfileId=40:candidate_value_affix_cooldown_reduction
affixRawUnits=3:488
eligibleCoreEffectId=22:candidate_core_i021_01
eligibleCoreEffectId=22:candidate_core_i021_02
visibleCoreEffectId=22:candidate_core_i021_01
visibleCoreEffectId=22:candidate_core_i021_02
buildQualification=4:None
",PASS
roll.I021@blue,roll_150,PASS,PASS,PASS
projection.I021@blue,projection_150,PASS,PASS,PASS
determinism.I021@blue,determinism_150,"schemaId=32:ItemGeneratedInstanceSnapshot.v1
generationAlgorithmId=21:item-instance-roll-v1
generationDataStatus=63:QA_FIXTURE_ONLY|NOT_BALANCE_APPROVED|NOT_FORMAL_GENERATION_DATA
itemInstanceId=19:wb_i021_blue_150103
baseItemId=4:I021
rarity=4:blue
generationVersion=1:1
rootSeed=6:150103
cultivationPotentialProfileId=32:candidate_core_profile_i021_blue
statId=7:cleanse
statRawUnits=1:4
statId=8:cooldown
statRawUnits=1:6
statId=5:guard
statRawUnits=2:28
statId=8:nianCost
statRawUnits=1:6
slotId=8:fixed_01
slotKind=5:Fixed
affixId=16:affix_cleanse_up
affixValueProfileId=32:candidate_value_affix_cleanse_up
affixRawUnits=1:4
slotId=9:random_01
slotKind=6:Random
affixId=14:affix_guard_up
affixValueProfileId=30:candidate_value_affix_guard_up
affixRawUnits=3:769
eligibleCoreEffectId=22:candidate_core_i021_01
eligibleCoreEffectId=22:candidate_core_i021_02
eligibleCoreEffectId=22:candidate_core_i021_03
visibleCoreEffectId=22:candidate_core_i021_01
visibleCoreEffectId=22:candidate_core_i021_02
visibleCoreEffectId=22:candidate_core_i021_03
buildQualification=9:QiLeiOnly
","schemaId=32:ItemGeneratedInstanceSnapshot.v1
generationAlgorithmId=21:item-instance-roll-v1
generationDataStatus=63:QA_FIXTURE_ONLY|NOT_BALANCE_APPROVED|NOT_FORMAL_GENERATION_DATA
itemInstanceId=19:wb_i021_blue_150103
baseItemId=4:I021
rarity=4:blue
generationVersion=1:1
rootSeed=6:150103
cultivationPotentialProfileId=32:candidate_core_profile_i021_blue
statId=7:cleanse
statRawUnits=1:4
statId=8:cooldown
statRawUnits=1:6
statId=5:guard
statRawUnits=2:28
statId=8:nianCost
statRawUnits=1:6
slotId=8:fixed_01
slotKind=5:Fixed
affixId=16:affix_cleanse_up
affixValueProfileId=32:candidate_value_affix_cleanse_up
affixRawUnits=1:4
slotId=9:random_01
slotKind=6:Random
affixId=14:affix_guard_up
affixValueProfileId=30:candidate_value_affix_guard_up
affixRawUnits=3:769
eligibleCoreEffectId=22:candidate_core_i021_01
eligibleCoreEffectId=22:candidate_core_i021_02
eligibleCoreEffectId=22:candidate_core_i021_03
visibleCoreEffectId=22:candidate_core_i021_01
visibleCoreEffectId=22:candidate_core_i021_02
visibleCoreEffectId=22:candidate_core_i021_03
buildQualification=9:QiLeiOnly
",PASS
roll.I021@purple,roll_150,PASS,PASS,PASS
projection.I021@purple,projection_150,PASS,PASS,PASS
determinism.I021@purple,determinism_150,"schemaId=32:ItemGeneratedInstanceSnapshot.v1
generationAlgorithmId=21:item-instance-roll-v1
generationDataStatus=63:QA_FIXTURE_ONLY|NOT_BALANCE_APPROVED|NOT_FORMAL_GENERATION_DATA
itemInstanceId=21:wb_i021_purple_150104
baseItemId=4:I021
rarity=6:purple
generationVersion=1:1
rootSeed=6:150104
cultivationPotentialProfileId=34:candidate_core_profile_i021_purple
statId=7:cleanse
statRawUnits=1:5
statId=8:cooldown
statRawUnits=1:5
statId=5:guard
statRawUnits=2:32
statId=8:nianCost
statRawUnits=1:5
slotId=8:fixed_01
slotKind=5:Fixed
affixId=16:affix_cleanse_up
affixValueProfileId=32:candidate_value_affix_cleanse_up
affixRawUnits=1:4
slotId=9:random_01
slotKind=6:Random
affixId=14:affix_guard_up
affixValueProfileId=30:candidate_value_affix_guard_up
affixRawUnits=4:1153
eligibleCoreEffectId=22:candidate_core_i021_01
eligibleCoreEffectId=22:candidate_core_i021_02
eligibleCoreEffectId=22:candidate_core_i021_03
eligibleCoreEffectId=22:candidate_core_i021_04
visibleCoreEffectId=22:candidate_core_i021_01
visibleCoreEffectId=22:candidate_core_i021_02
visibleCoreEffectId=22:candidate_core_i021_03
visibleCoreEffectId=22:candidate_core_i021_04
buildQualification=9:FaMenOnly
","schemaId=32:ItemGeneratedInstanceSnapshot.v1
generationAlgorithmId=21:item-instance-roll-v1
generationDataStatus=63:QA_FIXTURE_ONLY|NOT_BALANCE_APPROVED|NOT_FORMAL_GENERATION_DATA
itemInstanceId=21:wb_i021_purple_150104
baseItemId=4:I021
rarity=6:purple
generationVersion=1:1
rootSeed=6:150104
cultivationPotentialProfileId=34:candidate_core_profile_i021_purple
statId=7:cleanse
statRawUnits=1:5
statId=8:cooldown
statRawUnits=1:5
statId=5:guard
statRawUnits=2:32
statId=8:nianCost
statRawUnits=1:5
slotId=8:fixed_01
slotKind=5:Fixed
affixId=16:affix_cleanse_up
affixValueProfileId=32:candidate_value_affix_cleanse_up
affixRawUnits=1:4
slotId=9:random_01
slotKind=6:Random
affixId=14:affix_guard_up
affixValueProfileId=30:candidate_value_affix_guard_up
affixRawUnits=4:1153
eligibleCoreEffectId=22:candidate_core_i021_01
eligibleCoreEffectId=22:candidate_core_i021_02
eligibleCoreEffectId=22:candidate_core_i021_03
eligibleCoreEffectId=22:candidate_core_i021_04
visibleCoreEffectId=22:candidate_core_i021_01
visibleCoreEffectId=22:candidate_core_i021_02
visibleCoreEffectId=22:candidate_core_i021_03
visibleCoreEffectId=22:candidate_core_i021_04
buildQualification=9:FaMenOnly
",PASS
roll.I021@orange,roll_150,PASS,PASS,PASS
projection.I021@orange,projection_150,PASS,PASS,PASS
determinism.I021@orange,determinism_150,"schemaId=32:ItemGeneratedInstanceSnapshot.v1
generationAlgorithmId=21:item-instance-roll-v1
generationDataStatus=63:QA_FIXTURE_ONLY|NOT_BALANCE_APPROVED|NOT_FORMAL_GENERATION_DATA
itemInstanceId=21:wb_i021_orange_150105
baseItemId=4:I021
rarity=6:orange
generationVersion=1:1
rootSeed=6:150105
cultivationPotentialProfileId=34:candidate_core_profile_i021_orange
statId=7:cleanse
statRawUnits=1:4
statId=8:cooldown
statRawUnits=1:5
statId=5:guard
statRawUnits=2:38
statId=8:nianCost
statRawUnits=1:5
slotId=8:fixed_01
slotKind=5:Fixed
affixId=16:affix_cleanse_up
affixValueProfileId=32:candidate_value_affix_cleanse_up
affixRawUnits=1:4
slotId=9:random_01
slotKind=6:Random
affixId=24:affix_cooldown_reduction
affixValueProfileId=40:candidate_value_affix_cooldown_reduction
affixRawUnits=4:1287
eligibleCoreEffectId=22:candidate_core_i021_01
eligibleCoreEffectId=22:candidate_core_i021_02
eligibleCoreEffectId=22:candidate_core_i021_03
eligibleCoreEffectId=22:candidate_core_i021_04
eligibleCoreEffectId=28:candidate_core_i021_ultimate
visibleCoreEffectId=22:candidate_core_i021_01
visibleCoreEffectId=22:candidate_core_i021_02
visibleCoreEffectId=22:candidate_core_i021_03
visibleCoreEffectId=22:candidate_core_i021_04
visibleCoreEffectId=28:candidate_core_i021_ultimate
buildQualification=9:QiLeiOnly
","schemaId=32:ItemGeneratedInstanceSnapshot.v1
generationAlgorithmId=21:item-instance-roll-v1
generationDataStatus=63:QA_FIXTURE_ONLY|NOT_BALANCE_APPROVED|NOT_FORMAL_GENERATION_DATA
itemInstanceId=21:wb_i021_orange_150105
baseItemId=4:I021
rarity=6:orange
generationVersion=1:1
rootSeed=6:150105
cultivationPotentialProfileId=34:candidate_core_profile_i021_orange
statId=7:cleanse
statRawUnits=1:4
statId=8:cooldown
statRawUnits=1:5
statId=5:guard
statRawUnits=2:38
statId=8:nianCost
statRawUnits=1:5
slotId=8:fixed_01
slotKind=5:Fixed
affixId=16:affix_cleanse_up
affixValueProfileId=32:candidate_value_affix_cleanse_up
affixRawUnits=1:4
slotId=9:random_01
slotKind=6:Random
affixId=24:affix_cooldown_reduction
affixValueProfileId=40:candidate_value_affix_cooldown_reduction
affixRawUnits=4:1287
eligibleCoreEffectId=22:candidate_core_i021_01
eligibleCoreEffectId=22:candidate_core_i021_02
eligibleCoreEffectId=22:candidate_core_i021_03
eligibleCoreEffectId=22:candidate_core_i021_04
eligibleCoreEffectId=28:candidate_core_i021_ultimate
visibleCoreEffectId=22:candidate_core_i021_01
visibleCoreEffectId=22:candidate_core_i021_02
visibleCoreEffectId=22:candidate_core_i021_03
visibleCoreEffectId=22:candidate_core_i021_04
visibleCoreEffectId=28:candidate_core_i021_ultimate
buildQualification=9:QiLeiOnly
",PASS
roll.I022@white,roll_150,PASS,PASS,PASS
projection.I022@white,projection_150,PASS,PASS,PASS
determinism.I022@white,determinism_150,"schemaId=32:ItemGeneratedInstanceSnapshot.v1
generationAlgorithmId=21:item-instance-roll-v1
generationDataStatus=63:QA_FIXTURE_ONLY|NOT_BALANCE_APPROVED|NOT_FORMAL_GENERATION_DATA
itemInstanceId=20:wb_i022_white_150106
baseItemId=4:I022
rarity=5:white
generationVersion=1:1
rootSeed=6:150106
cultivationPotentialProfileId=33:candidate_core_profile_i022_white
statId=7:cleanse
statRawUnits=1:2
statId=8:cooldown
statRawUnits=1:4
statId=4:heal
statRawUnits=2:16
statId=8:nianCost
statRawUnits=1:6
slotId=8:fixed_01
slotKind=5:Fixed
affixId=13:affix_heal_up
affixValueProfileId=29:candidate_value_affix_heal_up
affixRawUnits=3:348
slotId=9:random_01
slotKind=6:Random
affixId=24:affix_cooldown_reduction
affixValueProfileId=40:candidate_value_affix_cooldown_reduction
affixRawUnits=3:333
eligibleCoreEffectId=22:candidate_core_i022_01
visibleCoreEffectId=22:candidate_core_i022_01
buildQualification=4:None
","schemaId=32:ItemGeneratedInstanceSnapshot.v1
generationAlgorithmId=21:item-instance-roll-v1
generationDataStatus=63:QA_FIXTURE_ONLY|NOT_BALANCE_APPROVED|NOT_FORMAL_GENERATION_DATA
itemInstanceId=20:wb_i022_white_150106
baseItemId=4:I022
rarity=5:white
generationVersion=1:1
rootSeed=6:150106
cultivationPotentialProfileId=33:candidate_core_profile_i022_white
statId=7:cleanse
statRawUnits=1:2
statId=8:cooldown
statRawUnits=1:4
statId=4:heal
statRawUnits=2:16
statId=8:nianCost
statRawUnits=1:6
slotId=8:fixed_01
slotKind=5:Fixed
affixId=13:affix_heal_up
affixValueProfileId=29:candidate_value_affix_heal_up
affixRawUnits=3:348
slotId=9:random_01
slotKind=6:Random
affixId=24:affix_cooldown_reduction
affixValueProfileId=40:candidate_value_affix_cooldown_reduction
affixRawUnits=3:333
eligibleCoreEffectId=22:candidate_core_i022_01
visibleCoreEffectId=22:candidate_core_i022_01
buildQualification=4:None
",PASS
roll.I022@green,roll_150,PASS,PASS,PASS
projection.I022@green,projection_150,PASS,PASS,PASS
determinism.I022@green,determinism_150,"schemaId=32:ItemGeneratedInstanceSnapshot.v1
generationAlgorithmId=21:item-instance-roll-v1
generationDataStatus=63:QA_FIXTURE_ONLY|NOT_BALANCE_APPROVED|NOT_FORMAL_GENERATION_DATA
itemInstanceId=20:wb_i022_green_150107
baseItemId=4:I022
rarity=5:green
generationVersion=1:1
rootSeed=6:150107
cultivationPotentialProfileId=33:candidate_core_profile_i022_green
statId=7:cleanse
statRawUnits=1:3
statId=8:cooldown
statRawUnits=1:4
statId=4:heal
statRawUnits=2:18
statId=8:nianCost
statRawUnits=1:5
slotId=8:fixed_01
slotKind=5:Fixed
affixId=13:affix_heal_up
affixValueProfileId=29:candidate_value_affix_heal_up
affixRawUnits=3:504
slotId=9:random_01
slotKind=6:Random
affixId=24:affix_cooldown_reduction
affixValueProfileId=40:candidate_value_affix_cooldown_reduction
affixRawUnits=3:356
eligibleCoreEffectId=22:candidate_core_i022_01
eligibleCoreEffectId=22:candidate_core_i022_02
visibleCoreEffectId=22:candidate_core_i022_01
visibleCoreEffectId=22:candidate_core_i022_02
buildQualification=4:None
","schemaId=32:ItemGeneratedInstanceSnapshot.v1
generationAlgorithmId=21:item-instance-roll-v1
generationDataStatus=63:QA_FIXTURE_ONLY|NOT_BALANCE_APPROVED|NOT_FORMAL_GENERATION_DATA
itemInstanceId=20:wb_i022_green_150107
baseItemId=4:I022
rarity=5:green
generationVersion=1:1
rootSeed=6:150107
cultivationPotentialProfileId=33:candidate_core_profile_i022_green
statId=7:cleanse
statRawUnits=1:3
statId=8:cooldown
statRawUnits=1:4
statId=4:heal
statRawUnits=2:18
statId=8:nianCost
statRawUnits=1:5
slotId=8:fixed_01
slotKind=5:Fixed
affixId=13:affix_heal_up
affixValueProfileId=29:candidate_value_affix_heal_up
affixRawUnits=3:504
slotId=9:random_01
slotKind=6:Random
affixId=24:affix_cooldown_reduction
affixValueProfileId=40:candidate_value_affix_cooldown_reduction
affixRawUnits=3:356
eligibleCoreEffectId=22:candidate_core_i022_01
eligibleCoreEffectId=22:candidate_core_i022_02
visibleCoreEffectId=22:candidate_core_i022_01
visibleCoreEffectId=22:candidate_core_i022_02
buildQualification=4:None
",PASS
roll.I022@blue,roll_150,PASS,PASS,PASS
projection.I022@blue,projection_150,PASS,PASS,PASS
determinism.I022@blue,determinism_150,"schemaId=32:ItemGeneratedInstanceSnapshot.v1
generationAlgorithmId=21:item-instance-roll-v1
generationDataStatus=63:QA_FIXTURE_ONLY|NOT_BALANCE_APPROVED|NOT_FORMAL_GENERATION_DATA
itemInstanceId=19:wb_i022_blue_150108
baseItemId=4:I022
rarity=4:blue
generationVersion=1:1
rootSeed=6:150108
cultivationPotentialProfileId=32:candidate_core_profile_i022_blue
statId=7:cleanse
statRawUnits=1:4
statId=8:cooldown
statRawUnits=1:4
statId=4:heal
statRawUnits=2:24
statId=8:nianCost
statRawUnits=1:5
slotId=8:fixed_01
slotKind=5:Fixed
affixId=13:affix_heal_up
affixValueProfileId=29:candidate_value_affix_heal_up
affixRawUnits=3:828
slotId=9:random_01
slotKind=6:Random
affixId=21:affix_nian_efficiency
affixValueProfileId=37:candidate_value_affix_nian_efficiency
affixRawUnits=3:833
eligibleCoreEffectId=22:candidate_core_i022_01
eligibleCoreEffectId=22:candidate_core_i022_02
eligibleCoreEffectId=22:candidate_core_i022_03
visibleCoreEffectId=22:candidate_core_i022_01
visibleCoreEffectId=22:candidate_core_i022_02
visibleCoreEffectId=22:candidate_core_i022_03
buildQualification=4:Dual
","schemaId=32:ItemGeneratedInstanceSnapshot.v1
generationAlgorithmId=21:item-instance-roll-v1
generationDataStatus=63:QA_FIXTURE_ONLY|NOT_BALANCE_APPROVED|NOT_FORMAL_GENERATION_DATA
itemInstanceId=19:wb_i022_blue_150108
baseItemId=4:I022
rarity=4:blue
generationVersion=1:1
rootSeed=6:150108
cultivationPotentialProfileId=32:candidate_core_profile_i022_blue
statId=7:cleanse
statRawUnits=1:4
statId=8:cooldown
statRawUnits=1:4
statId=4:heal
statRawUnits=2:24
statId=8:nianCost
statRawUnits=1:5
slotId=8:fixed_01
slotKind=5:Fixed
affixId=13:affix_heal_up
affixValueProfileId=29:candidate_value_affix_heal_up
affixRawUnits=3:828
slotId=9:random_01
slotKind=6:Random
affixId=21:affix_nian_efficiency
affixValueProfileId=37:candidate_value_affix_nian_efficiency
affixRawUnits=3:833
eligibleCoreEffectId=22:candidate_core_i022_01
eligibleCoreEffectId=22:candidate_core_i022_02
eligibleCoreEffectId=22:candidate_core_i022_03
visibleCoreEffectId=22:candidate_core_i022_01
visibleCoreEffectId=22:candidate_core_i022_02
visibleCoreEffectId=22:candidate_core_i022_03
buildQualification=4:Dual
",PASS
roll.I022@purple,roll_150,PASS,PASS,PASS
projection.I022@purple,projection_150,PASS,PASS,PASS
determinism.I022@purple,determinism_150,"schemaId=32:ItemGeneratedInstanceSnapshot.v1
generationAlgorithmId=21:item-instance-roll-v1
generationDataStatus=63:QA_FIXTURE_ONLY|NOT_BALANCE_APPROVED|NOT_FORMAL_GENERATION_DATA
itemInstanceId=21:wb_i022_purple_150109
baseItemId=4:I022
rarity=6:purple
generationVersion=1:1
rootSeed=6:150109
cultivationPotentialProfileId=34:candidate_core_profile_i022_purple
statId=7:cleanse
statRawUnits=1:4
statId=8:cooldown
statRawUnits=1:3
statId=4:heal
statRawUnits=2:26
statId=8:nianCost
statRawUnits=1:4
slotId=8:fixed_01
slotKind=5:Fixed
affixId=13:affix_heal_up
affixValueProfileId=29:candidate_value_affix_heal_up
affixRawUnits=3:847
slotId=9:random_01
slotKind=6:Random
affixId=16:affix_cleanse_up
affixValueProfileId=32:candidate_value_affix_cleanse_up
affixRawUnits=1:4
eligibleCoreEffectId=22:candidate_core_i022_01
eligibleCoreEffectId=22:candidate_core_i022_02
eligibleCoreEffectId=22:candidate_core_i022_03
eligibleCoreEffectId=22:candidate_core_i022_04
visibleCoreEffectId=22:candidate_core_i022_01
visibleCoreEffectId=22:candidate_core_i022_02
visibleCoreEffectId=22:candidate_core_i022_03
visibleCoreEffectId=22:candidate_core_i022_04
buildQualification=9:QiLeiOnly
","schemaId=32:ItemGeneratedInstanceSnapshot.v1
generationAlgorithmId=21:item-instance-roll-v1
generationDataStatus=63:QA_FIXTURE_ONLY|NOT_BALANCE_APPROVED|NOT_FORMAL_GENERATION_DATA
itemInstanceId=21:wb_i022_purple_150109
baseItemId=4:I022
rarity=6:purple
generationVersion=1:1
rootSeed=6:150109
cultivationPotentialProfileId=34:candidate_core_profile_i022_purple
statId=7:cleanse
statRawUnits=1:4
statId=8:cooldown
statRawUnits=1:3
statId=4:heal
statRawUnits=2:26
statId=8:nianCost
statRawUnits=1:4
slotId=8:fixed_01
slotKind=5:Fixed
affixId=13:affix_heal_up
affixValueProfileId=29:candidate_value_affix_heal_up
affixRawUnits=3:847
slotId=9:random_01
slotKind=6:Random
affixId=16:affix_cleanse_up
affixValueProfileId=32:candidate_value_affix_cleanse_up
affixRawUnits=1:4
eligibleCoreEffectId=22:candidate_core_i022_01
eligibleCoreEffectId=22:candidate_core_i022_02
eligibleCoreEffectId=22:candidate_core_i022_03
eligibleCoreEffectId=22:candidate_core_i022_04
visibleCoreEffectId=22:candidate_core_i022_01
visibleCoreEffectId=22:candidate_core_i022_02
visibleCoreEffectId=22:candidate_core_i022_03
visibleCoreEffectId=22:candidate_core_i022_04
buildQualification=9:QiLeiOnly
",PASS
roll.I022@orange,roll_150,PASS,PASS,PASS
projection.I022@orange,projection_150,PASS,PASS,PASS
determinism.I022@orange,determinism_150,"schemaId=32:ItemGeneratedInstanceSnapshot.v1
generationAlgorithmId=21:item-instance-roll-v1
generationDataStatus=63:QA_FIXTURE_ONLY|NOT_BALANCE_APPROVED|NOT_FORMAL_GENERATION_DATA
itemInstanceId=21:wb_i022_orange_150110
baseItemId=4:I022
rarity=6:orange
generationVersion=1:1
rootSeed=6:150110
cultivationPotentialProfileId=34:candidate_core_profile_i022_orange
statId=7:cleanse
statRawUnits=1:4
statId=8:cooldown
statRawUnits=1:3
statId=4:heal
statRawUnits=2:26
statId=8:nianCost
statRawUnits=1:4
slotId=8:fixed_01
slotKind=5:Fixed
affixId=13:affix_heal_up
affixValueProfileId=29:candidate_value_affix_heal_up
affixRawUnits=4:1746
slotId=9:random_01
slotKind=6:Random
affixId=16:affix_cleanse_up
affixValueProfileId=32:candidate_value_affix_cleanse_up
affixRawUnits=1:4
eligibleCoreEffectId=22:candidate_core_i022_01
eligibleCoreEffectId=22:candidate_core_i022_02
eligibleCoreEffectId=22:candidate_core_i022_03
eligibleCoreEffectId=22:candidate_core_i022_04
eligibleCoreEffectId=28:candidate_core_i022_ultimate
visibleCoreEffectId=22:candidate_core_i022_01
visibleCoreEffectId=22:candidate_core_i022_02
visibleCoreEffectId=22:candidate_core_i022_03
visibleCoreEffectId=22:candidate_core_i022_04
visibleCoreEffectId=28:candidate_core_i022_ultimate
buildQualification=4:Dual
","schemaId=32:ItemGeneratedInstanceSnapshot.v1
generationAlgorithmId=21:item-instance-roll-v1
generationDataStatus=63:QA_FIXTURE_ONLY|NOT_BALANCE_APPROVED|NOT_FORMAL_GENERATION_DATA
itemInstanceId=21:wb_i022_orange_150110
baseItemId=4:I022
rarity=6:orange
generationVersion=1:1
rootSeed=6:150110
cultivationPotentialProfileId=34:candidate_core_profile_i022_orange
statId=7:cleanse
statRawUnits=1:4
statId=8:cooldown
statRawUnits=1:3
statId=4:heal
statRawUnits=2:26
statId=8:nianCost
statRawUnits=1:4
slotId=8:fixed_01
slotKind=5:Fixed
affixId=13:affix_heal_up
affixValueProfileId=29:candidate_value_affix_heal_up
affixRawUnits=4:1746
slotId=9:random_01
slotKind=6:Random
affixId=16:affix_cleanse_up
affixValueProfileId=32:candidate_value_affix_cleanse_up
affixRawUnits=1:4
eligibleCoreEffectId=22:candidate_core_i022_01
eligibleCoreEffectId=22:candidate_core_i022_02
eligibleCoreEffectId=22:candidate_core_i022_03
eligibleCoreEffectId=22:candidate_core_i022_04
eligibleCoreEffectId=28:candidate_core_i022_ultimate
visibleCoreEffectId=22:candidate_core_i022_01
visibleCoreEffectId=22:candidate_core_i022_02
visibleCoreEffectId=22:candidate_core_i022_03
visibleCoreEffectId=22:candidate_core_i022_04
visibleCoreEffectId=28:candidate_core_i022_ultimate
buildQualification=4:Dual
",PASS
roll.I023@white,roll_150,PASS,PASS,PASS
projection.I023@white,projection_150,PASS,PASS,PASS
determinism.I023@white,determinism_150,"schemaId=32:ItemGeneratedInstanceSnapshot.v1
generationAlgorithmId=21:item-instance-roll-v1
generationDataStatus=63:QA_FIXTURE_ONLY|NOT_BALANCE_APPROVED|NOT_FORMAL_GENERATION_DATA
itemInstanceId=20:wb_i023_white_150111
baseItemId=4:I023
rarity=5:white
generationVersion=1:1
rootSeed=6:150111
cultivationPotentialProfileId=33:candidate_core_profile_i023_white
statId=7:cleanse
statRawUnits=1:1
statId=7:control
statRawUnits=1:3
statId=8:cooldown
statRawUnits=1:5
statId=8:nianCost
statRawUnits=1:6
slotId=8:fixed_01
slotKind=5:Fixed
affixId=16:affix_cleanse_up
affixValueProfileId=32:candidate_value_affix_cleanse_up
affixRawUnits=1:2
slotId=9:random_01
slotKind=6:Random
affixId=16:affix_control_up
affixValueProfileId=32:candidate_value_affix_control_up
affixRawUnits=1:2
eligibleCoreEffectId=22:candidate_core_i023_01
visibleCoreEffectId=22:candidate_core_i023_01
buildQualification=4:None
","schemaId=32:ItemGeneratedInstanceSnapshot.v1
generationAlgorithmId=21:item-instance-roll-v1
generationDataStatus=63:QA_FIXTURE_ONLY|NOT_BALANCE_APPROVED|NOT_FORMAL_GENERATION_DATA
itemInstanceId=20:wb_i023_white_150111
baseItemId=4:I023
rarity=5:white
generationVersion=1:1
rootSeed=6:150111
cultivationPotentialProfileId=33:candidate_core_profile_i023_white
statId=7:cleanse
statRawUnits=1:1
statId=7:control
statRawUnits=1:3
statId=8:cooldown
statRawUnits=1:5
statId=8:nianCost
statRawUnits=1:6
slotId=8:fixed_01
slotKind=5:Fixed
affixId=16:affix_cleanse_up
affixValueProfileId=32:candidate_value_affix_cleanse_up
affixRawUnits=1:2
slotId=9:random_01
slotKind=6:Random
affixId=16:affix_control_up
affixValueProfileId=32:candidate_value_affix_control_up
affixRawUnits=1:2
eligibleCoreEffectId=22:candidate_core_i023_01
visibleCoreEffectId=22:candidate_core_i023_01
buildQualification=4:None
",PASS
roll.I023@green,roll_150,PASS,PASS,PASS
projection.I023@green,projection_150,PASS,PASS,PASS
determinism.I023@green,determinism_150,"schemaId=32:ItemGeneratedInstanceSnapshot.v1
generationAlgorithmId=21:item-instance-roll-v1
generationDataStatus=63:QA_FIXTURE_ONLY|NOT_BALANCE_APPROVED|NOT_FORMAL_GENERATION_DATA
itemInstanceId=20:wb_i023_green_150112
baseItemId=4:I023
rarity=5:green
generationVersion=1:1
rootSeed=6:150112
cultivationPotentialProfileId=33:candidate_core_profile_i023_green
statId=7:cleanse
statRawUnits=1:2
statId=7:control
statRawUnits=1:6
statId=8:cooldown
statRawUnits=1:5
statId=8:nianCost
statRawUnits=1:5
slotId=8:fixed_01
slotKind=5:Fixed
affixId=16:affix_cleanse_up
affixValueProfileId=32:candidate_value_affix_cleanse_up
affixRawUnits=1:2
slotId=9:random_01
slotKind=6:Random
affixId=24:affix_cooldown_reduction
affixValueProfileId=40:candidate_value_affix_cooldown_reduction
affixRawUnits=3:608
eligibleCoreEffectId=22:candidate_core_i023_01
eligibleCoreEffectId=22:candidate_core_i023_02
visibleCoreEffectId=22:candidate_core_i023_01
visibleCoreEffectId=22:candidate_core_i023_02
buildQualification=4:None
","schemaId=32:ItemGeneratedInstanceSnapshot.v1
generationAlgorithmId=21:item-instance-roll-v1
generationDataStatus=63:QA_FIXTURE_ONLY|NOT_BALANCE_APPROVED|NOT_FORMAL_GENERATION_DATA
itemInstanceId=20:wb_i023_green_150112
baseItemId=4:I023
rarity=5:green
generationVersion=1:1
rootSeed=6:150112
cultivationPotentialProfileId=33:candidate_core_profile_i023_green
statId=7:cleanse
statRawUnits=1:2
statId=7:control
statRawUnits=1:6
statId=8:cooldown
statRawUnits=1:5
statId=8:nianCost
statRawUnits=1:5
slotId=8:fixed_01
slotKind=5:Fixed
affixId=16:affix_cleanse_up
affixValueProfileId=32:candidate_value_affix_cleanse_up
affixRawUnits=1:2
slotId=9:random_01
slotKind=6:Random
affixId=24:affix_cooldown_reduction
affixValueProfileId=40:candidate_value_affix_cooldown_reduction
affixRawUnits=3:608
eligibleCoreEffectId=22:candidate_core_i023_01
eligibleCoreEffectId=22:candidate_core_i023_02
visibleCoreEffectId=22:candidate_core_i023_01
visibleCoreEffectId=22:candidate_core_i023_02
buildQualification=4:None
",PASS
roll.I023@blue,roll_150,PASS,PASS,PASS
projection.I023@blue,projection_150,PASS,PASS,PASS
determinism.I023@blue,determinism_150,"schemaId=32:ItemGeneratedInstanceSnapshot.v1
generationAlgorithmId=21:item-instance-roll-v1
generationDataStatus=63:QA_FIXTURE_ONLY|NOT_BALANCE_APPROVED|NOT_FORMAL_GENERATION_DATA
itemInstanceId=19:wb_i023_blue_150113
baseItemId=4:I023
rarity=4:blue
generationVersion=1:1
rootSeed=6:150113
cultivationPotentialProfileId=32:candidate_core_profile_i023_blue
statId=7:cleanse
statRawUnits=1:3
statId=7:control
statRawUnits=1:6
statId=8:cooldown
statRawUnits=1:5
statId=8:nianCost
statRawUnits=1:5
slotId=8:fixed_01
slotKind=5:Fixed
affixId=16:affix_cleanse_up
affixValueProfileId=32:candidate_value_affix_cleanse_up
affixRawUnits=1:3
slotId=9:random_01
slotKind=6:Random
affixId=16:affix_control_up
affixValueProfileId=32:candidate_value_affix_control_up
affixRawUnits=1:5
eligibleCoreEffectId=22:candidate_core_i023_01
eligibleCoreEffectId=22:candidate_core_i023_02
eligibleCoreEffectId=22:candidate_core_i023_03
visibleCoreEffectId=22:candidate_core_i023_01
visibleCoreEffectId=22:candidate_core_i023_02
visibleCoreEffectId=22:candidate_core_i023_03
buildQualification=4:None
","schemaId=32:ItemGeneratedInstanceSnapshot.v1
generationAlgorithmId=21:item-instance-roll-v1
generationDataStatus=63:QA_FIXTURE_ONLY|NOT_BALANCE_APPROVED|NOT_FORMAL_GENERATION_DATA
itemInstanceId=19:wb_i023_blue_150113
baseItemId=4:I023
rarity=4:blue
generationVersion=1:1
rootSeed=6:150113
cultivationPotentialProfileId=32:candidate_core_profile_i023_blue
statId=7:cleanse
statRawUnits=1:3
statId=7:control
statRawUnits=1:6
statId=8:cooldown
statRawUnits=1:5
statId=8:nianCost
statRawUnits=1:5
slotId=8:fixed_01
slotKind=5:Fixed
affixId=16:affix_cleanse_up
affixValueProfileId=32:candidate_value_affix_cleanse_up
affixRawUnits=1:3
slotId=9:random_01
slotKind=6:Random
affixId=16:affix_control_up
affixValueProfileId=32:candidate_value_affix_control_up
affixRawUnits=1:5
eligibleCoreEffectId=22:candidate_core_i023_01
eligibleCoreEffectId=22:candidate_core_i023_02
eligibleCoreEffectId=22:candidate_core_i023_03
visibleCoreEffectId=22:candidate_core_i023_01
visibleCoreEffectId=22:candidate_core_i023_02
visibleCoreEffectId=22:candidate_core_i023_03
buildQualification=4:None
",PASS
roll.I023@purple,roll_150,PASS,PASS,PASS
projection.I023@purple,projection_150,PASS,PASS,PASS
determinism.I023@purple,determinism_150,"schemaId=32:ItemGeneratedInstanceSnapshot.v1
generationAlgorithmId=21:item-instance-roll-v1
generationDataStatus=63:QA_FIXTURE_ONLY|NOT_BALANCE_APPROVED|NOT_FORMAL_GENERATION_DATA
itemInstanceId=21:wb_i023_purple_150114
baseItemId=4:I023
rarity=6:purple
generationVersion=1:1
rootSeed=6:150114
cultivationPotentialProfileId=34:candidate_core_profile_i023_purple
statId=7:cleanse
statRawUnits=1:5
statId=7:control
statRawUnits=1:9
statId=8:cooldown
statRawUnits=1:4
statId=8:nianCost
statRawUnits=1:4
slotId=8:fixed_01
slotKind=5:Fixed
affixId=16:affix_cleanse_up
affixValueProfileId=32:candidate_value_affix_cleanse_up
affixRawUnits=1:5
slotId=9:random_01
slotKind=6:Random
affixId=21:affix_nian_efficiency
affixValueProfileId=37:candidate_value_affix_nian_efficiency
affixRawUnits=3:820
eligibleCoreEffectId=22:candidate_core_i023_01
eligibleCoreEffectId=22:candidate_core_i023_02
eligibleCoreEffectId=22:candidate_core_i023_03
eligibleCoreEffectId=22:candidate_core_i023_04
visibleCoreEffectId=22:candidate_core_i023_01
visibleCoreEffectId=22:candidate_core_i023_02
visibleCoreEffectId=22:candidate_core_i023_03
visibleCoreEffectId=22:candidate_core_i023_04
buildQualification=9:FaMenOnly
","schemaId=32:ItemGeneratedInstanceSnapshot.v1
generationAlgorithmId=21:item-instance-roll-v1
generationDataStatus=63:QA_FIXTURE_ONLY|NOT_BALANCE_APPROVED|NOT_FORMAL_GENERATION_DATA
itemInstanceId=21:wb_i023_purple_150114
baseItemId=4:I023
rarity=6:purple
generationVersion=1:1
rootSeed=6:150114
cultivationPotentialProfileId=34:candidate_core_profile_i023_purple
statId=7:cleanse
statRawUnits=1:5
statId=7:control
statRawUnits=1:9
statId=8:cooldown
statRawUnits=1:4
statId=8:nianCost
statRawUnits=1:4
slotId=8:fixed_01
slotKind=5:Fixed
affixId=16:affix_cleanse_up
affixValueProfileId=32:candidate_value_affix_cleanse_up
affixRawUnits=1:5
slotId=9:random_01
slotKind=6:Random
affixId=21:affix_nian_efficiency
affixValueProfileId=37:candidate_value_affix_nian_efficiency
affixRawUnits=3:820
eligibleCoreEffectId=22:candidate_core_i023_01
eligibleCoreEffectId=22:candidate_core_i023_02
eligibleCoreEffectId=22:candidate_core_i023_03
eligibleCoreEffectId=22:candidate_core_i023_04
visibleCoreEffectId=22:candidate_core_i023_01
visibleCoreEffectId=22:candidate_core_i023_02
visibleCoreEffectId=22:candidate_core_i023_03
visibleCoreEffectId=22:candidate_core_i023_04
buildQualification=9:FaMenOnly
",PASS
roll.I023@orange,roll_150,PASS,PASS,PASS
projection.I023@orange,projection_150,PASS,PASS,PASS
determinism.I023@orange,determinism_150,"schemaId=32:ItemGeneratedInstanceSnapshot.v1
generationAlgorithmId=21:item-instance-roll-v1
generationDataStatus=63:QA_FIXTURE_ONLY|NOT_BALANCE_APPROVED|NOT_FORMAL_GENERATION_DATA
itemInstanceId=21:wb_i023_orange_150115
baseItemId=4:I023
rarity=6:orange
generationVersion=1:1
rootSeed=6:150115
cultivationPotentialProfileId=34:candidate_core_profile_i023_orange
statId=7:cleanse
statRawUnits=1:4
statId=7:control
statRawUnits=1:9
statId=8:cooldown
statRawUnits=1:3
statId=8:nianCost
statRawUnits=1:3
slotId=8:fixed_01
slotKind=5:Fixed
affixId=16:affix_cleanse_up
affixValueProfileId=32:candidate_value_affix_cleanse_up
affixRawUnits=1:5
slotId=9:random_01
slotKind=6:Random
affixId=24:affix_cooldown_reduction
affixValueProfileId=40:candidate_value_affix_cooldown_reduction
affixRawUnits=4:1329
eligibleCoreEffectId=22:candidate_core_i023_01
eligibleCoreEffectId=22:candidate_core_i023_02
eligibleCoreEffectId=22:candidate_core_i023_03
eligibleCoreEffectId=22:candidate_core_i023_04
eligibleCoreEffectId=28:candidate_core_i023_ultimate
visibleCoreEffectId=22:candidate_core_i023_01
visibleCoreEffectId=22:candidate_core_i023_02
visibleCoreEffectId=22:candidate_core_i023_03
visibleCoreEffectId=22:candidate_core_i023_04
visibleCoreEffectId=28:candidate_core_i023_ultimate
buildQualification=4:Dual
","schemaId=32:ItemGeneratedInstanceSnapshot.v1
generationAlgorithmId=21:item-instance-roll-v1
generationDataStatus=63:QA_FIXTURE_ONLY|NOT_BALANCE_APPROVED|NOT_FORMAL_GENERATION_DATA
itemInstanceId=21:wb_i023_orange_150115
baseItemId=4:I023
rarity=6:orange
generationVersion=1:1
rootSeed=6:150115
cultivationPotentialProfileId=34:candidate_core_profile_i023_orange
statId=7:cleanse
statRawUnits=1:4
statId=7:control
statRawUnits=1:9
statId=8:cooldown
statRawUnits=1:3
statId=8:nianCost
statRawUnits=1:3
slotId=8:fixed_01
slotKind=5:Fixed
affixId=16:affix_cleanse_up
affixValueProfileId=32:candidate_value_affix_cleanse_up
affixRawUnits=1:5
slotId=9:random_01
slotKind=6:Random
affixId=24:affix_cooldown_reduction
affixValueProfileId=40:candidate_value_affix_cooldown_reduction
affixRawUnits=4:1329
eligibleCoreEffectId=22:candidate_core_i023_01
eligibleCoreEffectId=22:candidate_core_i023_02
eligibleCoreEffectId=22:candidate_core_i023_03
eligibleCoreEffectId=22:candidate_core_i023_04
eligibleCoreEffectId=28:candidate_core_i023_ultimate
visibleCoreEffectId=22:candidate_core_i023_01
visibleCoreEffectId=22:candidate_core_i023_02
visibleCoreEffectId=22:candidate_core_i023_03
visibleCoreEffectId=22:candidate_core_i023_04
visibleCoreEffectId=28:candidate_core_i023_ultimate
buildQualification=4:Dual
",PASS
roll.I024@white,roll_150,PASS,PASS,PASS
projection.I024@white,projection_150,PASS,PASS,PASS
determinism.I024@white,determinism_150,"schemaId=32:ItemGeneratedInstanceSnapshot.v1
generationAlgorithmId=21:item-instance-roll-v1
generationDataStatus=63:QA_FIXTURE_ONLY|NOT_BALANCE_APPROVED|NOT_FORMAL_GENERATION_DATA
itemInstanceId=20:wb_i024_white_150116
baseItemId=4:I024
rarity=5:white
generationVersion=1:1
rootSeed=6:150116
cultivationPotentialProfileId=33:candidate_core_profile_i024_white
statId=7:cleanse
statRawUnits=1:2
statId=8:cooldown
statRawUnits=1:7
statId=4:heal
statRawUnits=2:14
statId=8:nianCost
statRawUnits=1:9
slotId=8:fixed_01
slotKind=5:Fixed
affixId=16:affix_cleanse_up
affixValueProfileId=32:candidate_value_affix_cleanse_up
affixRawUnits=1:1
slotId=9:random_01
slotKind=6:Random
affixId=24:affix_cooldown_reduction
affixValueProfileId=40:candidate_value_affix_cooldown_reduction
affixRawUnits=3:281
eligibleCoreEffectId=22:candidate_core_i024_01
visibleCoreEffectId=22:candidate_core_i024_01
buildQualification=4:None
","schemaId=32:ItemGeneratedInstanceSnapshot.v1
generationAlgorithmId=21:item-instance-roll-v1
generationDataStatus=63:QA_FIXTURE_ONLY|NOT_BALANCE_APPROVED|NOT_FORMAL_GENERATION_DATA
itemInstanceId=20:wb_i024_white_150116
baseItemId=4:I024
rarity=5:white
generationVersion=1:1
rootSeed=6:150116
cultivationPotentialProfileId=33:candidate_core_profile_i024_white
statId=7:cleanse
statRawUnits=1:2
statId=8:cooldown
statRawUnits=1:7
statId=4:heal
statRawUnits=2:14
statId=8:nianCost
statRawUnits=1:9
slotId=8:fixed_01
slotKind=5:Fixed
affixId=16:affix_cleanse_up
affixValueProfileId=32:candidate_value_affix_cleanse_up
affixRawUnits=1:1
slotId=9:random_01
slotKind=6:Random
affixId=24:affix_cooldown_reduction
affixValueProfileId=40:candidate_value_affix_cooldown_reduction
affixRawUnits=3:281
eligibleCoreEffectId=22:candidate_core_i024_01
visibleCoreEffectId=22:candidate_core_i024_01
buildQualification=4:None
",PASS
roll.I024@green,roll_150,PASS,PASS,PASS
projection.I024@green,projection_150,PASS,PASS,PASS
determinism.I024@green,determinism_150,"schemaId=32:ItemGeneratedInstanceSnapshot.v1
generationAlgorithmId=21:item-instance-roll-v1
generationDataStatus=63:QA_FIXTURE_ONLY|NOT_BALANCE_APPROVED|NOT_FORMAL_GENERATION_DATA
itemInstanceId=20:wb_i024_green_150117
baseItemId=4:I024
rarity=5:green
generationVersion=1:1
rootSeed=6:150117
cultivationPotentialProfileId=33:candidate_core_profile_i024_green
statId=7:cleanse
statRawUnits=1:3
statId=8:cooldown
statRawUnits=1:7
statId=4:heal
statRawUnits=2:18
statId=8:nianCost
statRawUnits=1:7
slotId=8:fixed_01
slotKind=5:Fixed
affixId=16:affix_cleanse_up
affixValueProfileId=32:candidate_value_affix_cleanse_up
affixRawUnits=1:2
slotId=9:random_01
slotKind=6:Random
affixId=21:affix_nian_efficiency
affixValueProfileId=37:candidate_value_affix_nian_efficiency
affixRawUnits=3:430
eligibleCoreEffectId=22:candidate_core_i024_01
eligibleCoreEffectId=22:candidate_core_i024_02
visibleCoreEffectId=22:candidate_core_i024_01
visibleCoreEffectId=22:candidate_core_i024_02
buildQualification=4:None
","schemaId=32:ItemGeneratedInstanceSnapshot.v1
generationAlgorithmId=21:item-instance-roll-v1
generationDataStatus=63:QA_FIXTURE_ONLY|NOT_BALANCE_APPROVED|NOT_FORMAL_GENERATION_DATA
itemInstanceId=20:wb_i024_green_150117
baseItemId=4:I024
rarity=5:green
generationVersion=1:1
rootSeed=6:150117
cultivationPotentialProfileId=33:candidate_core_profile_i024_green
statId=7:cleanse
statRawUnits=1:3
statId=8:cooldown
statRawUnits=1:7
statId=4:heal
statRawUnits=2:18
statId=8:nianCost
statRawUnits=1:7
slotId=8:fixed_01
slotKind=5:Fixed
affixId=16:affix_cleanse_up
affixValueProfileId=32:candidate_value_affix_cleanse_up
affixRawUnits=1:2
slotId=9:random_01
slotKind=6:Random
affixId=21:affix_nian_efficiency
affixValueProfileId=37:candidate_value_affix_nian_efficiency
affixRawUnits=3:430
eligibleCoreEffectId=22:candidate_core_i024_01
eligibleCoreEffectId=22:candidate_core_i024_02
visibleCoreEffectId=22:candidate_core_i024_01
visibleCoreEffectId=22:candidate_core_i024_02
buildQualification=4:None
",PASS
roll.I024@blue,roll_150,PASS,PASS,PASS
projection.I024@blue,projection_150,PASS,PASS,PASS
determinism.I024@blue,determinism_150,"schemaId=32:ItemGeneratedInstanceSnapshot.v1
generationAlgorithmId=21:item-instance-roll-v1
generationDataStatus=63:QA_FIXTURE_ONLY|NOT_BALANCE_APPROVED|NOT_FORMAL_GENERATION_DATA
itemInstanceId=19:wb_i024_blue_150118
baseItemId=4:I024
rarity=4:blue
generationVersion=1:1
rootSeed=6:150118
cultivationPotentialProfileId=32:candidate_core_profile_i024_blue
statId=7:cleanse
statRawUnits=1:4
statId=8:cooldown
statRawUnits=1:7
statId=4:heal
statRawUnits=2:22
statId=8:nianCost
statRawUnits=1:6
slotId=8:fixed_01
slotKind=5:Fixed
affixId=16:affix_cleanse_up
affixValueProfileId=32:candidate_value_affix_cleanse_up
affixRawUnits=1:4
slotId=9:random_01
slotKind=6:Random
affixId=24:affix_cooldown_reduction
affixValueProfileId=40:candidate_value_affix_cooldown_reduction
affixRawUnits=3:685
eligibleCoreEffectId=22:candidate_core_i024_01
eligibleCoreEffectId=22:candidate_core_i024_02
eligibleCoreEffectId=22:candidate_core_i024_03
visibleCoreEffectId=22:candidate_core_i024_01
visibleCoreEffectId=22:candidate_core_i024_02
visibleCoreEffectId=22:candidate_core_i024_03
buildQualification=4:None
","schemaId=32:ItemGeneratedInstanceSnapshot.v1
generationAlgorithmId=21:item-instance-roll-v1
generationDataStatus=63:QA_FIXTURE_ONLY|NOT_BALANCE_APPROVED|NOT_FORMAL_GENERATION_DATA
itemInstanceId=19:wb_i024_blue_150118
baseItemId=4:I024
rarity=4:blue
generationVersion=1:1
rootSeed=6:150118
cultivationPotentialProfileId=32:candidate_core_profile_i024_blue
statId=7:cleanse
statRawUnits=1:4
statId=8:cooldown
statRawUnits=1:7
statId=4:heal
statRawUnits=2:22
statId=8:nianCost
statRawUnits=1:6
slotId=8:fixed_01
slotKind=5:Fixed
affixId=16:affix_cleanse_up
affixValueProfileId=32:candidate_value_affix_cleanse_up
affixRawUnits=1:4
slotId=9:random_01
slotKind=6:Random
affixId=24:affix_cooldown_reduction
affixValueProfileId=40:candidate_value_affix_cooldown_reduction
affixRawUnits=3:685
eligibleCoreEffectId=22:candidate_core_i024_01
eligibleCoreEffectId=22:candidate_core_i024_02
eligibleCoreEffectId=22:candidate_core_i024_03
visibleCoreEffectId=22:candidate_core_i024_01
visibleCoreEffectId=22:candidate_core_i024_02
visibleCoreEffectId=22:candidate_core_i024_03
buildQualification=4:None
",PASS
roll.I024@purple,roll_150,PASS,PASS,PASS
projection.I024@purple,projection_150,PASS,PASS,PASS
determinism.I024@purple,determinism_150,"schemaId=32:ItemGeneratedInstanceSnapshot.v1
generationAlgorithmId=21:item-instance-roll-v1
generationDataStatus=63:QA_FIXTURE_ONLY|NOT_BALANCE_APPROVED|NOT_FORMAL_GENERATION_DATA
itemInstanceId=21:wb_i024_purple_150119
baseItemId=4:I024
rarity=6:purple
generationVersion=1:1
rootSeed=6:150119
cultivationPotentialProfileId=34:candidate_core_profile_i024_purple
statId=7:cleanse
statRawUnits=1:5
statId=8:cooldown
statRawUnits=1:6
statId=4:heal
statRawUnits=2:28
statId=8:nianCost
statRawUnits=1:6
slotId=8:fixed_01
slotKind=5:Fixed
affixId=16:affix_cleanse_up
affixValueProfileId=32:candidate_value_affix_cleanse_up
affixRawUnits=1:5
slotId=9:random_01
slotKind=6:Random
affixId=13:affix_heal_up
affixValueProfileId=29:candidate_value_affix_heal_up
affixRawUnits=4:1049
eligibleCoreEffectId=22:candidate_core_i024_01
eligibleCoreEffectId=22:candidate_core_i024_02
eligibleCoreEffectId=22:candidate_core_i024_03
eligibleCoreEffectId=22:candidate_core_i024_04
visibleCoreEffectId=22:candidate_core_i024_01
visibleCoreEffectId=22:candidate_core_i024_02
visibleCoreEffectId=22:candidate_core_i024_03
visibleCoreEffectId=22:candidate_core_i024_04
buildQualification=9:QiLeiOnly
","schemaId=32:ItemGeneratedInstanceSnapshot.v1
generationAlgorithmId=21:item-instance-roll-v1
generationDataStatus=63:QA_FIXTURE_ONLY|NOT_BALANCE_APPROVED|NOT_FORMAL_GENERATION_DATA
itemInstanceId=21:wb_i024_purple_150119
baseItemId=4:I024
rarity=6:purple
generationVersion=1:1
rootSeed=6:150119
cultivationPotentialProfileId=34:candidate_core_profile_i024_purple
statId=7:cleanse
statRawUnits=1:5
statId=8:cooldown
statRawUnits=1:6
statId=4:heal
statRawUnits=2:28
statId=8:nianCost
statRawUnits=1:6
slotId=8:fixed_01
slotKind=5:Fixed
affixId=16:affix_cleanse_up
affixValueProfileId=32:candidate_value_affix_cleanse_up
affixRawUnits=1:5
slotId=9:random_01
slotKind=6:Random
affixId=13:affix_heal_up
affixValueProfileId=29:candidate_value_affix_heal_up
affixRawUnits=4:1049
eligibleCoreEffectId=22:candidate_core_i024_01
eligibleCoreEffectId=22:candidate_core_i024_02
eligibleCoreEffectId=22:candidate_core_i024_03
eligibleCoreEffectId=22:candidate_core_i024_04
visibleCoreEffectId=22:candidate_core_i024_01
visibleCoreEffectId=22:candidate_core_i024_02
visibleCoreEffectId=22:candidate_core_i024_03
visibleCoreEffectId=22:candidate_core_i024_04
buildQualification=9:QiLeiOnly
",PASS
roll.I024@orange,roll_150,PASS,PASS,PASS
projection.I024@orange,projection_150,PASS,PASS,PASS
determinism.I024@orange,determinism_150,"schemaId=32:ItemGeneratedInstanceSnapshot.v1
generationAlgorithmId=21:item-instance-roll-v1
generationDataStatus=63:QA_FIXTURE_ONLY|NOT_BALANCE_APPROVED|NOT_FORMAL_GENERATION_DATA
itemInstanceId=21:wb_i024_orange_150120
baseItemId=4:I024
rarity=6:orange
generationVersion=1:1
rootSeed=6:150120
cultivationPotentialProfileId=34:candidate_core_profile_i024_orange
statId=7:cleanse
statRawUnits=1:5
statId=8:cooldown
statRawUnits=1:5
statId=4:heal
statRawUnits=2:33
statId=8:nianCost
statRawUnits=1:5
slotId=8:fixed_01
slotKind=5:Fixed
affixId=16:affix_cleanse_up
affixValueProfileId=32:candidate_value_affix_cleanse_up
affixRawUnits=1:5
slotId=9:random_01
slotKind=6:Random
affixId=24:affix_cooldown_reduction
affixValueProfileId=40:candidate_value_affix_cooldown_reduction
affixRawUnits=4:1277
eligibleCoreEffectId=22:candidate_core_i024_01
eligibleCoreEffectId=22:candidate_core_i024_02
eligibleCoreEffectId=22:candidate_core_i024_03
eligibleCoreEffectId=22:candidate_core_i024_04
eligibleCoreEffectId=28:candidate_core_i024_ultimate
visibleCoreEffectId=22:candidate_core_i024_01
visibleCoreEffectId=22:candidate_core_i024_02
visibleCoreEffectId=22:candidate_core_i024_03
visibleCoreEffectId=22:candidate_core_i024_04
visibleCoreEffectId=28:candidate_core_i024_ultimate
buildQualification=4:Dual
","schemaId=32:ItemGeneratedInstanceSnapshot.v1
generationAlgorithmId=21:item-instance-roll-v1
generationDataStatus=63:QA_FIXTURE_ONLY|NOT_BALANCE_APPROVED|NOT_FORMAL_GENERATION_DATA
itemInstanceId=21:wb_i024_orange_150120
baseItemId=4:I024
rarity=6:orange
generationVersion=1:1
rootSeed=6:150120
cultivationPotentialProfileId=34:candidate_core_profile_i024_orange
statId=7:cleanse
statRawUnits=1:5
statId=8:cooldown
statRawUnits=1:5
statId=4:heal
statRawUnits=2:33
statId=8:nianCost
statRawUnits=1:5
slotId=8:fixed_01
slotKind=5:Fixed
affixId=16:affix_cleanse_up
affixValueProfileId=32:candidate_value_affix_cleanse_up
affixRawUnits=1:5
slotId=9:random_01
slotKind=6:Random
affixId=24:affix_cooldown_reduction
affixValueProfileId=40:candidate_value_affix_cooldown_reduction
affixRawUnits=4:1277
eligibleCoreEffectId=22:candidate_core_i024_01
eligibleCoreEffectId=22:candidate_core_i024_02
eligibleCoreEffectId=22:candidate_core_i024_03
eligibleCoreEffectId=22:candidate_core_i024_04
eligibleCoreEffectId=28:candidate_core_i024_ultimate
visibleCoreEffectId=22:candidate_core_i024_01
visibleCoreEffectId=22:candidate_core_i024_02
visibleCoreEffectId=22:candidate_core_i024_03
visibleCoreEffectId=22:candidate_core_i024_04
visibleCoreEffectId=28:candidate_core_i024_ultimate
buildQualification=4:Dual
",PASS
roll.I025@white,roll_150,PASS,PASS,PASS
projection.I025@white,projection_150,PASS,PASS,PASS
determinism.I025@white,determinism_150,"schemaId=32:ItemGeneratedInstanceSnapshot.v1
generationAlgorithmId=21:item-instance-roll-v1
generationDataStatus=63:QA_FIXTURE_ONLY|NOT_BALANCE_APPROVED|NOT_FORMAL_GENERATION_DATA
itemInstanceId=20:wb_i025_white_150121
baseItemId=4:I025
rarity=5:white
generationVersion=1:1
rootSeed=6:150121
cultivationPotentialProfileId=33:candidate_core_profile_i025_white
statId=7:control
statRawUnits=1:2
statId=8:cooldown
statRawUnits=1:6
statId=8:duration
statRawUnits=1:1
statId=8:nianCost
statRawUnits=1:4
slotId=8:fixed_01
slotKind=5:Fixed
affixId=16:affix_control_up
affixValueProfileId=32:candidate_value_affix_control_up
affixRawUnits=1:1
slotId=9:random_01
slotKind=6:Random
affixId=17:affix_duration_up
affixValueProfileId=33:candidate_value_affix_duration_up
affixRawUnits=1:2
eligibleCoreEffectId=22:candidate_core_i025_01
visibleCoreEffectId=22:candidate_core_i025_01
buildQualification=4:None
","schemaId=32:ItemGeneratedInstanceSnapshot.v1
generationAlgorithmId=21:item-instance-roll-v1
generationDataStatus=63:QA_FIXTURE_ONLY|NOT_BALANCE_APPROVED|NOT_FORMAL_GENERATION_DATA
itemInstanceId=20:wb_i025_white_150121
baseItemId=4:I025
rarity=5:white
generationVersion=1:1
rootSeed=6:150121
cultivationPotentialProfileId=33:candidate_core_profile_i025_white
statId=7:control
statRawUnits=1:2
statId=8:cooldown
statRawUnits=1:6
statId=8:duration
statRawUnits=1:1
statId=8:nianCost
statRawUnits=1:4
slotId=8:fixed_01
slotKind=5:Fixed
affixId=16:affix_control_up
affixValueProfileId=32:candidate_value_affix_control_up
affixRawUnits=1:1
slotId=9:random_01
slotKind=6:Random
affixId=17:affix_duration_up
affixValueProfileId=33:candidate_value_affix_duration_up
affixRawUnits=1:2
eligibleCoreEffectId=22:candidate_core_i025_01
visibleCoreEffectId=22:candidate_core_i025_01
buildQualification=4:None
",PASS
roll.I025@green,roll_150,PASS,PASS,PASS
projection.I025@green,projection_150,PASS,PASS,PASS
determinism.I025@green,determinism_150,"schemaId=32:ItemGeneratedInstanceSnapshot.v1
generationAlgorithmId=21:item-instance-roll-v1
generationDataStatus=63:QA_FIXTURE_ONLY|NOT_BALANCE_APPROVED|NOT_FORMAL_GENERATION_DATA
itemInstanceId=20:wb_i025_green_150122
baseItemId=4:I025
rarity=5:green
generationVersion=1:1
rootSeed=6:150122
cultivationPotentialProfileId=33:candidate_core_profile_i025_green
statId=7:control
statRawUnits=1:4
statId=8:cooldown
statRawUnits=1:5
statId=8:duration
statRawUnits=1:4
statId=8:nianCost
statRawUnits=1:4
slotId=8:fixed_01
slotKind=5:Fixed
affixId=16:affix_control_up
affixValueProfileId=32:candidate_value_affix_control_up
affixRawUnits=1:3
slotId=9:random_01
slotKind=6:Random
affixId=24:affix_cooldown_reduction
affixValueProfileId=40:candidate_value_affix_cooldown_reduction
affixRawUnits=3:609
eligibleCoreEffectId=22:candidate_core_i025_01
eligibleCoreEffectId=22:candidate_core_i025_02
visibleCoreEffectId=22:candidate_core_i025_01
visibleCoreEffectId=22:candidate_core_i025_02
buildQualification=4:None
","schemaId=32:ItemGeneratedInstanceSnapshot.v1
generationAlgorithmId=21:item-instance-roll-v1
generationDataStatus=63:QA_FIXTURE_ONLY|NOT_BALANCE_APPROVED|NOT_FORMAL_GENERATION_DATA
itemInstanceId=20:wb_i025_green_150122
baseItemId=4:I025
rarity=5:green
generationVersion=1:1
rootSeed=6:150122
cultivationPotentialProfileId=33:candidate_core_profile_i025_green
statId=7:control
statRawUnits=1:4
statId=8:cooldown
statRawUnits=1:5
statId=8:duration
statRawUnits=1:4
statId=8:nianCost
statRawUnits=1:4
slotId=8:fixed_01
slotKind=5:Fixed
affixId=16:affix_control_up
affixValueProfileId=32:candidate_value_affix_control_up
affixRawUnits=1:3
slotId=9:random_01
slotKind=6:Random
affixId=24:affix_cooldown_reduction
affixValueProfileId=40:candidate_value_affix_cooldown_reduction
affixRawUnits=3:609
eligibleCoreEffectId=22:candidate_core_i025_01
eligibleCoreEffectId=22:candidate_core_i025_02
visibleCoreEffectId=22:candidate_core_i025_01
visibleCoreEffectId=22:candidate_core_i025_02
buildQualification=4:None
",PASS
roll.I025@blue,roll_150,PASS,PASS,PASS
projection.I025@blue,projection_150,PASS,PASS,PASS
determinism.I025@blue,determinism_150,"schemaId=32:ItemGeneratedInstanceSnapshot.v1
generationAlgorithmId=21:item-instance-roll-v1
generationDataStatus=63:QA_FIXTURE_ONLY|NOT_BALANCE_APPROVED|NOT_FORMAL_GENERATION_DATA
itemInstanceId=19:wb_i025_blue_150123
baseItemId=4:I025
rarity=4:blue
generationVersion=1:1
rootSeed=6:150123
cultivationPotentialProfileId=32:candidate_core_profile_i025_blue
statId=7:control
statRawUnits=1:6
statId=8:cooldown
statRawUnits=1:4
statId=8:duration
statRawUnits=1:4
statId=8:nianCost
statRawUnits=1:4
slotId=8:fixed_01
slotKind=5:Fixed
affixId=16:affix_control_up
affixValueProfileId=32:candidate_value_affix_control_up
affixRawUnits=1:8
slotId=9:random_01
slotKind=6:Random
affixId=24:affix_cooldown_reduction
affixValueProfileId=40:candidate_value_affix_cooldown_reduction
affixRawUnits=3:816
eligibleCoreEffectId=22:candidate_core_i025_01
eligibleCoreEffectId=22:candidate_core_i025_02
eligibleCoreEffectId=22:candidate_core_i025_03
visibleCoreEffectId=22:candidate_core_i025_01
visibleCoreEffectId=22:candidate_core_i025_02
visibleCoreEffectId=22:candidate_core_i025_03
buildQualification=9:FaMenOnly
","schemaId=32:ItemGeneratedInstanceSnapshot.v1
generationAlgorithmId=21:item-instance-roll-v1
generationDataStatus=63:QA_FIXTURE_ONLY|NOT_BALANCE_APPROVED|NOT_FORMAL_GENERATION_DATA
itemInstanceId=19:wb_i025_blue_150123
baseItemId=4:I025
rarity=4:blue
generationVersion=1:1
rootSeed=6:150123
cultivationPotentialProfileId=32:candidate_core_profile_i025_blue
statId=7:control
statRawUnits=1:6
statId=8:cooldown
statRawUnits=1:4
statId=8:duration
statRawUnits=1:4
statId=8:nianCost
statRawUnits=1:4
slotId=8:fixed_01
slotKind=5:Fixed
affixId=16:affix_control_up
affixValueProfileId=32:candidate_value_affix_control_up
affixRawUnits=1:8
slotId=9:random_01
slotKind=6:Random
affixId=24:affix_cooldown_reduction
affixValueProfileId=40:candidate_value_affix_cooldown_reduction
affixRawUnits=3:816
eligibleCoreEffectId=22:candidate_core_i025_01
eligibleCoreEffectId=22:candidate_core_i025_02
eligibleCoreEffectId=22:candidate_core_i025_03
visibleCoreEffectId=22:candidate_core_i025_01
visibleCoreEffectId=22:candidate_core_i025_02
visibleCoreEffectId=22:candidate_core_i025_03
buildQualification=9:FaMenOnly
",PASS
roll.I025@purple,roll_150,PASS,PASS,PASS
projection.I025@purple,projection_150,PASS,PASS,PASS
determinism.I025@purple,determinism_150,"schemaId=32:ItemGeneratedInstanceSnapshot.v1
generationAlgorithmId=21:item-instance-roll-v1
generationDataStatus=63:QA_FIXTURE_ONLY|NOT_BALANCE_APPROVED|NOT_FORMAL_GENERATION_DATA
itemInstanceId=21:wb_i025_purple_150124
baseItemId=4:I025
rarity=6:purple
generationVersion=1:1
rootSeed=6:150124
cultivationPotentialProfileId=34:candidate_core_profile_i025_purple
statId=7:control
statRawUnits=1:8
statId=8:cooldown
statRawUnits=1:4
statId=8:duration
statRawUnits=1:5
statId=8:nianCost
statRawUnits=1:2
slotId=8:fixed_01
slotKind=5:Fixed
affixId=16:affix_control_up
affixValueProfileId=32:candidate_value_affix_control_up
affixRawUnits=1:9
slotId=9:random_01
slotKind=6:Random
affixId=17:affix_duration_up
affixValueProfileId=33:candidate_value_affix_duration_up
affixRawUnits=1:4
eligibleCoreEffectId=22:candidate_core_i025_01
eligibleCoreEffectId=22:candidate_core_i025_02
eligibleCoreEffectId=22:candidate_core_i025_03
eligibleCoreEffectId=22:candidate_core_i025_04
visibleCoreEffectId=22:candidate_core_i025_01
visibleCoreEffectId=22:candidate_core_i025_02
visibleCoreEffectId=22:candidate_core_i025_03
visibleCoreEffectId=22:candidate_core_i025_04
buildQualification=9:QiLeiOnly
","schemaId=32:ItemGeneratedInstanceSnapshot.v1
generationAlgorithmId=21:item-instance-roll-v1
generationDataStatus=63:QA_FIXTURE_ONLY|NOT_BALANCE_APPROVED|NOT_FORMAL_GENERATION_DATA
itemInstanceId=21:wb_i025_purple_150124
baseItemId=4:I025
rarity=6:purple
generationVersion=1:1
rootSeed=6:150124
cultivationPotentialProfileId=34:candidate_core_profile_i025_purple
statId=7:control
statRawUnits=1:8
statId=8:cooldown
statRawUnits=1:4
statId=8:duration
statRawUnits=1:5
statId=8:nianCost
statRawUnits=1:2
slotId=8:fixed_01
slotKind=5:Fixed
affixId=16:affix_control_up
affixValueProfileId=32:candidate_value_affix_control_up
affixRawUnits=1:9
slotId=9:random_01
slotKind=6:Random
affixId=17:affix_duration_up
affixValueProfileId=33:candidate_value_affix_duration_up
affixRawUnits=1:4
eligibleCoreEffectId=22:candidate_core_i025_01
eligibleCoreEffectId=22:candidate_core_i025_02
eligibleCoreEffectId=22:candidate_core_i025_03
eligibleCoreEffectId=22:candidate_core_i025_04
visibleCoreEffectId=22:candidate_core_i025_01
visibleCoreEffectId=22:candidate_core_i025_02
visibleCoreEffectId=22:candidate_core_i025_03
visibleCoreEffectId=22:candidate_core_i025_04
buildQualification=9:QiLeiOnly
",PASS
roll.I025@orange,roll_150,PASS,PASS,PASS
projection.I025@orange,projection_150,PASS,PASS,PASS
determinism.I025@orange,determinism_150,"schemaId=32:ItemGeneratedInstanceSnapshot.v1
generationAlgorithmId=21:item-instance-roll-v1
generationDataStatus=63:QA_FIXTURE_ONLY|NOT_BALANCE_APPROVED|NOT_FORMAL_GENERATION_DATA
itemInstanceId=21:wb_i025_orange_150125
baseItemId=4:I025
rarity=6:orange
generationVersion=1:1
rootSeed=6:150125
cultivationPotentialProfileId=34:candidate_core_profile_i025_orange
statId=7:control
statRawUnits=1:9
statId=8:cooldown
statRawUnits=1:4
statId=8:duration
statRawUnits=1:6
statId=8:nianCost
statRawUnits=1:2
slotId=8:fixed_01
slotKind=5:Fixed
affixId=16:affix_control_up
affixValueProfileId=32:candidate_value_affix_control_up
affixRawUnits=2:10
slotId=9:random_01
slotKind=6:Random
affixId=21:affix_nian_efficiency
affixValueProfileId=37:candidate_value_affix_nian_efficiency
affixRawUnits=4:1410
eligibleCoreEffectId=22:candidate_core_i025_01
eligibleCoreEffectId=22:candidate_core_i025_02
eligibleCoreEffectId=22:candidate_core_i025_03
eligibleCoreEffectId=22:candidate_core_i025_04
eligibleCoreEffectId=28:candidate_core_i025_ultimate
visibleCoreEffectId=22:candidate_core_i025_01
visibleCoreEffectId=22:candidate_core_i025_02
visibleCoreEffectId=22:candidate_core_i025_03
visibleCoreEffectId=22:candidate_core_i025_04
visibleCoreEffectId=28:candidate_core_i025_ultimate
buildQualification=4:Dual
","schemaId=32:ItemGeneratedInstanceSnapshot.v1
generationAlgorithmId=21:item-instance-roll-v1
generationDataStatus=63:QA_FIXTURE_ONLY|NOT_BALANCE_APPROVED|NOT_FORMAL_GENERATION_DATA
itemInstanceId=21:wb_i025_orange_150125
baseItemId=4:I025
rarity=6:orange
generationVersion=1:1
rootSeed=6:150125
cultivationPotentialProfileId=34:candidate_core_profile_i025_orange
statId=7:control
statRawUnits=1:9
statId=8:cooldown
statRawUnits=1:4
statId=8:duration
statRawUnits=1:6
statId=8:nianCost
statRawUnits=1:2
slotId=8:fixed_01
slotKind=5:Fixed
affixId=16:affix_control_up
affixValueProfileId=32:candidate_value_affix_control_up
affixRawUnits=2:10
slotId=9:random_01
slotKind=6:Random
affixId=21:affix_nian_efficiency
affixValueProfileId=37:candidate_value_affix_nian_efficiency
affixRawUnits=4:1410
eligibleCoreEffectId=22:candidate_core_i025_01
eligibleCoreEffectId=22:candidate_core_i025_02
eligibleCoreEffectId=22:candidate_core_i025_03
eligibleCoreEffectId=22:candidate_core_i025_04
eligibleCoreEffectId=28:candidate_core_i025_ultimate
visibleCoreEffectId=22:candidate_core_i025_01
visibleCoreEffectId=22:candidate_core_i025_02
visibleCoreEffectId=22:candidate_core_i025_03
visibleCoreEffectId=22:candidate_core_i025_04
visibleCoreEffectId=28:candidate_core_i025_ultimate
buildQualification=4:Dual
",PASS
roll.I026@white,roll_150,PASS,PASS,PASS
projection.I026@white,projection_150,PASS,PASS,PASS
determinism.I026@white,determinism_150,"schemaId=32:ItemGeneratedInstanceSnapshot.v1
generationAlgorithmId=21:item-instance-roll-v1
generationDataStatus=63:QA_FIXTURE_ONLY|NOT_BALANCE_APPROVED|NOT_FORMAL_GENERATION_DATA
itemInstanceId=20:wb_i026_white_150126
baseItemId=4:I026
rarity=5:white
generationVersion=1:1
rootSeed=6:150126
cultivationPotentialProfileId=33:candidate_core_profile_i026_white
statId=7:control
statRawUnits=1:3
statId=8:cooldown
statRawUnits=1:5
statId=6:damage
statRawUnits=2:13
statId=8:nianCost
statRawUnits=1:6
slotId=8:fixed_01
slotKind=5:Fixed
affixId=15:affix_damage_up
affixValueProfileId=31:candidate_value_affix_damage_up
affixRawUnits=3:220
slotId=9:random_01
slotKind=6:Random
affixId=24:affix_cooldown_reduction
affixValueProfileId=40:candidate_value_affix_cooldown_reduction
affixRawUnits=3:260
eligibleCoreEffectId=22:candidate_core_i026_01
visibleCoreEffectId=22:candidate_core_i026_01
buildQualification=4:None
","schemaId=32:ItemGeneratedInstanceSnapshot.v1
generationAlgorithmId=21:item-instance-roll-v1
generationDataStatus=63:QA_FIXTURE_ONLY|NOT_BALANCE_APPROVED|NOT_FORMAL_GENERATION_DATA
itemInstanceId=20:wb_i026_white_150126
baseItemId=4:I026
rarity=5:white
generationVersion=1:1
rootSeed=6:150126
cultivationPotentialProfileId=33:candidate_core_profile_i026_white
statId=7:control
statRawUnits=1:3
statId=8:cooldown
statRawUnits=1:5
statId=6:damage
statRawUnits=2:13
statId=8:nianCost
statRawUnits=1:6
slotId=8:fixed_01
slotKind=5:Fixed
affixId=15:affix_damage_up
affixValueProfileId=31:candidate_value_affix_damage_up
affixRawUnits=3:220
slotId=9:random_01
slotKind=6:Random
affixId=24:affix_cooldown_reduction
affixValueProfileId=40:candidate_value_affix_cooldown_reduction
affixRawUnits=3:260
eligibleCoreEffectId=22:candidate_core_i026_01
visibleCoreEffectId=22:candidate_core_i026_01
buildQualification=4:None
",PASS
roll.I026@green,roll_150,PASS,PASS,PASS
projection.I026@green,projection_150,PASS,PASS,PASS
determinism.I026@green,determinism_150,"schemaId=32:ItemGeneratedInstanceSnapshot.v1
generationAlgorithmId=21:item-instance-roll-v1
generationDataStatus=63:QA_FIXTURE_ONLY|NOT_BALANCE_APPROVED|NOT_FORMAL_GENERATION_DATA
itemInstanceId=20:wb_i026_green_150127
baseItemId=4:I026
rarity=5:green
generationVersion=1:1
rootSeed=6:150127
cultivationPotentialProfileId=33:candidate_core_profile_i026_green
statId=7:control
statRawUnits=1:4
statId=8:cooldown
statRawUnits=1:5
statId=6:damage
statRawUnits=2:21
statId=8:nianCost
statRawUnits=1:5
slotId=8:fixed_01
slotKind=5:Fixed
affixId=15:affix_damage_up
affixValueProfileId=31:candidate_value_affix_damage_up
affixRawUnits=3:582
slotId=9:random_01
slotKind=6:Random
affixId=24:affix_cooldown_reduction
affixValueProfileId=40:candidate_value_affix_cooldown_reduction
affixRawUnits=3:517
eligibleCoreEffectId=22:candidate_core_i026_01
eligibleCoreEffectId=22:candidate_core_i026_02
visibleCoreEffectId=22:candidate_core_i026_01
visibleCoreEffectId=22:candidate_core_i026_02
buildQualification=4:None
","schemaId=32:ItemGeneratedInstanceSnapshot.v1
generationAlgorithmId=21:item-instance-roll-v1
generationDataStatus=63:QA_FIXTURE_ONLY|NOT_BALANCE_APPROVED|NOT_FORMAL_GENERATION_DATA
itemInstanceId=20:wb_i026_green_150127
baseItemId=4:I026
rarity=5:green
generationVersion=1:1
rootSeed=6:150127
cultivationPotentialProfileId=33:candidate_core_profile_i026_green
statId=7:control
statRawUnits=1:4
statId=8:cooldown
statRawUnits=1:5
statId=6:damage
statRawUnits=2:21
statId=8:nianCost
statRawUnits=1:5
slotId=8:fixed_01
slotKind=5:Fixed
affixId=15:affix_damage_up
affixValueProfileId=31:candidate_value_affix_damage_up
affixRawUnits=3:582
slotId=9:random_01
slotKind=6:Random
affixId=24:affix_cooldown_reduction
affixValueProfileId=40:candidate_value_affix_cooldown_reduction
affixRawUnits=3:517
eligibleCoreEffectId=22:candidate_core_i026_01
eligibleCoreEffectId=22:candidate_core_i026_02
visibleCoreEffectId=22:candidate_core_i026_01
visibleCoreEffectId=22:candidate_core_i026_02
buildQualification=4:None
",PASS
roll.I026@blue,roll_150,PASS,PASS,PASS
projection.I026@blue,projection_150,PASS,PASS,PASS
determinism.I026@blue,determinism_150,"schemaId=32:ItemGeneratedInstanceSnapshot.v1
generationAlgorithmId=21:item-instance-roll-v1
generationDataStatus=63:QA_FIXTURE_ONLY|NOT_BALANCE_APPROVED|NOT_FORMAL_GENERATION_DATA
itemInstanceId=19:wb_i026_blue_150128
baseItemId=4:I026
rarity=4:blue
generationVersion=1:1
rootSeed=6:150128
cultivationPotentialProfileId=32:candidate_core_profile_i026_blue
statId=7:control
statRawUnits=1:7
statId=8:cooldown
statRawUnits=1:4
statId=6:damage
statRawUnits=2:23
statId=8:nianCost
statRawUnits=1:4
slotId=8:fixed_01
slotKind=5:Fixed
affixId=15:affix_damage_up
affixValueProfileId=31:candidate_value_affix_damage_up
affixRawUnits=3:830
slotId=9:random_01
slotKind=6:Random
affixId=24:affix_cooldown_reduction
affixValueProfileId=40:candidate_value_affix_cooldown_reduction
affixRawUnits=3:705
eligibleCoreEffectId=22:candidate_core_i026_01
eligibleCoreEffectId=22:candidate_core_i026_02
eligibleCoreEffectId=22:candidate_core_i026_03
visibleCoreEffectId=22:candidate_core_i026_01
visibleCoreEffectId=22:candidate_core_i026_02
visibleCoreEffectId=22:candidate_core_i026_03
buildQualification=9:QiLeiOnly
","schemaId=32:ItemGeneratedInstanceSnapshot.v1
generationAlgorithmId=21:item-instance-roll-v1
generationDataStatus=63:QA_FIXTURE_ONLY|NOT_BALANCE_APPROVED|NOT_FORMAL_GENERATION_DATA
itemInstanceId=19:wb_i026_blue_150128
baseItemId=4:I026
rarity=4:blue
generationVersion=1:1
rootSeed=6:150128
cultivationPotentialProfileId=32:candidate_core_profile_i026_blue
statId=7:control
statRawUnits=1:7
statId=8:cooldown
statRawUnits=1:4
statId=6:damage
statRawUnits=2:23
statId=8:nianCost
statRawUnits=1:4
slotId=8:fixed_01
slotKind=5:Fixed
affixId=15:affix_damage_up
affixValueProfileId=31:candidate_value_affix_damage_up
affixRawUnits=3:830
slotId=9:random_01
slotKind=6:Random
affixId=24:affix_cooldown_reduction
affixValueProfileId=40:candidate_value_affix_cooldown_reduction
affixRawUnits=3:705
eligibleCoreEffectId=22:candidate_core_i026_01
eligibleCoreEffectId=22:candidate_core_i026_02
eligibleCoreEffectId=22:candidate_core_i026_03
visibleCoreEffectId=22:candidate_core_i026_01
visibleCoreEffectId=22:candidate_core_i026_02
visibleCoreEffectId=22:candidate_core_i026_03
buildQualification=9:QiLeiOnly
",PASS
roll.I026@purple,roll_150,PASS,PASS,PASS
projection.I026@purple,projection_150,PASS,PASS,PASS
determinism.I026@purple,determinism_150,"schemaId=32:ItemGeneratedInstanceSnapshot.v1
generationAlgorithmId=21:item-instance-roll-v1
generationDataStatus=63:QA_FIXTURE_ONLY|NOT_BALANCE_APPROVED|NOT_FORMAL_GENERATION_DATA
itemInstanceId=21:wb_i026_purple_150129
baseItemId=4:I026
rarity=6:purple
generationVersion=1:1
rootSeed=6:150129
cultivationPotentialProfileId=34:candidate_core_profile_i026_purple
statId=7:control
statRawUnits=1:7
statId=8:cooldown
statRawUnits=1:4
statId=6:damage
statRawUnits=2:32
statId=8:nianCost
statRawUnits=1:3
slotId=8:fixed_01
slotKind=5:Fixed
affixId=15:affix_damage_up
affixValueProfileId=31:candidate_value_affix_damage_up
affixRawUnits=3:860
slotId=9:random_01
slotKind=6:Random
affixId=21:affix_nian_efficiency
affixValueProfileId=37:candidate_value_affix_nian_efficiency
affixRawUnits=4:1245
eligibleCoreEffectId=22:candidate_core_i026_01
eligibleCoreEffectId=22:candidate_core_i026_02
eligibleCoreEffectId=22:candidate_core_i026_03
eligibleCoreEffectId=22:candidate_core_i026_04
visibleCoreEffectId=22:candidate_core_i026_01
visibleCoreEffectId=22:candidate_core_i026_02
visibleCoreEffectId=22:candidate_core_i026_03
visibleCoreEffectId=22:candidate_core_i026_04
buildQualification=4:Dual
","schemaId=32:ItemGeneratedInstanceSnapshot.v1
generationAlgorithmId=21:item-instance-roll-v1
generationDataStatus=63:QA_FIXTURE_ONLY|NOT_BALANCE_APPROVED|NOT_FORMAL_GENERATION_DATA
itemInstanceId=21:wb_i026_purple_150129
baseItemId=4:I026
rarity=6:purple
generationVersion=1:1
rootSeed=6:150129
cultivationPotentialProfileId=34:candidate_core_profile_i026_purple
statId=7:control
statRawUnits=1:7
statId=8:cooldown
statRawUnits=1:4
statId=6:damage
statRawUnits=2:32
statId=8:nianCost
statRawUnits=1:3
slotId=8:fixed_01
slotKind=5:Fixed
affixId=15:affix_damage_up
affixValueProfileId=31:candidate_value_affix_damage_up
affixRawUnits=3:860
slotId=9:random_01
slotKind=6:Random
affixId=21:affix_nian_efficiency
affixValueProfileId=37:candidate_value_affix_nian_efficiency
affixRawUnits=4:1245
eligibleCoreEffectId=22:candidate_core_i026_01
eligibleCoreEffectId=22:candidate_core_i026_02
eligibleCoreEffectId=22:candidate_core_i026_03
eligibleCoreEffectId=22:candidate_core_i026_04
visibleCoreEffectId=22:candidate_core_i026_01
visibleCoreEffectId=22:candidate_core_i026_02
visibleCoreEffectId=22:candidate_core_i026_03
visibleCoreEffectId=22:candidate_core_i026_04
buildQualification=4:Dual
",PASS
roll.I026@orange,roll_150,PASS,PASS,PASS
projection.I026@orange,projection_150,PASS,PASS,PASS
determinism.I026@orange,determinism_150,"schemaId=32:ItemGeneratedInstanceSnapshot.v1
generationAlgorithmId=21:item-instance-roll-v1
generationDataStatus=63:QA_FIXTURE_ONLY|NOT_BALANCE_APPROVED|NOT_FORMAL_GENERATION_DATA
itemInstanceId=21:wb_i026_orange_150130
baseItemId=4:I026
rarity=6:orange
generationVersion=1:1
rootSeed=6:150130
cultivationPotentialProfileId=34:candidate_core_profile_i026_orange
statId=7:control
statRawUnits=1:9
statId=8:cooldown
statRawUnits=1:3
statId=6:damage
statRawUnits=2:33
statId=8:nianCost
statRawUnits=1:3
slotId=8:fixed_01
slotKind=5:Fixed
affixId=15:affix_damage_up
affixValueProfileId=31:candidate_value_affix_damage_up
affixRawUnits=4:1652
slotId=9:random_01
slotKind=6:Random
affixId=16:affix_control_up
affixValueProfileId=32:candidate_value_affix_control_up
affixRawUnits=2:10
eligibleCoreEffectId=22:candidate_core_i026_01
eligibleCoreEffectId=22:candidate_core_i026_02
eligibleCoreEffectId=22:candidate_core_i026_03
eligibleCoreEffectId=22:candidate_core_i026_04
eligibleCoreEffectId=28:candidate_core_i026_ultimate
visibleCoreEffectId=22:candidate_core_i026_01
visibleCoreEffectId=22:candidate_core_i026_02
visibleCoreEffectId=22:candidate_core_i026_03
visibleCoreEffectId=22:candidate_core_i026_04
visibleCoreEffectId=28:candidate_core_i026_ultimate
buildQualification=9:FaMenOnly
","schemaId=32:ItemGeneratedInstanceSnapshot.v1
generationAlgorithmId=21:item-instance-roll-v1
generationDataStatus=63:QA_FIXTURE_ONLY|NOT_BALANCE_APPROVED|NOT_FORMAL_GENERATION_DATA
itemInstanceId=21:wb_i026_orange_150130
baseItemId=4:I026
rarity=6:orange
generationVersion=1:1
rootSeed=6:150130
cultivationPotentialProfileId=34:candidate_core_profile_i026_orange
statId=7:control
statRawUnits=1:9
statId=8:cooldown
statRawUnits=1:3
statId=6:damage
statRawUnits=2:33
statId=8:nianCost
statRawUnits=1:3
slotId=8:fixed_01
slotKind=5:Fixed
affixId=15:affix_damage_up
affixValueProfileId=31:candidate_value_affix_damage_up
affixRawUnits=4:1652
slotId=9:random_01
slotKind=6:Random
affixId=16:affix_control_up
affixValueProfileId=32:candidate_value_affix_control_up
affixRawUnits=2:10
eligibleCoreEffectId=22:candidate_core_i026_01
eligibleCoreEffectId=22:candidate_core_i026_02
eligibleCoreEffectId=22:candidate_core_i026_03
eligibleCoreEffectId=22:candidate_core_i026_04
eligibleCoreEffectId=28:candidate_core_i026_ultimate
visibleCoreEffectId=22:candidate_core_i026_01
visibleCoreEffectId=22:candidate_core_i026_02
visibleCoreEffectId=22:candidate_core_i026_03
visibleCoreEffectId=22:candidate_core_i026_04
visibleCoreEffectId=28:candidate_core_i026_ultimate
buildQualification=9:FaMenOnly
",PASS
roll.I027@white,roll_150,PASS,PASS,PASS
projection.I027@white,projection_150,PASS,PASS,PASS
determinism.I027@white,determinism_150,"schemaId=32:ItemGeneratedInstanceSnapshot.v1
generationAlgorithmId=21:item-instance-roll-v1
generationDataStatus=63:QA_FIXTURE_ONLY|NOT_BALANCE_APPROVED|NOT_FORMAL_GENERATION_DATA
itemInstanceId=20:wb_i027_white_150131
baseItemId=4:I027
rarity=5:white
generationVersion=1:1
rootSeed=6:150131
cultivationPotentialProfileId=33:candidate_core_profile_i027_white
statId=5:break
statRawUnits=2:17
statId=7:control
statRawUnits=1:2
statId=8:cooldown
statRawUnits=1:7
statId=8:nianCost
statRawUnits=1:7
slotId=8:fixed_01
slotKind=5:Fixed
affixId=14:affix_break_up
affixValueProfileId=30:candidate_value_affix_break_up
affixRawUnits=3:285
slotId=9:random_01
slotKind=6:Random
affixId=21:affix_nian_efficiency
affixValueProfileId=37:candidate_value_affix_nian_efficiency
affixRawUnits=3:374
eligibleCoreEffectId=22:candidate_core_i027_01
visibleCoreEffectId=22:candidate_core_i027_01
buildQualification=4:None
","schemaId=32:ItemGeneratedInstanceSnapshot.v1
generationAlgorithmId=21:item-instance-roll-v1
generationDataStatus=63:QA_FIXTURE_ONLY|NOT_BALANCE_APPROVED|NOT_FORMAL_GENERATION_DATA
itemInstanceId=20:wb_i027_white_150131
baseItemId=4:I027
rarity=5:white
generationVersion=1:1
rootSeed=6:150131
cultivationPotentialProfileId=33:candidate_core_profile_i027_white
statId=5:break
statRawUnits=2:17
statId=7:control
statRawUnits=1:2
statId=8:cooldown
statRawUnits=1:7
statId=8:nianCost
statRawUnits=1:7
slotId=8:fixed_01
slotKind=5:Fixed
affixId=14:affix_break_up
affixValueProfileId=30:candidate_value_affix_break_up
affixRawUnits=3:285
slotId=9:random_01
slotKind=6:Random
affixId=21:affix_nian_efficiency
affixValueProfileId=37:candidate_value_affix_nian_efficiency
affixRawUnits=3:374
eligibleCoreEffectId=22:candidate_core_i027_01
visibleCoreEffectId=22:candidate_core_i027_01
buildQualification=4:None
",PASS
roll.I027@green,roll_150,PASS,PASS,PASS
projection.I027@green,projection_150,PASS,PASS,PASS
determinism.I027@green,determinism_150,"schemaId=32:ItemGeneratedInstanceSnapshot.v1
generationAlgorithmId=21:item-instance-roll-v1
generationDataStatus=63:QA_FIXTURE_ONLY|NOT_BALANCE_APPROVED|NOT_FORMAL_GENERATION_DATA
itemInstanceId=20:wb_i027_green_150132
baseItemId=4:I027
rarity=5:green
generationVersion=1:1
rootSeed=6:150132
cultivationPotentialProfileId=33:candidate_core_profile_i027_green
statId=5:break
statRawUnits=2:27
statId=7:control
statRawUnits=1:4
statId=8:cooldown
statRawUnits=1:6
statId=8:nianCost
statRawUnits=1:6
slotId=8:fixed_01
slotKind=5:Fixed
affixId=14:affix_break_up
affixValueProfileId=30:candidate_value_affix_break_up
affixRawUnits=3:474
slotId=9:random_01
slotKind=6:Random
affixId=21:affix_nian_efficiency
affixValueProfileId=37:candidate_value_affix_nian_efficiency
affixRawUnits=3:615
eligibleCoreEffectId=22:candidate_core_i027_01
eligibleCoreEffectId=22:candidate_core_i027_02
visibleCoreEffectId=22:candidate_core_i027_01
visibleCoreEffectId=22:candidate_core_i027_02
buildQualification=9:FaMenOnly
","schemaId=32:ItemGeneratedInstanceSnapshot.v1
generationAlgorithmId=21:item-instance-roll-v1
generationDataStatus=63:QA_FIXTURE_ONLY|NOT_BALANCE_APPROVED|NOT_FORMAL_GENERATION_DATA
itemInstanceId=20:wb_i027_green_150132
baseItemId=4:I027
rarity=5:green
generationVersion=1:1
rootSeed=6:150132
cultivationPotentialProfileId=33:candidate_core_profile_i027_green
statId=5:break
statRawUnits=2:27
statId=7:control
statRawUnits=1:4
statId=8:cooldown
statRawUnits=1:6
statId=8:nianCost
statRawUnits=1:6
slotId=8:fixed_01
slotKind=5:Fixed
affixId=14:affix_break_up
affixValueProfileId=30:candidate_value_affix_break_up
affixRawUnits=3:474
slotId=9:random_01
slotKind=6:Random
affixId=21:affix_nian_efficiency
affixValueProfileId=37:candidate_value_affix_nian_efficiency
affixRawUnits=3:615
eligibleCoreEffectId=22:candidate_core_i027_01
eligibleCoreEffectId=22:candidate_core_i027_02
visibleCoreEffectId=22:candidate_core_i027_01
visibleCoreEffectId=22:candidate_core_i027_02
buildQualification=9:FaMenOnly
",PASS
roll.I027@blue,roll_150,PASS,PASS,PASS
projection.I027@blue,projection_150,PASS,PASS,PASS
determinism.I027@blue,determinism_150,"schemaId=32:ItemGeneratedInstanceSnapshot.v1
generationAlgorithmId=21:item-instance-roll-v1
generationDataStatus=63:QA_FIXTURE_ONLY|NOT_BALANCE_APPROVED|NOT_FORMAL_GENERATION_DATA
itemInstanceId=19:wb_i027_blue_150133
baseItemId=4:I027
rarity=4:blue
generationVersion=1:1
rootSeed=6:150133
cultivationPotentialProfileId=32:candidate_core_profile_i027_blue
statId=5:break
statRawUnits=2:30
statId=7:control
statRawUnits=1:6
statId=8:cooldown
statRawUnits=1:6
statId=8:nianCost
statRawUnits=1:5
slotId=8:fixed_01
slotKind=5:Fixed
affixId=14:affix_break_up
affixValueProfileId=30:candidate_value_affix_break_up
affixRawUnits=3:776
slotId=9:random_01
slotKind=6:Random
affixId=16:affix_control_up
affixValueProfileId=32:candidate_value_affix_control_up
affixRawUnits=1:7
eligibleCoreEffectId=22:candidate_core_i027_01
eligibleCoreEffectId=22:candidate_core_i027_02
eligibleCoreEffectId=22:candidate_core_i027_03
visibleCoreEffectId=22:candidate_core_i027_01
visibleCoreEffectId=22:candidate_core_i027_02
visibleCoreEffectId=22:candidate_core_i027_03
buildQualification=9:QiLeiOnly
","schemaId=32:ItemGeneratedInstanceSnapshot.v1
generationAlgorithmId=21:item-instance-roll-v1
generationDataStatus=63:QA_FIXTURE_ONLY|NOT_BALANCE_APPROVED|NOT_FORMAL_GENERATION_DATA
itemInstanceId=19:wb_i027_blue_150133
baseItemId=4:I027
rarity=4:blue
generationVersion=1:1
rootSeed=6:150133
cultivationPotentialProfileId=32:candidate_core_profile_i027_blue
statId=5:break
statRawUnits=2:30
statId=7:control
statRawUnits=1:6
statId=8:cooldown
statRawUnits=1:6
statId=8:nianCost
statRawUnits=1:5
slotId=8:fixed_01
slotKind=5:Fixed
affixId=14:affix_break_up
affixValueProfileId=30:candidate_value_affix_break_up
affixRawUnits=3:776
slotId=9:random_01
slotKind=6:Random
affixId=16:affix_control_up
affixValueProfileId=32:candidate_value_affix_control_up
affixRawUnits=1:7
eligibleCoreEffectId=22:candidate_core_i027_01
eligibleCoreEffectId=22:candidate_core_i027_02
eligibleCoreEffectId=22:candidate_core_i027_03
visibleCoreEffectId=22:candidate_core_i027_01
visibleCoreEffectId=22:candidate_core_i027_02
visibleCoreEffectId=22:candidate_core_i027_03
buildQualification=9:QiLeiOnly
",PASS
roll.I027@purple,roll_150,PASS,PASS,PASS
projection.I027@purple,projection_150,PASS,PASS,PASS
determinism.I027@purple,determinism_150,"schemaId=32:ItemGeneratedInstanceSnapshot.v1
generationAlgorithmId=21:item-instance-roll-v1
generationDataStatus=63:QA_FIXTURE_ONLY|NOT_BALANCE_APPROVED|NOT_FORMAL_GENERATION_DATA
itemInstanceId=21:wb_i027_purple_150134
baseItemId=4:I027
rarity=6:purple
generationVersion=1:1
rootSeed=6:150134
cultivationPotentialProfileId=34:candidate_core_profile_i027_purple
statId=5:break
statRawUnits=2:35
statId=7:control
statRawUnits=1:9
statId=8:cooldown
statRawUnits=1:5
statId=8:nianCost
statRawUnits=1:4
slotId=8:fixed_01
slotKind=5:Fixed
affixId=14:affix_break_up
affixValueProfileId=30:candidate_value_affix_break_up
affixRawUnits=3:803
slotId=9:random_01
slotKind=6:Random
affixId=16:affix_control_up
affixValueProfileId=32:candidate_value_affix_control_up
affixRawUnits=1:7
eligibleCoreEffectId=22:candidate_core_i027_01
eligibleCoreEffectId=22:candidate_core_i027_02
eligibleCoreEffectId=22:candidate_core_i027_03
eligibleCoreEffectId=22:candidate_core_i027_04
visibleCoreEffectId=22:candidate_core_i027_01
visibleCoreEffectId=22:candidate_core_i027_02
visibleCoreEffectId=22:candidate_core_i027_03
visibleCoreEffectId=22:candidate_core_i027_04
buildQualification=4:None
","schemaId=32:ItemGeneratedInstanceSnapshot.v1
generationAlgorithmId=21:item-instance-roll-v1
generationDataStatus=63:QA_FIXTURE_ONLY|NOT_BALANCE_APPROVED|NOT_FORMAL_GENERATION_DATA
itemInstanceId=21:wb_i027_purple_150134
baseItemId=4:I027
rarity=6:purple
generationVersion=1:1
rootSeed=6:150134
cultivationPotentialProfileId=34:candidate_core_profile_i027_purple
statId=5:break
statRawUnits=2:35
statId=7:control
statRawUnits=1:9
statId=8:cooldown
statRawUnits=1:5
statId=8:nianCost
statRawUnits=1:4
slotId=8:fixed_01
slotKind=5:Fixed
affixId=14:affix_break_up
affixValueProfileId=30:candidate_value_affix_break_up
affixRawUnits=3:803
slotId=9:random_01
slotKind=6:Random
affixId=16:affix_control_up
affixValueProfileId=32:candidate_value_affix_control_up
affixRawUnits=1:7
eligibleCoreEffectId=22:candidate_core_i027_01
eligibleCoreEffectId=22:candidate_core_i027_02
eligibleCoreEffectId=22:candidate_core_i027_03
eligibleCoreEffectId=22:candidate_core_i027_04
visibleCoreEffectId=22:candidate_core_i027_01
visibleCoreEffectId=22:candidate_core_i027_02
visibleCoreEffectId=22:candidate_core_i027_03
visibleCoreEffectId=22:candidate_core_i027_04
buildQualification=4:None
",PASS
roll.I027@orange,roll_150,PASS,PASS,PASS
projection.I027@orange,projection_150,PASS,PASS,PASS
determinism.I027@orange,determinism_150,"schemaId=32:ItemGeneratedInstanceSnapshot.v1
generationAlgorithmId=21:item-instance-roll-v1
generationDataStatus=63:QA_FIXTURE_ONLY|NOT_BALANCE_APPROVED|NOT_FORMAL_GENERATION_DATA
itemInstanceId=21:wb_i027_orange_150135
baseItemId=4:I027
rarity=6:orange
generationVersion=1:1
rootSeed=6:150135
cultivationPotentialProfileId=34:candidate_core_profile_i027_orange
statId=5:break
statRawUnits=2:39
statId=7:control
statRawUnits=1:9
statId=8:cooldown
statRawUnits=1:4
statId=8:nianCost
statRawUnits=1:5
slotId=8:fixed_01
slotKind=5:Fixed
affixId=14:affix_break_up
affixValueProfileId=30:candidate_value_affix_break_up
affixRawUnits=4:1521
slotId=9:random_01
slotKind=6:Random
affixId=24:affix_cooldown_reduction
affixValueProfileId=40:candidate_value_affix_cooldown_reduction
affixRawUnits=4:1567
eligibleCoreEffectId=22:candidate_core_i027_01
eligibleCoreEffectId=22:candidate_core_i027_02
eligibleCoreEffectId=22:candidate_core_i027_03
eligibleCoreEffectId=22:candidate_core_i027_04
eligibleCoreEffectId=28:candidate_core_i027_ultimate
visibleCoreEffectId=22:candidate_core_i027_01
visibleCoreEffectId=22:candidate_core_i027_02
visibleCoreEffectId=22:candidate_core_i027_03
visibleCoreEffectId=22:candidate_core_i027_04
visibleCoreEffectId=28:candidate_core_i027_ultimate
buildQualification=9:QiLeiOnly
","schemaId=32:ItemGeneratedInstanceSnapshot.v1
generationAlgorithmId=21:item-instance-roll-v1
generationDataStatus=63:QA_FIXTURE_ONLY|NOT_BALANCE_APPROVED|NOT_FORMAL_GENERATION_DATA
itemInstanceId=21:wb_i027_orange_150135
baseItemId=4:I027
rarity=6:orange
generationVersion=1:1
rootSeed=6:150135
cultivationPotentialProfileId=34:candidate_core_profile_i027_orange
statId=5:break
statRawUnits=2:39
statId=7:control
statRawUnits=1:9
statId=8:cooldown
statRawUnits=1:4
statId=8:nianCost
statRawUnits=1:5
slotId=8:fixed_01
slotKind=5:Fixed
affixId=14:affix_break_up
affixValueProfileId=30:candidate_value_affix_break_up
affixRawUnits=4:1521
slotId=9:random_01
slotKind=6:Random
affixId=24:affix_cooldown_reduction
affixValueProfileId=40:candidate_value_affix_cooldown_reduction
affixRawUnits=4:1567
eligibleCoreEffectId=22:candidate_core_i027_01
eligibleCoreEffectId=22:candidate_core_i027_02
eligibleCoreEffectId=22:candidate_core_i027_03
eligibleCoreEffectId=22:candidate_core_i027_04
eligibleCoreEffectId=28:candidate_core_i027_ultimate
visibleCoreEffectId=22:candidate_core_i027_01
visibleCoreEffectId=22:candidate_core_i027_02
visibleCoreEffectId=22:candidate_core_i027_03
visibleCoreEffectId=22:candidate_core_i027_04
visibleCoreEffectId=28:candidate_core_i027_ultimate
buildQualification=9:QiLeiOnly
",PASS
roll.I028@white,roll_150,PASS,PASS,PASS
projection.I028@white,projection_150,PASS,PASS,PASS
determinism.I028@white,determinism_150,"schemaId=32:ItemGeneratedInstanceSnapshot.v1
generationAlgorithmId=21:item-instance-roll-v1
generationDataStatus=63:QA_FIXTURE_ONLY|NOT_BALANCE_APPROVED|NOT_FORMAL_GENERATION_DATA
itemInstanceId=20:wb_i028_white_150136
baseItemId=4:I028
rarity=5:white
generationVersion=1:1
rootSeed=6:150136
cultivationPotentialProfileId=33:candidate_core_profile_i028_white
statId=5:break
statRawUnits=2:11
statId=7:control
statRawUnits=1:3
statId=8:cooldown
statRawUnits=1:5
statId=8:nianCost
statRawUnits=1:5
slotId=8:fixed_01
slotKind=5:Fixed
affixId=16:affix_control_up
affixValueProfileId=32:candidate_value_affix_control_up
affixRawUnits=1:2
slotId=9:random_01
slotKind=6:Random
affixId=24:affix_cooldown_reduction
affixValueProfileId=40:candidate_value_affix_cooldown_reduction
affixRawUnits=3:343
eligibleCoreEffectId=22:candidate_core_i028_01
visibleCoreEffectId=22:candidate_core_i028_01
buildQualification=4:None
","schemaId=32:ItemGeneratedInstanceSnapshot.v1
generationAlgorithmId=21:item-instance-roll-v1
generationDataStatus=63:QA_FIXTURE_ONLY|NOT_BALANCE_APPROVED|NOT_FORMAL_GENERATION_DATA
itemInstanceId=20:wb_i028_white_150136
baseItemId=4:I028
rarity=5:white
generationVersion=1:1
rootSeed=6:150136
cultivationPotentialProfileId=33:candidate_core_profile_i028_white
statId=5:break
statRawUnits=2:11
statId=7:control
statRawUnits=1:3
statId=8:cooldown
statRawUnits=1:5
statId=8:nianCost
statRawUnits=1:5
slotId=8:fixed_01
slotKind=5:Fixed
affixId=16:affix_control_up
affixValueProfileId=32:candidate_value_affix_control_up
affixRawUnits=1:2
slotId=9:random_01
slotKind=6:Random
affixId=24:affix_cooldown_reduction
affixValueProfileId=40:candidate_value_affix_cooldown_reduction
affixRawUnits=3:343
eligibleCoreEffectId=22:candidate_core_i028_01
visibleCoreEffectId=22:candidate_core_i028_01
buildQualification=4:None
",PASS
roll.I028@green,roll_150,PASS,PASS,PASS
projection.I028@green,projection_150,PASS,PASS,PASS
determinism.I028@green,determinism_150,"schemaId=32:ItemGeneratedInstanceSnapshot.v1
generationAlgorithmId=21:item-instance-roll-v1
generationDataStatus=63:QA_FIXTURE_ONLY|NOT_BALANCE_APPROVED|NOT_FORMAL_GENERATION_DATA
itemInstanceId=20:wb_i028_green_150137
baseItemId=4:I028
rarity=5:green
generationVersion=1:1
rootSeed=6:150137
cultivationPotentialProfileId=33:candidate_core_profile_i028_green
statId=5:break
statRawUnits=2:14
statId=7:control
statRawUnits=1:6
statId=8:cooldown
statRawUnits=1:4
statId=8:nianCost
statRawUnits=1:5
slotId=8:fixed_01
slotKind=5:Fixed
affixId=16:affix_control_up
affixValueProfileId=32:candidate_value_affix_control_up
affixRawUnits=1:3
slotId=9:random_01
slotKind=6:Random
affixId=21:affix_nian_efficiency
affixValueProfileId=37:candidate_value_affix_nian_efficiency
affixRawUnits=3:533
eligibleCoreEffectId=22:candidate_core_i028_01
eligibleCoreEffectId=22:candidate_core_i028_02
visibleCoreEffectId=22:candidate_core_i028_01
visibleCoreEffectId=22:candidate_core_i028_02
buildQualification=9:FaMenOnly
","schemaId=32:ItemGeneratedInstanceSnapshot.v1
generationAlgorithmId=21:item-instance-roll-v1
generationDataStatus=63:QA_FIXTURE_ONLY|NOT_BALANCE_APPROVED|NOT_FORMAL_GENERATION_DATA
itemInstanceId=20:wb_i028_green_150137
baseItemId=4:I028
rarity=5:green
generationVersion=1:1
rootSeed=6:150137
cultivationPotentialProfileId=33:candidate_core_profile_i028_green
statId=5:break
statRawUnits=2:14
statId=7:control
statRawUnits=1:6
statId=8:cooldown
statRawUnits=1:4
statId=8:nianCost
statRawUnits=1:5
slotId=8:fixed_01
slotKind=5:Fixed
affixId=16:affix_control_up
affixValueProfileId=32:candidate_value_affix_control_up
affixRawUnits=1:3
slotId=9:random_01
slotKind=6:Random
affixId=21:affix_nian_efficiency
affixValueProfileId=37:candidate_value_affix_nian_efficiency
affixRawUnits=3:533
eligibleCoreEffectId=22:candidate_core_i028_01
eligibleCoreEffectId=22:candidate_core_i028_02
visibleCoreEffectId=22:candidate_core_i028_01
visibleCoreEffectId=22:candidate_core_i028_02
buildQualification=9:FaMenOnly
",PASS
roll.I028@blue,roll_150,PASS,PASS,PASS
projection.I028@blue,projection_150,PASS,PASS,PASS
determinism.I028@blue,determinism_150,"schemaId=32:ItemGeneratedInstanceSnapshot.v1
generationAlgorithmId=21:item-instance-roll-v1
generationDataStatus=63:QA_FIXTURE_ONLY|NOT_BALANCE_APPROVED|NOT_FORMAL_GENERATION_DATA
itemInstanceId=19:wb_i028_blue_150138
baseItemId=4:I028
rarity=4:blue
generationVersion=1:1
rootSeed=6:150138
cultivationPotentialProfileId=32:candidate_core_profile_i028_blue
statId=5:break
statRawUnits=2:20
statId=7:control
statRawUnits=1:8
statId=8:cooldown
statRawUnits=1:4
statId=8:nianCost
statRawUnits=1:4
slotId=8:fixed_01
slotKind=5:Fixed
affixId=16:affix_control_up
affixValueProfileId=32:candidate_value_affix_control_up
affixRawUnits=1:5
slotId=9:random_01
slotKind=6:Random
affixId=14:affix_break_up
affixValueProfileId=30:candidate_value_affix_break_up
affixRawUnits=3:841
eligibleCoreEffectId=22:candidate_core_i028_01
eligibleCoreEffectId=22:candidate_core_i028_02
eligibleCoreEffectId=22:candidate_core_i028_03
visibleCoreEffectId=22:candidate_core_i028_01
visibleCoreEffectId=22:candidate_core_i028_02
visibleCoreEffectId=22:candidate_core_i028_03
buildQualification=4:None
","schemaId=32:ItemGeneratedInstanceSnapshot.v1
generationAlgorithmId=21:item-instance-roll-v1
generationDataStatus=63:QA_FIXTURE_ONLY|NOT_BALANCE_APPROVED|NOT_FORMAL_GENERATION_DATA
itemInstanceId=19:wb_i028_blue_150138
baseItemId=4:I028
rarity=4:blue
generationVersion=1:1
rootSeed=6:150138
cultivationPotentialProfileId=32:candidate_core_profile_i028_blue
statId=5:break
statRawUnits=2:20
statId=7:control
statRawUnits=1:8
statId=8:cooldown
statRawUnits=1:4
statId=8:nianCost
statRawUnits=1:4
slotId=8:fixed_01
slotKind=5:Fixed
affixId=16:affix_control_up
affixValueProfileId=32:candidate_value_affix_control_up
affixRawUnits=1:5
slotId=9:random_01
slotKind=6:Random
affixId=14:affix_break_up
affixValueProfileId=30:candidate_value_affix_break_up
affixRawUnits=3:841
eligibleCoreEffectId=22:candidate_core_i028_01
eligibleCoreEffectId=22:candidate_core_i028_02
eligibleCoreEffectId=22:candidate_core_i028_03
visibleCoreEffectId=22:candidate_core_i028_01
visibleCoreEffectId=22:candidate_core_i028_02
visibleCoreEffectId=22:candidate_core_i028_03
buildQualification=4:None
",PASS
roll.I028@purple,roll_150,PASS,PASS,PASS
projection.I028@purple,projection_150,PASS,PASS,PASS
determinism.I028@purple,determinism_150,"schemaId=32:ItemGeneratedInstanceSnapshot.v1
generationAlgorithmId=21:item-instance-roll-v1
generationDataStatus=63:QA_FIXTURE_ONLY|NOT_BALANCE_APPROVED|NOT_FORMAL_GENERATION_DATA
itemInstanceId=21:wb_i028_purple_150139
baseItemId=4:I028
rarity=6:purple
generationVersion=1:1
rootSeed=6:150139
cultivationPotentialProfileId=34:candidate_core_profile_i028_purple
statId=5:break
statRawUnits=2:22
statId=7:control
statRawUnits=1:8
statId=8:cooldown
statRawUnits=1:2
statId=8:nianCost
statRawUnits=1:3
slotId=8:fixed_01
slotKind=5:Fixed
affixId=16:affix_control_up
affixValueProfileId=32:candidate_value_affix_control_up
affixRawUnits=1:8
slotId=9:random_01
slotKind=6:Random
affixId=14:affix_break_up
affixValueProfileId=30:candidate_value_affix_break_up
affixRawUnits=4:1232
eligibleCoreEffectId=22:candidate_core_i028_01
eligibleCoreEffectId=22:candidate_core_i028_02
eligibleCoreEffectId=22:candidate_core_i028_03
eligibleCoreEffectId=22:candidate_core_i028_04
visibleCoreEffectId=22:candidate_core_i028_01
visibleCoreEffectId=22:candidate_core_i028_02
visibleCoreEffectId=22:candidate_core_i028_03
visibleCoreEffectId=22:candidate_core_i028_04
buildQualification=4:None
","schemaId=32:ItemGeneratedInstanceSnapshot.v1
generationAlgorithmId=21:item-instance-roll-v1
generationDataStatus=63:QA_FIXTURE_ONLY|NOT_BALANCE_APPROVED|NOT_FORMAL_GENERATION_DATA
itemInstanceId=21:wb_i028_purple_150139
baseItemId=4:I028
rarity=6:purple
generationVersion=1:1
rootSeed=6:150139
cultivationPotentialProfileId=34:candidate_core_profile_i028_purple
statId=5:break
statRawUnits=2:22
statId=7:control
statRawUnits=1:8
statId=8:cooldown
statRawUnits=1:2
statId=8:nianCost
statRawUnits=1:3
slotId=8:fixed_01
slotKind=5:Fixed
affixId=16:affix_control_up
affixValueProfileId=32:candidate_value_affix_control_up
affixRawUnits=1:8
slotId=9:random_01
slotKind=6:Random
affixId=14:affix_break_up
affixValueProfileId=30:candidate_value_affix_break_up
affixRawUnits=4:1232
eligibleCoreEffectId=22:candidate_core_i028_01
eligibleCoreEffectId=22:candidate_core_i028_02
eligibleCoreEffectId=22:candidate_core_i028_03
eligibleCoreEffectId=22:candidate_core_i028_04
visibleCoreEffectId=22:candidate_core_i028_01
visibleCoreEffectId=22:candidate_core_i028_02
visibleCoreEffectId=22:candidate_core_i028_03
visibleCoreEffectId=22:candidate_core_i028_04
buildQualification=4:None
",PASS
roll.I028@orange,roll_150,PASS,PASS,PASS
projection.I028@orange,projection_150,PASS,PASS,PASS
determinism.I028@orange,determinism_150,"schemaId=32:ItemGeneratedInstanceSnapshot.v1
generationAlgorithmId=21:item-instance-roll-v1
generationDataStatus=63:QA_FIXTURE_ONLY|NOT_BALANCE_APPROVED|NOT_FORMAL_GENERATION_DATA
itemInstanceId=21:wb_i028_orange_150140
baseItemId=4:I028
rarity=6:orange
generationVersion=1:1
rootSeed=6:150140
cultivationPotentialProfileId=34:candidate_core_profile_i028_orange
statId=5:break
statRawUnits=2:23
statId=7:control
statRawUnits=1:9
statId=8:cooldown
statRawUnits=1:3
statId=8:nianCost
statRawUnits=1:3
slotId=8:fixed_01
slotKind=5:Fixed
affixId=16:affix_control_up
affixValueProfileId=32:candidate_value_affix_control_up
affixRawUnits=1:9
slotId=9:random_01
slotKind=6:Random
affixId=24:affix_cooldown_reduction
affixValueProfileId=40:candidate_value_affix_cooldown_reduction
affixRawUnits=4:1231
eligibleCoreEffectId=22:candidate_core_i028_01
eligibleCoreEffectId=22:candidate_core_i028_02
eligibleCoreEffectId=22:candidate_core_i028_03
eligibleCoreEffectId=22:candidate_core_i028_04
eligibleCoreEffectId=28:candidate_core_i028_ultimate
visibleCoreEffectId=22:candidate_core_i028_01
visibleCoreEffectId=22:candidate_core_i028_02
visibleCoreEffectId=22:candidate_core_i028_03
visibleCoreEffectId=22:candidate_core_i028_04
visibleCoreEffectId=28:candidate_core_i028_ultimate
buildQualification=4:Dual
","schemaId=32:ItemGeneratedInstanceSnapshot.v1
generationAlgorithmId=21:item-instance-roll-v1
generationDataStatus=63:QA_FIXTURE_ONLY|NOT_BALANCE_APPROVED|NOT_FORMAL_GENERATION_DATA
itemInstanceId=21:wb_i028_orange_150140
baseItemId=4:I028
rarity=6:orange
generationVersion=1:1
rootSeed=6:150140
cultivationPotentialProfileId=34:candidate_core_profile_i028_orange
statId=5:break
statRawUnits=2:23
statId=7:control
statRawUnits=1:9
statId=8:cooldown
statRawUnits=1:3
statId=8:nianCost
statRawUnits=1:3
slotId=8:fixed_01
slotKind=5:Fixed
affixId=16:affix_control_up
affixValueProfileId=32:candidate_value_affix_control_up
affixRawUnits=1:9
slotId=9:random_01
slotKind=6:Random
affixId=24:affix_cooldown_reduction
affixValueProfileId=40:candidate_value_affix_cooldown_reduction
affixRawUnits=4:1231
eligibleCoreEffectId=22:candidate_core_i028_01
eligibleCoreEffectId=22:candidate_core_i028_02
eligibleCoreEffectId=22:candidate_core_i028_03
eligibleCoreEffectId=22:candidate_core_i028_04
eligibleCoreEffectId=28:candidate_core_i028_ultimate
visibleCoreEffectId=22:candidate_core_i028_01
visibleCoreEffectId=22:candidate_core_i028_02
visibleCoreEffectId=22:candidate_core_i028_03
visibleCoreEffectId=22:candidate_core_i028_04
visibleCoreEffectId=28:candidate_core_i028_ultimate
buildQualification=4:Dual
",PASS
roll.I029@white,roll_150,PASS,PASS,PASS
projection.I029@white,projection_150,PASS,PASS,PASS
determinism.I029@white,determinism_150,"schemaId=32:ItemGeneratedInstanceSnapshot.v1
generationAlgorithmId=21:item-instance-roll-v1
generationDataStatus=63:QA_FIXTURE_ONLY|NOT_BALANCE_APPROVED|NOT_FORMAL_GENERATION_DATA
itemInstanceId=20:wb_i029_white_150141
baseItemId=4:I029
rarity=5:white
generationVersion=1:1
rootSeed=6:150141
cultivationPotentialProfileId=33:candidate_core_profile_i029_white
statId=5:break
statRawUnits=2:14
statId=7:control
statRawUnits=1:1
statId=8:cooldown
statRawUnits=1:5
statId=8:nianCost
statRawUnits=1:7
slotId=8:fixed_01
slotKind=5:Fixed
affixId=16:affix_control_up
affixValueProfileId=32:candidate_value_affix_control_up
affixRawUnits=1:3
slotId=9:random_01
slotKind=6:Random
affixId=21:affix_nian_efficiency
affixValueProfileId=37:candidate_value_affix_nian_efficiency
affixRawUnits=3:200
eligibleCoreEffectId=22:candidate_core_i029_01
visibleCoreEffectId=22:candidate_core_i029_01
buildQualification=4:None
","schemaId=32:ItemGeneratedInstanceSnapshot.v1
generationAlgorithmId=21:item-instance-roll-v1
generationDataStatus=63:QA_FIXTURE_ONLY|NOT_BALANCE_APPROVED|NOT_FORMAL_GENERATION_DATA
itemInstanceId=20:wb_i029_white_150141
baseItemId=4:I029
rarity=5:white
generationVersion=1:1
rootSeed=6:150141
cultivationPotentialProfileId=33:candidate_core_profile_i029_white
statId=5:break
statRawUnits=2:14
statId=7:control
statRawUnits=1:1
statId=8:cooldown
statRawUnits=1:5
statId=8:nianCost
statRawUnits=1:7
slotId=8:fixed_01
slotKind=5:Fixed
affixId=16:affix_control_up
affixValueProfileId=32:candidate_value_affix_control_up
affixRawUnits=1:3
slotId=9:random_01
slotKind=6:Random
affixId=21:affix_nian_efficiency
affixValueProfileId=37:candidate_value_affix_nian_efficiency
affixRawUnits=3:200
eligibleCoreEffectId=22:candidate_core_i029_01
visibleCoreEffectId=22:candidate_core_i029_01
buildQualification=4:None
",PASS
roll.I029@green,roll_150,PASS,PASS,PASS
projection.I029@green,projection_150,PASS,PASS,PASS
determinism.I029@green,determinism_150,"schemaId=32:ItemGeneratedInstanceSnapshot.v1
generationAlgorithmId=21:item-instance-roll-v1
generationDataStatus=63:QA_FIXTURE_ONLY|NOT_BALANCE_APPROVED|NOT_FORMAL_GENERATION_DATA
itemInstanceId=20:wb_i029_green_150142
baseItemId=4:I029
rarity=5:green
generationVersion=1:1
rootSeed=6:150142
cultivationPotentialProfileId=33:candidate_core_profile_i029_green
statId=5:break
statRawUnits=2:17
statId=7:control
statRawUnits=1:4
statId=8:cooldown
statRawUnits=1:5
statId=8:nianCost
statRawUnits=1:6
slotId=8:fixed_01
slotKind=5:Fixed
affixId=16:affix_control_up
affixValueProfileId=32:candidate_value_affix_control_up
affixRawUnits=1:5
slotId=9:random_01
slotKind=6:Random
affixId=24:affix_cooldown_reduction
affixValueProfileId=40:candidate_value_affix_cooldown_reduction
affixRawUnits=3:565
eligibleCoreEffectId=22:candidate_core_i029_01
eligibleCoreEffectId=22:candidate_core_i029_02
visibleCoreEffectId=22:candidate_core_i029_01
visibleCoreEffectId=22:candidate_core_i029_02
buildQualification=9:FaMenOnly
","schemaId=32:ItemGeneratedInstanceSnapshot.v1
generationAlgorithmId=21:item-instance-roll-v1
generationDataStatus=63:QA_FIXTURE_ONLY|NOT_BALANCE_APPROVED|NOT_FORMAL_GENERATION_DATA
itemInstanceId=20:wb_i029_green_150142
baseItemId=4:I029
rarity=5:green
generationVersion=1:1
rootSeed=6:150142
cultivationPotentialProfileId=33:candidate_core_profile_i029_green
statId=5:break
statRawUnits=2:17
statId=7:control
statRawUnits=1:4
statId=8:cooldown
statRawUnits=1:5
statId=8:nianCost
statRawUnits=1:6
slotId=8:fixed_01
slotKind=5:Fixed
affixId=16:affix_control_up
affixValueProfileId=32:candidate_value_affix_control_up
affixRawUnits=1:5
slotId=9:random_01
slotKind=6:Random
affixId=24:affix_cooldown_reduction
affixValueProfileId=40:candidate_value_affix_cooldown_reduction
affixRawUnits=3:565
eligibleCoreEffectId=22:candidate_core_i029_01
eligibleCoreEffectId=22:candidate_core_i029_02
visibleCoreEffectId=22:candidate_core_i029_01
visibleCoreEffectId=22:candidate_core_i029_02
buildQualification=9:FaMenOnly
",PASS
roll.I029@blue,roll_150,PASS,PASS,PASS
projection.I029@blue,projection_150,PASS,PASS,PASS
determinism.I029@blue,determinism_150,"schemaId=32:ItemGeneratedInstanceSnapshot.v1
generationAlgorithmId=21:item-instance-roll-v1
generationDataStatus=63:QA_FIXTURE_ONLY|NOT_BALANCE_APPROVED|NOT_FORMAL_GENERATION_DATA
itemInstanceId=19:wb_i029_blue_150143
baseItemId=4:I029
rarity=4:blue
generationVersion=1:1
rootSeed=6:150143
cultivationPotentialProfileId=32:candidate_core_profile_i029_blue
statId=5:break
statRawUnits=2:19
statId=7:control
statRawUnits=1:6
statId=8:cooldown
statRawUnits=1:5
statId=8:nianCost
statRawUnits=1:5
slotId=8:fixed_01
slotKind=5:Fixed
affixId=16:affix_control_up
affixValueProfileId=32:candidate_value_affix_control_up
affixRawUnits=1:5
slotId=9:random_01
slotKind=6:Random
affixId=21:affix_nian_efficiency
affixValueProfileId=37:candidate_value_affix_nian_efficiency
affixRawUnits=3:814
eligibleCoreEffectId=22:candidate_core_i029_01
eligibleCoreEffectId=22:candidate_core_i029_02
eligibleCoreEffectId=22:candidate_core_i029_03
visibleCoreEffectId=22:candidate_core_i029_01
visibleCoreEffectId=22:candidate_core_i029_02
visibleCoreEffectId=22:candidate_core_i029_03
buildQualification=9:FaMenOnly
","schemaId=32:ItemGeneratedInstanceSnapshot.v1
generationAlgorithmId=21:item-instance-roll-v1
generationDataStatus=63:QA_FIXTURE_ONLY|NOT_BALANCE_APPROVED|NOT_FORMAL_GENERATION_DATA
itemInstanceId=19:wb_i029_blue_150143
baseItemId=4:I029
rarity=4:blue
generationVersion=1:1
rootSeed=6:150143
cultivationPotentialProfileId=32:candidate_core_profile_i029_blue
statId=5:break
statRawUnits=2:19
statId=7:control
statRawUnits=1:6
statId=8:cooldown
statRawUnits=1:5
statId=8:nianCost
statRawUnits=1:5
slotId=8:fixed_01
slotKind=5:Fixed
affixId=16:affix_control_up
affixValueProfileId=32:candidate_value_affix_control_up
affixRawUnits=1:5
slotId=9:random_01
slotKind=6:Random
affixId=21:affix_nian_efficiency
affixValueProfileId=37:candidate_value_affix_nian_efficiency
affixRawUnits=3:814
eligibleCoreEffectId=22:candidate_core_i029_01
eligibleCoreEffectId=22:candidate_core_i029_02
eligibleCoreEffectId=22:candidate_core_i029_03
visibleCoreEffectId=22:candidate_core_i029_01
visibleCoreEffectId=22:candidate_core_i029_02
visibleCoreEffectId=22:candidate_core_i029_03
buildQualification=9:FaMenOnly
",PASS
roll.I029@purple,roll_150,PASS,PASS,PASS
projection.I029@purple,projection_150,PASS,PASS,PASS
determinism.I029@purple,determinism_150,"schemaId=32:ItemGeneratedInstanceSnapshot.v1
generationAlgorithmId=21:item-instance-roll-v1
generationDataStatus=63:QA_FIXTURE_ONLY|NOT_BALANCE_APPROVED|NOT_FORMAL_GENERATION_DATA
itemInstanceId=21:wb_i029_purple_150144
baseItemId=4:I029
rarity=6:purple
generationVersion=1:1
rootSeed=6:150144
cultivationPotentialProfileId=34:candidate_core_profile_i029_purple
statId=5:break
statRawUnits=2:22
statId=7:control
statRawUnits=1:8
statId=8:cooldown
statRawUnits=1:4
statId=8:nianCost
statRawUnits=1:4
slotId=8:fixed_01
slotKind=5:Fixed
affixId=16:affix_control_up
affixValueProfileId=32:candidate_value_affix_control_up
affixRawUnits=1:7
slotId=9:random_01
slotKind=6:Random
affixId=21:affix_nian_efficiency
affixValueProfileId=37:candidate_value_affix_nian_efficiency
affixRawUnits=4:1060
eligibleCoreEffectId=22:candidate_core_i029_01
eligibleCoreEffectId=22:candidate_core_i029_02
eligibleCoreEffectId=22:candidate_core_i029_03
eligibleCoreEffectId=22:candidate_core_i029_04
visibleCoreEffectId=22:candidate_core_i029_01
visibleCoreEffectId=22:candidate_core_i029_02
visibleCoreEffectId=22:candidate_core_i029_03
visibleCoreEffectId=22:candidate_core_i029_04
buildQualification=4:None
","schemaId=32:ItemGeneratedInstanceSnapshot.v1
generationAlgorithmId=21:item-instance-roll-v1
generationDataStatus=63:QA_FIXTURE_ONLY|NOT_BALANCE_APPROVED|NOT_FORMAL_GENERATION_DATA
itemInstanceId=21:wb_i029_purple_150144
baseItemId=4:I029
rarity=6:purple
generationVersion=1:1
rootSeed=6:150144
cultivationPotentialProfileId=34:candidate_core_profile_i029_purple
statId=5:break
statRawUnits=2:22
statId=7:control
statRawUnits=1:8
statId=8:cooldown
statRawUnits=1:4
statId=8:nianCost
statRawUnits=1:4
slotId=8:fixed_01
slotKind=5:Fixed
affixId=16:affix_control_up
affixValueProfileId=32:candidate_value_affix_control_up
affixRawUnits=1:7
slotId=9:random_01
slotKind=6:Random
affixId=21:affix_nian_efficiency
affixValueProfileId=37:candidate_value_affix_nian_efficiency
affixRawUnits=4:1060
eligibleCoreEffectId=22:candidate_core_i029_01
eligibleCoreEffectId=22:candidate_core_i029_02
eligibleCoreEffectId=22:candidate_core_i029_03
eligibleCoreEffectId=22:candidate_core_i029_04
visibleCoreEffectId=22:candidate_core_i029_01
visibleCoreEffectId=22:candidate_core_i029_02
visibleCoreEffectId=22:candidate_core_i029_03
visibleCoreEffectId=22:candidate_core_i029_04
buildQualification=4:None
",PASS
roll.I029@orange,roll_150,PASS,PASS,PASS
projection.I029@orange,projection_150,PASS,PASS,PASS
determinism.I029@orange,determinism_150,"schemaId=32:ItemGeneratedInstanceSnapshot.v1
generationAlgorithmId=21:item-instance-roll-v1
generationDataStatus=63:QA_FIXTURE_ONLY|NOT_BALANCE_APPROVED|NOT_FORMAL_GENERATION_DATA
itemInstanceId=21:wb_i029_orange_150145
baseItemId=4:I029
rarity=6:orange
generationVersion=1:1
rootSeed=6:150145
cultivationPotentialProfileId=34:candidate_core_profile_i029_orange
statId=5:break
statRawUnits=2:28
statId=7:control
statRawUnits=1:9
statId=8:cooldown
statRawUnits=1:4
statId=8:nianCost
statRawUnits=1:3
slotId=8:fixed_01
slotKind=5:Fixed
affixId=16:affix_control_up
affixValueProfileId=32:candidate_value_affix_control_up
affixRawUnits=2:10
slotId=9:random_01
slotKind=6:Random
affixId=14:affix_break_up
affixValueProfileId=30:candidate_value_affix_break_up
affixRawUnits=4:1564
eligibleCoreEffectId=22:candidate_core_i029_01
eligibleCoreEffectId=22:candidate_core_i029_02
eligibleCoreEffectId=22:candidate_core_i029_03
eligibleCoreEffectId=22:candidate_core_i029_04
eligibleCoreEffectId=28:candidate_core_i029_ultimate
visibleCoreEffectId=22:candidate_core_i029_01
visibleCoreEffectId=22:candidate_core_i029_02
visibleCoreEffectId=22:candidate_core_i029_03
visibleCoreEffectId=22:candidate_core_i029_04
visibleCoreEffectId=28:candidate_core_i029_ultimate
buildQualification=4:Dual
","schemaId=32:ItemGeneratedInstanceSnapshot.v1
generationAlgorithmId=21:item-instance-roll-v1
generationDataStatus=63:QA_FIXTURE_ONLY|NOT_BALANCE_APPROVED|NOT_FORMAL_GENERATION_DATA
itemInstanceId=21:wb_i029_orange_150145
baseItemId=4:I029
rarity=6:orange
generationVersion=1:1
rootSeed=6:150145
cultivationPotentialProfileId=34:candidate_core_profile_i029_orange
statId=5:break
statRawUnits=2:28
statId=7:control
statRawUnits=1:9
statId=8:cooldown
statRawUnits=1:4
statId=8:nianCost
statRawUnits=1:3
slotId=8:fixed_01
slotKind=5:Fixed
affixId=16:affix_control_up
affixValueProfileId=32:candidate_value_affix_control_up
affixRawUnits=2:10
slotId=9:random_01
slotKind=6:Random
affixId=14:affix_break_up
affixValueProfileId=30:candidate_value_affix_break_up
affixRawUnits=4:1564
eligibleCoreEffectId=22:candidate_core_i029_01
eligibleCoreEffectId=22:candidate_core_i029_02
eligibleCoreEffectId=22:candidate_core_i029_03
eligibleCoreEffectId=22:candidate_core_i029_04
eligibleCoreEffectId=28:candidate_core_i029_ultimate
visibleCoreEffectId=22:candidate_core_i029_01
visibleCoreEffectId=22:candidate_core_i029_02
visibleCoreEffectId=22:candidate_core_i029_03
visibleCoreEffectId=22:candidate_core_i029_04
visibleCoreEffectId=28:candidate_core_i029_ultimate
buildQualification=4:Dual
",PASS
roll.I030@white,roll_150,PASS,PASS,PASS
projection.I030@white,projection_150,PASS,PASS,PASS
determinism.I030@white,determinism_150,"schemaId=32:ItemGeneratedInstanceSnapshot.v1
generationAlgorithmId=21:item-instance-roll-v1
generationDataStatus=63:QA_FIXTURE_ONLY|NOT_BALANCE_APPROVED|NOT_FORMAL_GENERATION_DATA
itemInstanceId=20:wb_i030_white_150146
baseItemId=4:I030
rarity=5:white
generationVersion=1:1
rootSeed=6:150146
cultivationPotentialProfileId=33:candidate_core_profile_i030_white
statId=7:control
statRawUnits=1:2
statId=8:cooldown
statRawUnits=1:8
statId=6:damage
statRawUnits=2:29
statId=8:nianCost
statRawUnits=1:8
slotId=8:fixed_01
slotKind=5:Fixed
affixId=15:affix_damage_up
affixValueProfileId=31:candidate_value_affix_damage_up
affixRawUnits=3:343
slotId=9:random_01
slotKind=6:Random
affixId=24:affix_cooldown_reduction
affixValueProfileId=40:candidate_value_affix_cooldown_reduction
affixRawUnits=3:216
eligibleCoreEffectId=22:candidate_core_i030_01
visibleCoreEffectId=22:candidate_core_i030_01
buildQualification=4:None
","schemaId=32:ItemGeneratedInstanceSnapshot.v1
generationAlgorithmId=21:item-instance-roll-v1
generationDataStatus=63:QA_FIXTURE_ONLY|NOT_BALANCE_APPROVED|NOT_FORMAL_GENERATION_DATA
itemInstanceId=20:wb_i030_white_150146
baseItemId=4:I030
rarity=5:white
generationVersion=1:1
rootSeed=6:150146
cultivationPotentialProfileId=33:candidate_core_profile_i030_white
statId=7:control
statRawUnits=1:2
statId=8:cooldown
statRawUnits=1:8
statId=6:damage
statRawUnits=2:29
statId=8:nianCost
statRawUnits=1:8
slotId=8:fixed_01
slotKind=5:Fixed
affixId=15:affix_damage_up
affixValueProfileId=31:candidate_value_affix_damage_up
affixRawUnits=3:343
slotId=9:random_01
slotKind=6:Random
affixId=24:affix_cooldown_reduction
affixValueProfileId=40:candidate_value_affix_cooldown_reduction
affixRawUnits=3:216
eligibleCoreEffectId=22:candidate_core_i030_01
visibleCoreEffectId=22:candidate_core_i030_01
buildQualification=4:None
",PASS
roll.I030@green,roll_150,PASS,PASS,PASS
projection.I030@green,projection_150,PASS,PASS,PASS
determinism.I030@green,determinism_150,"schemaId=32:ItemGeneratedInstanceSnapshot.v1
generationAlgorithmId=21:item-instance-roll-v1
generationDataStatus=63:QA_FIXTURE_ONLY|NOT_BALANCE_APPROVED|NOT_FORMAL_GENERATION_DATA
itemInstanceId=20:wb_i030_green_150147
baseItemId=4:I030
rarity=5:green
generationVersion=1:1
rootSeed=6:150147
cultivationPotentialProfileId=33:candidate_core_profile_i030_green
statId=7:control
statRawUnits=1:5
statId=8:cooldown
statRawUnits=1:7
statId=6:damage
statRawUnits=2:37
statId=8:nianCost
statRawUnits=1:8
slotId=8:fixed_01
slotKind=5:Fixed
affixId=15:affix_damage_up
affixValueProfileId=31:candidate_value_affix_damage_up
affixRawUnits=3:365
slotId=9:random_01
slotKind=6:Random
affixId=16:affix_control_up
affixValueProfileId=32:candidate_value_affix_control_up
affixRawUnits=1:4
eligibleCoreEffectId=22:candidate_core_i030_01
eligibleCoreEffectId=22:candidate_core_i030_02
visibleCoreEffectId=22:candidate_core_i030_01
visibleCoreEffectId=22:candidate_core_i030_02
buildQualification=4:None
","schemaId=32:ItemGeneratedInstanceSnapshot.v1
generationAlgorithmId=21:item-instance-roll-v1
generationDataStatus=63:QA_FIXTURE_ONLY|NOT_BALANCE_APPROVED|NOT_FORMAL_GENERATION_DATA
itemInstanceId=20:wb_i030_green_150147
baseItemId=4:I030
rarity=5:green
generationVersion=1:1
rootSeed=6:150147
cultivationPotentialProfileId=33:candidate_core_profile_i030_green
statId=7:control
statRawUnits=1:5
statId=8:cooldown
statRawUnits=1:7
statId=6:damage
statRawUnits=2:37
statId=8:nianCost
statRawUnits=1:8
slotId=8:fixed_01
slotKind=5:Fixed
affixId=15:affix_damage_up
affixValueProfileId=31:candidate_value_affix_damage_up
affixRawUnits=3:365
slotId=9:random_01
slotKind=6:Random
affixId=16:affix_control_up
affixValueProfileId=32:candidate_value_affix_control_up
affixRawUnits=1:4
eligibleCoreEffectId=22:candidate_core_i030_01
eligibleCoreEffectId=22:candidate_core_i030_02
visibleCoreEffectId=22:candidate_core_i030_01
visibleCoreEffectId=22:candidate_core_i030_02
buildQualification=4:None
",PASS
roll.I030@blue,roll_150,PASS,PASS,PASS
projection.I030@blue,projection_150,PASS,PASS,PASS
determinism.I030@blue,determinism_150,"schemaId=32:ItemGeneratedInstanceSnapshot.v1
generationAlgorithmId=21:item-instance-roll-v1
generationDataStatus=63:QA_FIXTURE_ONLY|NOT_BALANCE_APPROVED|NOT_FORMAL_GENERATION_DATA
itemInstanceId=19:wb_i030_blue_150148
baseItemId=4:I030
rarity=4:blue
generationVersion=1:1
rootSeed=6:150148
cultivationPotentialProfileId=32:candidate_core_profile_i030_blue
statId=7:control
statRawUnits=1:6
statId=8:cooldown
statRawUnits=1:7
statId=6:damage
statRawUnits=2:42
statId=8:nianCost
statRawUnits=1:7
slotId=8:fixed_01
slotKind=5:Fixed
affixId=15:affix_damage_up
affixValueProfileId=31:candidate_value_affix_damage_up
affixRawUnits=3:746
slotId=9:random_01
slotKind=6:Random
affixId=21:affix_nian_efficiency
affixValueProfileId=37:candidate_value_affix_nian_efficiency
affixRawUnits=3:727
eligibleCoreEffectId=22:candidate_core_i030_01
eligibleCoreEffectId=22:candidate_core_i030_02
eligibleCoreEffectId=22:candidate_core_i030_03
visibleCoreEffectId=22:candidate_core_i030_01
visibleCoreEffectId=22:candidate_core_i030_02
visibleCoreEffectId=22:candidate_core_i030_03
buildQualification=9:QiLeiOnly
","schemaId=32:ItemGeneratedInstanceSnapshot.v1
generationAlgorithmId=21:item-instance-roll-v1
generationDataStatus=63:QA_FIXTURE_ONLY|NOT_BALANCE_APPROVED|NOT_FORMAL_GENERATION_DATA
itemInstanceId=19:wb_i030_blue_150148
baseItemId=4:I030
rarity=4:blue
generationVersion=1:1
rootSeed=6:150148
cultivationPotentialProfileId=32:candidate_core_profile_i030_blue
statId=7:control
statRawUnits=1:6
statId=8:cooldown
statRawUnits=1:7
statId=6:damage
statRawUnits=2:42
statId=8:nianCost
statRawUnits=1:7
slotId=8:fixed_01
slotKind=5:Fixed
affixId=15:affix_damage_up
affixValueProfileId=31:candidate_value_affix_damage_up
affixRawUnits=3:746
slotId=9:random_01
slotKind=6:Random
affixId=21:affix_nian_efficiency
affixValueProfileId=37:candidate_value_affix_nian_efficiency
affixRawUnits=3:727
eligibleCoreEffectId=22:candidate_core_i030_01
eligibleCoreEffectId=22:candidate_core_i030_02
eligibleCoreEffectId=22:candidate_core_i030_03
visibleCoreEffectId=22:candidate_core_i030_01
visibleCoreEffectId=22:candidate_core_i030_02
visibleCoreEffectId=22:candidate_core_i030_03
buildQualification=9:QiLeiOnly
",PASS
roll.I030@purple,roll_150,PASS,PASS,PASS
projection.I030@purple,projection_150,PASS,PASS,PASS
determinism.I030@purple,determinism_150,"schemaId=32:ItemGeneratedInstanceSnapshot.v1
generationAlgorithmId=21:item-instance-roll-v1
generationDataStatus=63:QA_FIXTURE_ONLY|NOT_BALANCE_APPROVED|NOT_FORMAL_GENERATION_DATA
itemInstanceId=21:wb_i030_purple_150149
baseItemId=4:I030
rarity=6:purple
generationVersion=1:1
rootSeed=6:150149
cultivationPotentialProfileId=34:candidate_core_profile_i030_purple
statId=7:control
statRawUnits=1:7
statId=8:cooldown
statRawUnits=1:5
statId=6:damage
statRawUnits=2:54
statId=8:nianCost
statRawUnits=1:6
slotId=8:fixed_01
slotKind=5:Fixed
affixId=15:affix_damage_up
affixValueProfileId=31:candidate_value_affix_damage_up
affixRawUnits=4:1208
slotId=9:random_01
slotKind=6:Random
affixId=24:affix_cooldown_reduction
affixValueProfileId=40:candidate_value_affix_cooldown_reduction
affixRawUnits=3:988
eligibleCoreEffectId=22:candidate_core_i030_01
eligibleCoreEffectId=22:candidate_core_i030_02
eligibleCoreEffectId=22:candidate_core_i030_03
eligibleCoreEffectId=22:candidate_core_i030_04
visibleCoreEffectId=22:candidate_core_i030_01
visibleCoreEffectId=22:candidate_core_i030_02
visibleCoreEffectId=22:candidate_core_i030_03
visibleCoreEffectId=22:candidate_core_i030_04
buildQualification=4:Dual
","schemaId=32:ItemGeneratedInstanceSnapshot.v1
generationAlgorithmId=21:item-instance-roll-v1
generationDataStatus=63:QA_FIXTURE_ONLY|NOT_BALANCE_APPROVED|NOT_FORMAL_GENERATION_DATA
itemInstanceId=21:wb_i030_purple_150149
baseItemId=4:I030
rarity=6:purple
generationVersion=1:1
rootSeed=6:150149
cultivationPotentialProfileId=34:candidate_core_profile_i030_purple
statId=7:control
statRawUnits=1:7
statId=8:cooldown
statRawUnits=1:5
statId=6:damage
statRawUnits=2:54
statId=8:nianCost
statRawUnits=1:6
slotId=8:fixed_01
slotKind=5:Fixed
affixId=15:affix_damage_up
affixValueProfileId=31:candidate_value_affix_damage_up
affixRawUnits=4:1208
slotId=9:random_01
slotKind=6:Random
affixId=24:affix_cooldown_reduction
affixValueProfileId=40:candidate_value_affix_cooldown_reduction
affixRawUnits=3:988
eligibleCoreEffectId=22:candidate_core_i030_01
eligibleCoreEffectId=22:candidate_core_i030_02
eligibleCoreEffectId=22:candidate_core_i030_03
eligibleCoreEffectId=22:candidate_core_i030_04
visibleCoreEffectId=22:candidate_core_i030_01
visibleCoreEffectId=22:candidate_core_i030_02
visibleCoreEffectId=22:candidate_core_i030_03
visibleCoreEffectId=22:candidate_core_i030_04
buildQualification=4:Dual
",PASS
roll.I030@orange,roll_150,PASS,PASS,PASS
projection.I030@orange,projection_150,PASS,PASS,PASS
determinism.I030@orange,determinism_150,"schemaId=32:ItemGeneratedInstanceSnapshot.v1
generationAlgorithmId=21:item-instance-roll-v1
generationDataStatus=63:QA_FIXTURE_ONLY|NOT_BALANCE_APPROVED|NOT_FORMAL_GENERATION_DATA
itemInstanceId=21:wb_i030_orange_150150
baseItemId=4:I030
rarity=6:orange
generationVersion=1:1
rootSeed=6:150150
cultivationPotentialProfileId=34:candidate_core_profile_i030_orange
statId=7:control
statRawUnits=1:9
statId=8:cooldown
statRawUnits=1:5
statId=6:damage
statRawUnits=2:61
statId=8:nianCost
statRawUnits=1:5
slotId=8:fixed_01
slotKind=5:Fixed
affixId=15:affix_damage_up
affixValueProfileId=31:candidate_value_affix_damage_up
affixRawUnits=4:1525
slotId=9:random_01
slotKind=6:Random
affixId=21:affix_nian_efficiency
affixValueProfileId=37:candidate_value_affix_nian_efficiency
affixRawUnits=4:1783
eligibleCoreEffectId=22:candidate_core_i030_01
eligibleCoreEffectId=22:candidate_core_i030_02
eligibleCoreEffectId=22:candidate_core_i030_03
eligibleCoreEffectId=22:candidate_core_i030_04
eligibleCoreEffectId=28:candidate_core_i030_ultimate
visibleCoreEffectId=22:candidate_core_i030_01
visibleCoreEffectId=22:candidate_core_i030_02
visibleCoreEffectId=22:candidate_core_i030_03
visibleCoreEffectId=22:candidate_core_i030_04
visibleCoreEffectId=28:candidate_core_i030_ultimate
buildQualification=4:Dual
","schemaId=32:ItemGeneratedInstanceSnapshot.v1
generationAlgorithmId=21:item-instance-roll-v1
generationDataStatus=63:QA_FIXTURE_ONLY|NOT_BALANCE_APPROVED|NOT_FORMAL_GENERATION_DATA
itemInstanceId=21:wb_i030_orange_150150
baseItemId=4:I030
rarity=6:orange
generationVersion=1:1
rootSeed=6:150150
cultivationPotentialProfileId=34:candidate_core_profile_i030_orange
statId=7:control
statRawUnits=1:9
statId=8:cooldown
statRawUnits=1:5
statId=6:damage
statRawUnits=2:61
statId=8:nianCost
statRawUnits=1:5
slotId=8:fixed_01
slotKind=5:Fixed
affixId=15:affix_damage_up
affixValueProfileId=31:candidate_value_affix_damage_up
affixRawUnits=4:1525
slotId=9:random_01
slotKind=6:Random
affixId=21:affix_nian_efficiency
affixValueProfileId=37:candidate_value_affix_nian_efficiency
affixRawUnits=4:1783
eligibleCoreEffectId=22:candidate_core_i030_01
eligibleCoreEffectId=22:candidate_core_i030_02
eligibleCoreEffectId=22:candidate_core_i030_03
eligibleCoreEffectId=22:candidate_core_i030_04
eligibleCoreEffectId=28:candidate_core_i030_ultimate
visibleCoreEffectId=22:candidate_core_i030_01
visibleCoreEffectId=22:candidate_core_i030_02
visibleCoreEffectId=22:candidate_core_i030_03
visibleCoreEffectId=22:candidate_core_i030_04
visibleCoreEffectId=28:candidate_core_i030_ultimate
buildQualification=4:Dual
",PASS
regression.iteminnerdatacatalog,historical_item_regression,PASS from current invocation,"marker=True, fresh=True",PASS
regression.itemsystemvalidatorandsnapshot,historical_item_regression,PASS from current invocation,"marker=True, fresh=True",PASS
regression.buildsynergycore,historical_item_regression,PASS from current invocation,"marker=True, fresh=True",PASS
regression.coreawakeningpreview,historical_item_regression,PASS from current invocation,"marker=True, fresh=True",PASS
regression.itemskilltriggercontract,historical_item_regression,PASS from current invocation,"marker=True, fresh=True",PASS
regression.itemdetailprojectioncomplete,historical_item_regression,PASS from current invocation,"marker=True, fresh=True",PASS
regression.junian_lighting,historical_item_regression,PASS from current invocation,"marker=True, fresh=True",PASS
regression.arraybonus,historical_item_regression,PASS from current invocation,"marker=True, fresh=True",PASS
regression.foundation,prerequisite_regression,159/159,159/159,PASS
regression.statrange,prerequisite_regression,39/39,39/39,PASS
regression.corepotential,prerequisite_regression,69/69,69/69,PASS
regression.affixschema,prerequisite_regression,88/88,88/88,PASS
regression.rollengine,prerequisite_regression,72/72,72/72,PASS
regression.dropsandbox,prerequisite_regression,87/87 + Determinism 6/6,87/87 + Determinism 6/6,PASS
regression.simulation,prerequisite_regression,65/65 + Distribution 46/46 + Determinism 12/12 + violations 0,65/65 + Distribution 46/46 + Determinism 12/12 + violations 0,PASS
regression.projectioncontract,prerequisite_regression,156/156,156/156,PASS
report_input.profile_count,report_input_reload,30,30,PASS
report_input.version_count,report_input_reload,150,150,PASS
report_input.range_count,report_input_reload,600,600,PASS
leak.reward,formal_system_not_wired,0,0,PASS
leak.runflow,formal_system_not_wired,0,0,PASS
leak.inventory,formal_system_not_wired,0,0,PASS
leak.savedata,formal_system_not_wired,0,0,PASS
leak.battle,formal_system_not_wired,0,0,PASS
leak.boss,formal_system_not_wired,0,0,PASS
leak.scene,formal_system_not_wired,0,0,PASS
leak.prefab,formal_system_not_wired,0,0,PASS
leak.buildsettings,formal_system_not_wired,0,0,PASS
leak.formal_runtime_wiring,formal_system_not_wired,0,0,PASS
readonly.candidate_assets,read_only_boundary,7228D21FB30FC868FF4EDA234E556B82FCDEB9B6C8D1D3CB7BCC753CC2C874E7,7228D21FB30FC868FF4EDA234E556B82FCDEB9B6C8D1D3CB7BCC753CC2C874E7,PASS
readonly.workbench_function_files,read_only_boundary,BCBE5425790A3309AD0218D48749571762B76B5212B7C09C6097EB5B744BF1D2,BCBE5425790A3309AD0218D48749571762B76B5212B7C09C6097EB5B744BF1D2,PASS
readonly.balance_runtime_and_workbench_schema,read_only_boundary,288F44DA969C17762C3BAD36996906E73947A649A477715F4E24B962863B865C,288F44DA969C17762C3BAD36996906E73947A649A477715F4E24B962863B865C,PASS
readonly.protected_item_runtime_and_schema,read_only_boundary,7B6892650BDC8AFC1A2A66F1036753D46C34FA2A852BE44DE55F17D8DECD6C59,7B6892650BDC8AFC1A2A66F1036753D46C34FA2A852BE44DE55F17D8DECD6C59,PASS
readonly.scene_files,read_only_boundary,5DAEDEF6603F4623FB2C8AE3F9D0DFA88E3154153F572063F4BDDBE3745C3BE1,5DAEDEF6603F4623FB2C8AE3F9D0DFA88E3154153F572063F4BDDBE3745C3BE1,PASS
readonly.prefab_files,read_only_boundary,3B38B60DC7203C1B851B4C83CDD4B809803916EA1483D2647151A8ED89C9DB01,3B38B60DC7203C1B851B4C83CDD4B809803916EA1483D2647151A8ED89C9DB01,PASS
readonly.build_settings,read_only_boundary,472269AA0CD12A093098703ACF5D12BC7B1FD901975E62F46B37727A62B6FAA3,472269AA0CD12A093098703ACF5D12BC7B1FD901975E62F46B37727A62B6FAA3,PASS
count.rolls,candidate_preview,150,150,PASS
count.projections,candidate_preview,150,150,PASS
count.deterministic,candidate_preview,150,150,PASS
