context,baseItemId,rarity,fieldKind,displayName,source,playerProjection,debugProjection,status
"GeneratedInstance","I001","white","stat","破盾","ItemInstanceProjectionContract.Stats + ItemStatRangeSchema","8","候选区间：5 ～ 8","PASS"
"GeneratedInstance","I001","white","stat","冷却","ItemInstanceProjectionContract.Stats + ItemStatRangeSchema","5回合","候选区间：5回合 ～ 6回合","PASS"
"GeneratedInstance","I001","white","stat","伤害","ItemInstanceProjectionContract.Stats + ItemStatRangeSchema","8","候选区间：8 ～ 12","PASS"
"GeneratedInstance","I001","white","stat","耗念","ItemInstanceProjectionContract.Stats + ItemStatRangeSchema","4点","候选区间：4点 ～ 5点","PASS"
"GeneratedInstance","I001","white","affix","伤害提升","ItemInstanceProjectionContract.Affixes + ItemAffixPoolAndRangeSchema","+2.82%","Debug retains slot/affix/profile/raw/formatted/range","PASS"
"GeneratedInstance","I001","white","affix","冷却缩减","ItemInstanceProjectionContract.Affixes + ItemAffixPoolAndRangeSchema","+3.4%","Debug retains slot/affix/profile/raw/formatted/range","PASS"
"GeneratedInstance","I001","white","identity","震雷符","ItemInnerDataCatalog + ItemInstanceProjectionContract identity","Chinese header/meta","itemInstanceId/baseItemId/rarity/generation trace","PASS"
"GeneratedInstance","I001","white","core","核心效果","eligibleCoreEffectIds + visibleCoreEffectIds + candidate descriptors","visible names and hidden count","all eligible/visible IDs","PASS"
"GeneratedInstance","I001","white","build","Build","buildQualification + read-only Build snapshot","qualification/count/stage + missing payload placeholder","qualification/build ids/count/state","PASS"
"GeneratedInstance","I001","green","stat","破盾","ItemInstanceProjectionContract.Stats + ItemStatRangeSchema","9","候选区间：7 ～ 10","PASS"
"GeneratedInstance","I001","green","stat","冷却","ItemInstanceProjectionContract.Stats + ItemStatRangeSchema","5回合","候选区间：5回合 ～ 5回合","PASS"
"GeneratedInstance","I001","green","stat","伤害","ItemInstanceProjectionContract.Stats + ItemStatRangeSchema","15","候选区间：11 ～ 16","PASS"
"GeneratedInstance","I001","green","stat","耗念","ItemInstanceProjectionContract.Stats + ItemStatRangeSchema","4点","候选区间：4点 ～ 4点","PASS"
"GeneratedInstance","I001","green","affix","伤害提升","ItemInstanceProjectionContract.Affixes + ItemAffixPoolAndRangeSchema","+4.36%","Debug retains slot/affix/profile/raw/formatted/range","PASS"
"GeneratedInstance","I001","green","affix","破盾提升","ItemInstanceProjectionContract.Affixes + ItemAffixPoolAndRangeSchema","+4.45%","Debug retains slot/affix/profile/raw/formatted/range","PASS"
"GeneratedInstance","I001","green","identity","震雷符","ItemInnerDataCatalog + ItemInstanceProjectionContract identity","Chinese header/meta","itemInstanceId/baseItemId/rarity/generation trace","PASS"
"GeneratedInstance","I001","green","core","核心效果","eligibleCoreEffectIds + visibleCoreEffectIds + candidate descriptors","visible names and hidden count","all eligible/visible IDs","PASS"
"GeneratedInstance","I001","green","build","Build","buildQualification + read-only Build snapshot","qualification/count/stage + missing payload placeholder","qualification/build ids/count/state","PASS"
"GeneratedInstance","I001","blue","stat","破盾","ItemInstanceProjectionContract.Stats + ItemStatRangeSchema","9","候选区间：9 ～ 13","PASS"
"GeneratedInstance","I001","blue","stat","冷却","ItemInstanceProjectionContract.Stats + ItemStatRangeSchema","4回合","候选区间：4回合 ～ 5回合","PASS"
"GeneratedInstance","I001","blue","stat","伤害","ItemInstanceProjectionContract.Stats + ItemStatRangeSchema","18","候选区间：15 ～ 20","PASS"
"GeneratedInstance","I001","blue","stat","耗念","ItemInstanceProjectionContract.Stats + ItemStatRangeSchema","3点","候选区间：3点 ～ 4点","PASS"
"GeneratedInstance","I001","blue","affix","伤害提升","ItemInstanceProjectionContract.Affixes + ItemAffixPoolAndRangeSchema","+6.43%","Debug retains slot/affix/profile/raw/formatted/range","PASS"
"GeneratedInstance","I001","blue","affix","冷却缩减","ItemInstanceProjectionContract.Affixes + ItemAffixPoolAndRangeSchema","+5.77%","Debug retains slot/affix/profile/raw/formatted/range","PASS"
"GeneratedInstance","I001","blue","identity","震雷符","ItemInnerDataCatalog + ItemInstanceProjectionContract identity","Chinese header/meta","itemInstanceId/baseItemId/rarity/generation trace","PASS"
"GeneratedInstance","I001","blue","core","核心效果","eligibleCoreEffectIds + visibleCoreEffectIds + candidate descriptors","visible names and hidden count","all eligible/visible IDs","PASS"
"GeneratedInstance","I001","blue","build","Build","buildQualification + read-only Build snapshot","qualification/count/stage + missing payload placeholder","qualification/build ids/count/state","PASS"
"GeneratedInstance","I001","purple","stat","破盾","ItemInstanceProjectionContract.Stats + ItemStatRangeSchema","13","候选区间：11 ～ 14","PASS"
"GeneratedInstance","I001","purple","stat","冷却","ItemInstanceProjectionContract.Stats + ItemStatRangeSchema","3回合","候选区间：3回合 ～ 4回合","PASS"
"GeneratedInstance","I001","purple","stat","伤害","ItemInstanceProjectionContract.Stats + ItemStatRangeSchema","18","候选区间：18 ～ 22","PASS"
"GeneratedInstance","I001","purple","stat","耗念","ItemInstanceProjectionContract.Stats + ItemStatRangeSchema","3点","候选区间：2点 ～ 3点","PASS"
"GeneratedInstance","I001","purple","affix","伤害提升","ItemInstanceProjectionContract.Affixes + ItemAffixPoolAndRangeSchema","+9.45%","Debug retains slot/affix/profile/raw/formatted/range","PASS"
"GeneratedInstance","I001","purple","affix","耗念效率","ItemInstanceProjectionContract.Affixes + ItemAffixPoolAndRangeSchema","+9.09%","Debug retains slot/affix/profile/raw/formatted/range","PASS"
"GeneratedInstance","I001","purple","identity","震雷符","ItemInnerDataCatalog + ItemInstanceProjectionContract identity","Chinese header/meta","itemInstanceId/baseItemId/rarity/generation trace","PASS"
"GeneratedInstance","I001","purple","core","核心效果","eligibleCoreEffectIds + visibleCoreEffectIds + candidate descriptors","visible names and hidden count","all eligible/visible IDs","PASS"
"GeneratedInstance","I001","purple","build","Build","buildQualification + read-only Build snapshot","qualification/count/stage + missing payload placeholder","qualification/build ids/count/state","PASS"
"GeneratedInstance","I001","orange","stat","破盾","ItemInstanceProjectionContract.Stats + ItemStatRangeSchema","15","候选区间：14 ～ 15","PASS"
"GeneratedInstance","I001","orange","stat","冷却","ItemInstanceProjectionContract.Stats + ItemStatRangeSchema","4回合","候选区间：3回合 ～ 4回合","PASS"
"GeneratedInstance","I001","orange","stat","伤害","ItemInstanceProjectionContract.Stats + ItemStatRangeSchema","22","候选区间：22 ～ 24","PASS"
"GeneratedInstance","I001","orange","stat","耗念","ItemInstanceProjectionContract.Stats + ItemStatRangeSchema","3点","候选区间：2点 ～ 3点","PASS"
"GeneratedInstance","I001","orange","affix","伤害提升","ItemInstanceProjectionContract.Affixes + ItemAffixPoolAndRangeSchema","+13.18%","Debug retains slot/affix/profile/raw/formatted/range","PASS"
"GeneratedInstance","I001","orange","affix","耗念效率","ItemInstanceProjectionContract.Affixes + ItemAffixPoolAndRangeSchema","+15.36%","Debug retains slot/affix/profile/raw/formatted/range","PASS"
"GeneratedInstance","I001","orange","identity","震雷符","ItemInnerDataCatalog + ItemInstanceProjectionContract identity","Chinese header/meta","itemInstanceId/baseItemId/rarity/generation trace","PASS"
"GeneratedInstance","I001","orange","core","核心效果","eligibleCoreEffectIds + visibleCoreEffectIds + candidate descriptors","visible names and hidden count","all eligible/visible IDs","PASS"
"GeneratedInstance","I001","orange","build","Build","buildQualification + read-only Build snapshot","qualification/count/stage + missing payload placeholder","qualification/build ids/count/state","PASS"
"GeneratedInstance","I002","white","stat","控制","ItemInstanceProjectionContract.Stats + ItemStatRangeSchema","2点","候选区间：1点 ～ 3点","PASS"
"GeneratedInstance","I002","white","stat","冷却","ItemInstanceProjectionContract.Stats + ItemStatRangeSchema","5回合","候选区间：5回合 ～ 6回合","PASS"
"GeneratedInstance","I002","white","stat","伤害","ItemInstanceProjectionContract.Stats + ItemStatRangeSchema","16","候选区间：12 ～ 18","PASS"
"GeneratedInstance","I002","white","stat","耗念","ItemInstanceProjectionContract.Stats + ItemStatRangeSchema","6点","候选区间：5点 ～ 6点","PASS"
"GeneratedInstance","I002","white","affix","伤害提升","ItemInstanceProjectionContract.Affixes + ItemAffixPoolAndRangeSchema","+3.39%","Debug retains slot/affix/profile/raw/formatted/range","PASS"
"GeneratedInstance","I002","white","affix","耗念效率","ItemInstanceProjectionContract.Affixes + ItemAffixPoolAndRangeSchema","+2.06%","Debug retains slot/affix/profile/raw/formatted/range","PASS"
"GeneratedInstance","I002","white","identity","五雷急符","ItemInnerDataCatalog + ItemInstanceProjectionContract identity","Chinese header/meta","itemInstanceId/baseItemId/rarity/generation trace","PASS"
"GeneratedInstance","I002","white","core","核心效果","eligibleCoreEffectIds + visibleCoreEffectIds + candidate descriptors","visible names and hidden count","all eligible/visible IDs","PASS"
"GeneratedInstance","I002","white","build","Build","buildQualification + read-only Build snapshot","qualification/count/stage + missing payload placeholder","qualification/build ids/count/state","PASS"
"GeneratedInstance","I002","green","stat","控制","ItemInstanceProjectionContract.Stats + ItemStatRangeSchema","4点","候选区间：3点 ～ 6点","PASS"
"GeneratedInstance","I002","green","stat","冷却","ItemInstanceProjectionContract.Stats + ItemStatRangeSchema","5回合","候选区间：5回合 ～ 5回合","PASS"
"GeneratedInstance","I002","green","stat","伤害","ItemInstanceProjectionContract.Stats + ItemStatRangeSchema","23","候选区间：16 ～ 23","PASS"
"GeneratedInstance","I002","green","stat","耗念","ItemInstanceProjectionContract.Stats + ItemStatRangeSchema","5点","候选区间：5点 ～ 5点","PASS"
"GeneratedInstance","I002","green","affix","伤害提升","ItemInstanceProjectionContract.Affixes + ItemAffixPoolAndRangeSchema","+6.49%","Debug retains slot/affix/profile/raw/formatted/range","PASS"
"GeneratedInstance","I002","green","affix","控制提升","ItemInstanceProjectionContract.Affixes + ItemAffixPoolAndRangeSchema","+5点","Debug retains slot/affix/profile/raw/formatted/range","PASS"
"GeneratedInstance","I002","green","identity","五雷急符","ItemInnerDataCatalog + ItemInstanceProjectionContract identity","Chinese header/meta","itemInstanceId/baseItemId/rarity/generation trace","PASS"
"GeneratedInstance","I002","green","core","核心效果","eligibleCoreEffectIds + visibleCoreEffectIds + candidate descriptors","visible names and hidden count","all eligible/visible IDs","PASS"
"GeneratedInstance","I002","green","build","Build","buildQualification + read-only Build snapshot","qualification/count/stage + missing payload placeholder","qualification/build ids/count/state","PASS"
"GeneratedInstance","I002","blue","stat","控制","ItemInstanceProjectionContract.Stats + ItemStatRangeSchema","6点","候选区间：5点 ～ 8点","PASS"
"GeneratedInstance","I002","blue","stat","冷却","ItemInstanceProjectionContract.Stats + ItemStatRangeSchema","5回合","候选区间：4回合 ～ 5回合","PASS"
"GeneratedInstance","I002","blue","stat","伤害","ItemInstanceProjectionContract.Stats + ItemStatRangeSchema","29","候选区间：22 ～ 29","PASS"
"GeneratedInstance","I002","blue","stat","耗念","ItemInstanceProjectionContract.Stats + ItemStatRangeSchema","5点","候选区间：4点 ～ 5点","PASS"
"GeneratedInstance","I002","blue","affix","伤害提升","ItemInstanceProjectionContract.Affixes + ItemAffixPoolAndRangeSchema","+7.71%","Debug retains slot/affix/profile/raw/formatted/range","PASS"
"GeneratedInstance","I002","blue","affix","耗念效率","ItemInstanceProjectionContract.Affixes + ItemAffixPoolAndRangeSchema","+7.69%","Debug retains slot/affix/profile/raw/formatted/range","PASS"
"GeneratedInstance","I002","blue","identity","五雷急符","ItemInnerDataCatalog + ItemInstanceProjectionContract identity","Chinese header/meta","itemInstanceId/baseItemId/rarity/generation trace","PASS"
"GeneratedInstance","I002","blue","core","核心效果","eligibleCoreEffectIds + visibleCoreEffectIds + candidate descriptors","visible names and hidden count","all eligible/visible IDs","PASS"
"GeneratedInstance","I002","blue","build","Build","buildQualification + read-only Build snapshot","qualification/count/stage + missing payload placeholder","qualification/build ids/count/state","PASS"
"GeneratedInstance","I002","purple","stat","控制","ItemInstanceProjectionContract.Stats + ItemStatRangeSchema","8点","候选区间：7点 ～ 9点","PASS"
"GeneratedInstance","I002","purple","stat","冷却","ItemInstanceProjectionContract.Stats + ItemStatRangeSchema","4回合","候选区间：3回合 ～ 4回合","PASS"
"GeneratedInstance","I002","purple","stat","伤害","ItemInstanceProjectionContract.Stats + ItemStatRangeSchema","31","候选区间：26 ～ 32","PASS"
"GeneratedInstance","I002","purple","stat","耗念","ItemInstanceProjectionContract.Stats + ItemStatRangeSchema","3点","候选区间：3点 ～ 4点","PASS"
"GeneratedInstance","I002","purple","affix","伤害提升","ItemInstanceProjectionContract.Affixes + ItemAffixPoolAndRangeSchema","+10.56%","Debug retains slot/affix/profile/raw/formatted/range","PASS"
"GeneratedInstance","I002","purple","affix","耗念效率","ItemInstanceProjectionContract.Affixes + ItemAffixPoolAndRangeSchema","+12.57%","Debug retains slot/affix/profile/raw/formatted/range","PASS"
"GeneratedInstance","I002","purple","identity","五雷急符","ItemInnerDataCatalog + ItemInstanceProjectionContract identity","Chinese header/meta","itemInstanceId/baseItemId/rarity/generation trace","PASS"
"GeneratedInstance","I002","purple","core","核心效果","eligibleCoreEffectIds + visibleCoreEffectIds + candidate descriptors","visible names and hidden count","all eligible/visible IDs","PASS"
"GeneratedInstance","I002","purple","build","Build","buildQualification + read-only Build snapshot","qualification/count/stage + missing payload placeholder","qualification/build ids/count/state","PASS"
"GeneratedInstance","I002","orange","stat","控制","ItemInstanceProjectionContract.Stats + ItemStatRangeSchema","10点","候选区间：9点 ～ 10点","PASS"
"GeneratedInstance","I002","orange","stat","冷却","ItemInstanceProjectionContract.Stats + ItemStatRangeSchema","3回合","候选区间：3回合 ～ 4回合","PASS"
"GeneratedInstance","I002","orange","stat","伤害","ItemInstanceProjectionContract.Stats + ItemStatRangeSchema","34","候选区间：31 ～ 34","PASS"
"GeneratedInstance","I002","orange","stat","耗念","ItemInstanceProjectionContract.Stats + ItemStatRangeSchema","3点","候选区间：3点 ～ 4点","PASS"
"GeneratedInstance","I002","orange","affix","伤害提升","ItemInstanceProjectionContract.Affixes + ItemAffixPoolAndRangeSchema","+13.92%","Debug retains slot/affix/profile/raw/formatted/range","PASS"
"GeneratedInstance","I002","orange","affix","冷却缩减","ItemInstanceProjectionContract.Affixes + ItemAffixPoolAndRangeSchema","+16.13%","Debug retains slot/affix/profile/raw/formatted/range","PASS"
"GeneratedInstance","I002","orange","identity","五雷急符","ItemInnerDataCatalog + ItemInstanceProjectionContract identity","Chinese header/meta","itemInstanceId/baseItemId/rarity/generation trace","PASS"
"GeneratedInstance","I002","orange","core","核心效果","eligibleCoreEffectIds + visibleCoreEffectIds + candidate descriptors","visible names and hidden count","all eligible/visible IDs","PASS"
"GeneratedInstance","I002","orange","build","Build","buildQualification + read-only Build snapshot","qualification/count/stage + missing payload placeholder","qualification/build ids/count/state","PASS"
"GeneratedInstance","I003","white","stat","破盾","ItemInstanceProjectionContract.Stats + ItemStatRangeSchema","20","候选区间：16 ～ 23","PASS"
"GeneratedInstance","I003","white","stat","冷却","ItemInstanceProjectionContract.Stats + ItemStatRangeSchema","7回合","候选区间：6回合 ～ 7回合","PASS"
"GeneratedInstance","I003","white","stat","伤害","ItemInstanceProjectionContract.Stats + ItemStatRangeSchema","18","候选区间：13 ～ 18","PASS"
"GeneratedInstance","I003","white","stat","耗念","ItemInstanceProjectionContract.Stats + ItemStatRangeSchema","7点","候选区间：6点 ～ 7点","PASS"
"GeneratedInstance","I003","white","affix","破盾提升","ItemInstanceProjectionContract.Affixes + ItemAffixPoolAndRangeSchema","+3.17%","Debug retains slot/affix/profile/raw/formatted/range","PASS"
"GeneratedInstance","I003","white","affix","伤害提升","ItemInstanceProjectionContract.Affixes + ItemAffixPoolAndRangeSchema","+3.55%","Debug retains slot/affix/profile/raw/formatted/range","PASS"
"GeneratedInstance","I003","white","identity","震雷破壳印","ItemInnerDataCatalog + ItemInstanceProjectionContract identity","Chinese header/meta","itemInstanceId/baseItemId/rarity/generation trace","PASS"
"GeneratedInstance","I003","white","core","核心效果","eligibleCoreEffectIds + visibleCoreEffectIds + candidate descriptors","visible names and hidden count","all eligible/visible IDs","PASS"
"GeneratedInstance","I003","white","build","Build","buildQualification + read-only Build snapshot","qualification/count/stage + missing payload placeholder","qualification/build ids/count/state","PASS"
"GeneratedInstance","I003","green","stat","破盾","ItemInstanceProjectionContract.Stats + ItemStatRangeSchema","29","候选区间：21 ～ 30","PASS"
"GeneratedInstance","I003","green","stat","冷却","ItemInstanceProjectionContract.Stats + ItemStatRangeSchema","6回合","候选区间：6回合 ～ 6回合","PASS"
"GeneratedInstance","I003","green","stat","伤害","ItemInstanceProjectionContract.Stats + ItemStatRangeSchema","23","候选区间：17 ～ 24","PASS"
"GeneratedInstance","I003","green","stat","耗念","ItemInstanceProjectionContract.Stats + ItemStatRangeSchema","6点","候选区间：6点 ～ 6点","PASS"
"GeneratedInstance","I003","green","affix","破盾提升","ItemInstanceProjectionContract.Affixes + ItemAffixPoolAndRangeSchema","+4.51%","Debug retains slot/affix/profile/raw/formatted/range","PASS"
"GeneratedInstance","I003","green","affix","伤害提升","ItemInstanceProjectionContract.Affixes + ItemAffixPoolAndRangeSchema","+3.6%","Debug retains slot/affix/profile/raw/formatted/range","PASS"
"GeneratedInstance","I003","green","identity","震雷破壳印","ItemInnerDataCatalog + ItemInstanceProjectionContract identity","Chinese header/meta","itemInstanceId/baseItemId/rarity/generation trace","PASS"
"GeneratedInstance","I003","green","core","核心效果","eligibleCoreEffectIds + visibleCoreEffectIds + candidate descriptors","visible names and hidden count","all eligible/visible IDs","PASS"
"GeneratedInstance","I003","green","build","Build","buildQualification + read-only Build snapshot","qualification/count/stage + missing payload placeholder","qualification/build ids/count/state","PASS"
"GeneratedInstance","I003","blue","stat","破盾","ItemInstanceProjectionContract.Stats + ItemStatRangeSchema","32","候选区间：28 ～ 36","PASS"
"GeneratedInstance","I003","blue","stat","冷却","ItemInstanceProjectionContract.Stats + ItemStatRangeSchema","6回合","候选区间：5回合 ～ 6回合","PASS"
"GeneratedInstance","I003","blue","stat","伤害","ItemInstanceProjectionContract.Stats + ItemStatRangeSchema","25","候选区间：22 ～ 29","PASS"
"GeneratedInstance","I003","blue","stat","耗念","ItemInstanceProjectionContract.Stats + ItemStatRangeSchema","5点","候选区间：5点 ～ 6点","PASS"
"GeneratedInstance","I003","blue","affix","破盾提升","ItemInstanceProjectionContract.Affixes + ItemAffixPoolAndRangeSchema","+7.98%","Debug retains slot/affix/profile/raw/formatted/range","PASS"
"GeneratedInstance","I003","blue","affix","耗念效率","ItemInstanceProjectionContract.Affixes + ItemAffixPoolAndRangeSchema","+8.53%","Debug retains slot/affix/profile/raw/formatted/range","PASS"
"GeneratedInstance","I003","blue","identity","震雷破壳印","ItemInnerDataCatalog + ItemInstanceProjectionContract identity","Chinese header/meta","itemInstanceId/baseItemId/rarity/generation trace","PASS"
"GeneratedInstance","I003","blue","core","核心效果","eligibleCoreEffectIds + visibleCoreEffectIds + candidate descriptors","visible names and hidden count","all eligible/visible IDs","PASS"
"GeneratedInstance","I003","blue","build","Build","buildQualification + read-only Build snapshot","qualification/count/stage + missing payload placeholder","qualification/build ids/count/state","PASS"
"GeneratedInstance","I003","purple","stat","破盾","ItemInstanceProjectionContract.Stats + ItemStatRangeSchema","39","候选区间：34 ～ 40","PASS"
"GeneratedInstance","I003","purple","stat","冷却","ItemInstanceProjectionContract.Stats + ItemStatRangeSchema","5回合","候选区间：4回合 ～ 5回合","PASS"
"GeneratedInstance","I003","purple","stat","伤害","ItemInstanceProjectionContract.Stats + ItemStatRangeSchema","28","候选区间：27 ～ 32","PASS"
"GeneratedInstance","I003","purple","stat","耗念","ItemInstanceProjectionContract.Stats + ItemStatRangeSchema","4点","候选区间：4点 ～ 5点","PASS"
"GeneratedInstance","I003","purple","affix","破盾提升","ItemInstanceProjectionContract.Affixes + ItemAffixPoolAndRangeSchema","+10.32%","Debug retains slot/affix/profile/raw/formatted/range","PASS"
"GeneratedInstance","I003","purple","affix","耗念效率","ItemInstanceProjectionContract.Affixes + ItemAffixPoolAndRangeSchema","+9.76%","Debug retains slot/affix/profile/raw/formatted/range","PASS"
"GeneratedInstance","I003","purple","identity","震雷破壳印","ItemInnerDataCatalog + ItemInstanceProjectionContract identity","Chinese header/meta","itemInstanceId/baseItemId/rarity/generation trace","PASS"
"GeneratedInstance","I003","purple","core","核心效果","eligibleCoreEffectIds + visibleCoreEffectIds + candidate descriptors","visible names and hidden count","all eligible/visible IDs","PASS"
"GeneratedInstance","I003","purple","build","Build","buildQualification + read-only Build snapshot","qualification/count/stage + missing payload placeholder","qualification/build ids/count/state","PASS"
"GeneratedInstance","I003","orange","stat","破盾","ItemInstanceProjectionContract.Stats + ItemStatRangeSchema","40","候选区间：39 ～ 43","PASS"
"GeneratedInstance","I003","orange","stat","冷却","ItemInstanceProjectionContract.Stats + ItemStatRangeSchema","5回合","候选区间：4回合 ～ 5回合","PASS"
"GeneratedInstance","I003","orange","stat","伤害","ItemInstanceProjectionContract.Stats + ItemStatRangeSchema","33","候选区间：31 ～ 34","PASS"
"GeneratedInstance","I003","orange","stat","耗念","ItemInstanceProjectionContract.Stats + ItemStatRangeSchema","5点","候选区间：4点 ～ 5点","PASS"
"GeneratedInstance","I003","orange","affix","破盾提升","ItemInstanceProjectionContract.Affixes + ItemAffixPoolAndRangeSchema","+17.17%","Debug retains slot/affix/profile/raw/formatted/range","PASS"
"GeneratedInstance","I003","orange","affix","耗念效率","ItemInstanceProjectionContract.Affixes + ItemAffixPoolAndRangeSchema","+18%","Debug retains slot/affix/profile/raw/formatted/range","PASS"
"GeneratedInstance","I003","orange","identity","震雷破壳印","ItemInnerDataCatalog + ItemInstanceProjectionContract identity","Chinese header/meta","itemInstanceId/baseItemId/rarity/generation trace","PASS"
"GeneratedInstance","I003","orange","core","核心效果","eligibleCoreEffectIds + visibleCoreEffectIds + candidate descriptors","visible names and hidden count","all eligible/visible IDs","PASS"
"GeneratedInstance","I003","orange","build","Build","buildQualification + read-only Build snapshot","qualification/count/stage + missing payload placeholder","qualification/build ids/count/state","PASS"
"GeneratedInstance","I004","white","stat","控制","ItemInstanceProjectionContract.Stats + ItemStatRangeSchema","2点","候选区间：1点 ～ 3点","PASS"
"GeneratedInstance","I004","white","stat","冷却","ItemInstanceProjectionContract.Stats + ItemStatRangeSchema","4回合","候选区间：4回合 ～ 5回合","PASS"
"GeneratedInstance","I004","white","stat","伤害","ItemInstanceProjectionContract.Stats + ItemStatRangeSchema","14","候选区间：10 ～ 14","PASS"
"GeneratedInstance","I004","white","stat","耗念","ItemInstanceProjectionContract.Stats + ItemStatRangeSchema","5点","候选区间：5点 ～ 6点","PASS"
"GeneratedInstance","I004","white","affix","控制提升","ItemInstanceProjectionContract.Affixes + ItemAffixPoolAndRangeSchema","+1点","Debug retains slot/affix/profile/raw/formatted/range","PASS"
"GeneratedInstance","I004","white","affix","耗念效率","ItemInstanceProjectionContract.Affixes + ItemAffixPoolAndRangeSchema","+3.53%","Debug retains slot/affix/profile/raw/formatted/range","PASS"
"GeneratedInstance","I004","white","identity","五雷急令","ItemInnerDataCatalog + ItemInstanceProjectionContract identity","Chinese header/meta","itemInstanceId/baseItemId/rarity/generation trace","PASS"
"GeneratedInstance","I004","white","core","核心效果","eligibleCoreEffectIds + visibleCoreEffectIds + candidate descriptors","visible names and hidden count","all eligible/visible IDs","PASS"
"GeneratedInstance","I004","white","build","Build","buildQualification + read-only Build snapshot","qualification/count/stage + missing payload placeholder","qualification/build ids/count/state","PASS"
"GeneratedInstance","I004","green","stat","控制","ItemInstanceProjectionContract.Stats + ItemStatRangeSchema","5点","候选区间：3点 ～ 6点","PASS"
"GeneratedInstance","I004","green","stat","冷却","ItemInstanceProjectionContract.Stats + ItemStatRangeSchema","4回合","候选区间：4回合 ～ 4回合","PASS"
"GeneratedInstance","I004","green","stat","伤害","ItemInstanceProjectionContract.Stats + ItemStatRangeSchema","17","候选区间：13 ～ 19","PASS"
"GeneratedInstance","I004","green","stat","耗念","ItemInstanceProjectionContract.Stats + ItemStatRangeSchema","5点","候选区间：5点 ～ 5点","PASS"
"GeneratedInstance","I004","green","affix","控制提升","ItemInstanceProjectionContract.Affixes + ItemAffixPoolAndRangeSchema","+4点","Debug retains slot/affix/profile/raw/formatted/range","PASS"
"GeneratedInstance","I004","green","affix","伤害提升","ItemInstanceProjectionContract.Affixes + ItemAffixPoolAndRangeSchema","+5.87%","Debug retains slot/affix/profile/raw/formatted/range","PASS"
"GeneratedInstance","I004","green","identity","五雷急令","ItemInnerDataCatalog + ItemInstanceProjectionContract identity","Chinese header/meta","itemInstanceId/baseItemId/rarity/generation trace","PASS"
"GeneratedInstance","I004","green","core","核心效果","eligibleCoreEffectIds + visibleCoreEffectIds + candidate descriptors","visible names and hidden count","all eligible/visible IDs","PASS"
"GeneratedInstance","I004","green","build","Build","buildQualification + read-only Build snapshot","qualification/count/stage + missing payload placeholder","qualification/build ids/count/state","PASS"
"GeneratedInstance","I004","blue","stat","控制","ItemInstanceProjectionContract.Stats + ItemStatRangeSchema","6点","候选区间：5点 ～ 8点","PASS"
"GeneratedInstance","I004","blue","stat","冷却","ItemInstanceProjectionContract.Stats + ItemStatRangeSchema","4回合","候选区间：3回合 ～ 4回合","PASS"
"GeneratedInstance","I004","blue","stat","伤害","ItemInstanceProjectionContract.Stats + ItemStatRangeSchema","20","候选区间：18 ～ 23","PASS"
"GeneratedInstance","I004","blue","stat","耗念","ItemInstanceProjectionContract.Stats + ItemStatRangeSchema","4点","候选区间：4点 ～ 5点","PASS"
"GeneratedInstance","I004","blue","affix","控制提升","ItemInstanceProjectionContract.Affixes + ItemAffixPoolAndRangeSchema","+6点","Debug retains slot/affix/profile/raw/formatted/range","PASS"
"GeneratedInstance","I004","blue","affix","耗念效率","ItemInstanceProjectionContract.Affixes + ItemAffixPoolAndRangeSchema","+6.61%","Debug retains slot/affix/profile/raw/formatted/range","PASS"
"GeneratedInstance","I004","blue","identity","五雷急令","ItemInnerDataCatalog + ItemInstanceProjectionContract identity","Chinese header/meta","itemInstanceId/baseItemId/rarity/generation trace","PASS"
"GeneratedInstance","I004","blue","core","核心效果","eligibleCoreEffectIds + visibleCoreEffectIds + candidate descriptors","visible names and hidden count","all eligible/visible IDs","PASS"
"GeneratedInstance","I004","blue","build","Build","buildQualification + read-only Build snapshot","qualification/count/stage + missing payload placeholder","qualification/build ids/count/state","PASS"
"GeneratedInstance","I004","purple","stat","控制","ItemInstanceProjectionContract.Stats + ItemStatRangeSchema","7点","候选区间：7点 ～ 9点","PASS"
"GeneratedInstance","I004","purple","stat","冷却","ItemInstanceProjectionContract.Stats + ItemStatRangeSchema","3回合","候选区间：2回合 ～ 3回合","PASS"
"GeneratedInstance","I004","purple","stat","伤害","ItemInstanceProjectionContract.Stats + ItemStatRangeSchema","24","候选区间：21 ～ 25","PASS"
"GeneratedInstance","I004","purple","stat","耗念","ItemInstanceProjectionContract.Stats + ItemStatRangeSchema","4点","候选区间：3点 ～ 4点","PASS"
"GeneratedInstance","I004","purple","affix","控制提升","ItemInstanceProjectionContract.Affixes + ItemAffixPoolAndRangeSchema","+9点","Debug retains slot/affix/profile/raw/formatted/range","PASS"
"GeneratedInstance","I004","purple","affix","耗念效率","ItemInstanceProjectionContract.Affixes + ItemAffixPoolAndRangeSchema","+9.88%","Debug retains slot/affix/profile/raw/formatted/range","PASS"
"GeneratedInstance","I004","purple","identity","五雷急令","ItemInnerDataCatalog + ItemInstanceProjectionContract identity","Chinese header/meta","itemInstanceId/baseItemId/rarity/generation trace","PASS"
"GeneratedInstance","I004","purple","core","核心效果","eligibleCoreEffectIds + visibleCoreEffectIds + candidate descriptors","visible names and hidden count","all eligible/visible IDs","PASS"
"GeneratedInstance","I004","purple","build","Build","buildQualification + read-only Build snapshot","qualification/count/stage + missing payload placeholder","qualification/build ids/count/state","PASS"
"GeneratedInstance","I004","orange","stat","控制","ItemInstanceProjectionContract.Stats + ItemStatRangeSchema","9点","候选区间：9点 ～ 10点","PASS"
"GeneratedInstance","I004","orange","stat","冷却","ItemInstanceProjectionContract.Stats + ItemStatRangeSchema","2回合","候选区间：2回合 ～ 3回合","PASS"
"GeneratedInstance","I004","orange","stat","伤害","ItemInstanceProjectionContract.Stats + ItemStatRangeSchema","24","候选区间：24 ～ 27","PASS"
"GeneratedInstance","I004","orange","stat","耗念","ItemInstanceProjectionContract.Stats + ItemStatRangeSchema","4点","候选区间：3点 ～ 4点","PASS"
"GeneratedInstance","I004","orange","affix","控制提升","ItemInstanceProjectionContract.Affixes + ItemAffixPoolAndRangeSchema","+9点","Debug retains slot/affix/profile/raw/formatted/range","PASS"
"GeneratedInstance","I004","orange","affix","冷却缩减","ItemInstanceProjectionContract.Affixes + ItemAffixPoolAndRangeSchema","+16.16%","Debug retains slot/affix/profile/raw/formatted/range","PASS"
"GeneratedInstance","I004","orange","identity","五雷急令","ItemInnerDataCatalog + ItemInstanceProjectionContract identity","Chinese header/meta","itemInstanceId/baseItemId/rarity/generation trace","PASS"
"GeneratedInstance","I004","orange","core","核心效果","eligibleCoreEffectIds + visibleCoreEffectIds + candidate descriptors","visible names and hidden count","all eligible/visible IDs","PASS"
"GeneratedInstance","I004","orange","build","Build","buildQualification + read-only Build snapshot","qualification/count/stage + missing payload placeholder","qualification/build ids/count/state","PASS"
"GeneratedInstance","I005","white","stat","破盾","ItemInstanceProjectionContract.Stats + ItemStatRangeSchema","14","候选区间：14 ～ 21","PASS"
"GeneratedInstance","I005","white","stat","控制","ItemInstanceProjectionContract.Stats + ItemStatRangeSchema","3点","候选区间：1点 ～ 3点","PASS"
"GeneratedInstance","I005","white","stat","冷却","ItemInstanceProjectionContract.Stats + ItemStatRangeSchema","6回合","候选区间：5回合 ～ 6回合","PASS"
"GeneratedInstance","I005","white","stat","耗念","ItemInstanceProjectionContract.Stats + ItemStatRangeSchema","7点","候选区间：6点 ～ 7点","PASS"
"GeneratedInstance","I005","white","affix","破盾提升","ItemInstanceProjectionContract.Affixes + ItemAffixPoolAndRangeSchema","+2.84%","Debug retains slot/affix/profile/raw/formatted/range","PASS"
"GeneratedInstance","I005","white","affix","冷却缩减","ItemInstanceProjectionContract.Affixes + ItemAffixPoolAndRangeSchema","+3.32%","Debug retains slot/affix/profile/raw/formatted/range","PASS"
"GeneratedInstance","I005","white","identity","照壳雷镜","ItemInnerDataCatalog + ItemInstanceProjectionContract identity","Chinese header/meta","itemInstanceId/baseItemId/rarity/generation trace","PASS"
"GeneratedInstance","I005","white","core","核心效果","eligibleCoreEffectIds + visibleCoreEffectIds + candidate descriptors","visible names and hidden count","all eligible/visible IDs","PASS"
"GeneratedInstance","I005","white","build","Build","buildQualification + read-only Build snapshot","qualification/count/stage + missing payload placeholder","qualification/build ids/count/state","PASS"
"GeneratedInstance","I005","green","stat","破盾","ItemInstanceProjectionContract.Stats + ItemStatRangeSchema","22","候选区间：19 ～ 27","PASS"
"GeneratedInstance","I005","green","stat","控制","ItemInstanceProjectionContract.Stats + ItemStatRangeSchema","3点","候选区间：3点 ～ 6点","PASS"
"GeneratedInstance","I005","green","stat","冷却","ItemInstanceProjectionContract.Stats + ItemStatRangeSchema","5回合","候选区间：5回合 ～ 5回合","PASS"
"GeneratedInstance","I005","green","stat","耗念","ItemInstanceProjectionContract.Stats + ItemStatRangeSchema","5点","候选区间：5点 ～ 6点","PASS"
"GeneratedInstance","I005","green","affix","破盾提升","ItemInstanceProjectionContract.Affixes + ItemAffixPoolAndRangeSchema","+4.73%","Debug retains slot/affix/profile/raw/formatted/range","PASS"
"GeneratedInstance","I005","green","affix","控制提升","ItemInstanceProjectionContract.Affixes + ItemAffixPoolAndRangeSchema","+5点","Debug retains slot/affix/profile/raw/formatted/range","PASS"
"GeneratedInstance","I005","green","identity","照壳雷镜","ItemInnerDataCatalog + ItemInstanceProjectionContract identity","Chinese header/meta","itemInstanceId/baseItemId/rarity/generation trace","PASS"
"GeneratedInstance","I005","green","core","核心效果","eligibleCoreEffectIds + visibleCoreEffectIds + candidate descriptors","visible names and hidden count","all eligible/visible IDs","PASS"
"GeneratedInstance","I005","green","build","Build","buildQualification + read-only Build snapshot","qualification/count/stage + missing payload placeholder","qualification/build ids/count/state","PASS"
"GeneratedInstance","I005","blue","stat","破盾","ItemInstanceProjectionContract.Stats + ItemStatRangeSchema","30","候选区间：26 ～ 34","PASS"
"GeneratedInstance","I005","blue","stat","控制","ItemInstanceProjectionContract.Stats + ItemStatRangeSchema","7点","候选区间：5点 ～ 8点","PASS"
"GeneratedInstance","I005","blue","stat","冷却","ItemInstanceProjectionContract.Stats + ItemStatRangeSchema","4回合","候选区间：4回合 ～ 5回合","PASS"
"GeneratedInstance","I005","blue","stat","耗念","ItemInstanceProjectionContract.Stats + ItemStatRangeSchema","5点","候选区间：4点 ～ 5点","PASS"
"GeneratedInstance","I005","blue","affix","破盾提升","ItemInstanceProjectionContract.Affixes + ItemAffixPoolAndRangeSchema","+5.86%","Debug retains slot/affix/profile/raw/formatted/range","PASS"
"GeneratedInstance","I005","blue","affix","控制提升","ItemInstanceProjectionContract.Affixes + ItemAffixPoolAndRangeSchema","+7点","Debug retains slot/affix/profile/raw/formatted/range","PASS"
"GeneratedInstance","I005","blue","identity","照壳雷镜","ItemInnerDataCatalog + ItemInstanceProjectionContract identity","Chinese header/meta","itemInstanceId/baseItemId/rarity/generation trace","PASS"
"GeneratedInstance","I005","blue","core","核心效果","eligibleCoreEffectIds + visibleCoreEffectIds + candidate descriptors","visible names and hidden count","all eligible/visible IDs","PASS"
"GeneratedInstance","I005","blue","build","Build","buildQualification + read-only Build snapshot","qualification/count/stage + missing payload placeholder","qualification/build ids/count/state","PASS"
"GeneratedInstance","I005","purple","stat","破盾","ItemInstanceProjectionContract.Stats + ItemStatRangeSchema","35","候选区间：31 ～ 37","PASS"
"GeneratedInstance","I005","purple","stat","控制","ItemInstanceProjectionContract.Stats + ItemStatRangeSchema","8点","候选区间：7点 ～ 9点","PASS"
"GeneratedInstance","I005","purple","stat","冷却","ItemInstanceProjectionContract.Stats + ItemStatRangeSchema","3回合","候选区间：3回合 ～ 4回合","PASS"
"GeneratedInstance","I005","purple","stat","耗念","ItemInstanceProjectionContract.Stats + ItemStatRangeSchema","3点","候选区间：3点 ～ 4点","PASS"
"GeneratedInstance","I005","purple","affix","破盾提升","ItemInstanceProjectionContract.Affixes + ItemAffixPoolAndRangeSchema","+10.87%","Debug retains slot/affix/profile/raw/formatted/range","PASS"
"GeneratedInstance","I005","purple","affix","控制提升","ItemInstanceProjectionContract.Affixes + ItemAffixPoolAndRangeSchema","+8点","Debug retains slot/affix/profile/raw/formatted/range","PASS"
"GeneratedInstance","I005","purple","identity","照壳雷镜","ItemInnerDataCatalog + ItemInstanceProjectionContract identity","Chinese header/meta","itemInstanceId/baseItemId/rarity/generation trace","PASS"
"GeneratedInstance","I005","purple","core","核心效果","eligibleCoreEffectIds + visibleCoreEffectIds + candidate descriptors","visible names and hidden count","all eligible/visible IDs","PASS"
"GeneratedInstance","I005","purple","build","Build","buildQualification + read-only Build snapshot","qualification/count/stage + missing payload placeholder","qualification/build ids/count/state","PASS"
"GeneratedInstance","I005","orange","stat","破盾","ItemInstanceProjectionContract.Stats + ItemStatRangeSchema","40","候选区间：36 ～ 40","PASS"
"GeneratedInstance","I005","orange","stat","控制","ItemInstanceProjectionContract.Stats + ItemStatRangeSchema","9点","候选区间：9点 ～ 10点","PASS"
"GeneratedInstance","I005","orange","stat","冷却","ItemInstanceProjectionContract.Stats + ItemStatRangeSchema","4回合","候选区间：3回合 ～ 4回合","PASS"
"GeneratedInstance","I005","orange","stat","耗念","ItemInstanceProjectionContract.Stats + ItemStatRangeSchema","3点","候选区间：3点 ～ 4点","PASS"
"GeneratedInstance","I005","orange","affix","破盾提升","ItemInstanceProjectionContract.Affixes + ItemAffixPoolAndRangeSchema","+17.28%","Debug retains slot/affix/profile/raw/formatted/range","PASS"
"GeneratedInstance","I005","orange","affix","冷却缩减","ItemInstanceProjectionContract.Affixes + ItemAffixPoolAndRangeSchema","+12.81%","Debug retains slot/affix/profile/raw/formatted/range","PASS"
"GeneratedInstance","I005","orange","identity","照壳雷镜","ItemInnerDataCatalog + ItemInstanceProjectionContract identity","Chinese header/meta","itemInstanceId/baseItemId/rarity/generation trace","PASS"
"GeneratedInstance","I005","orange","core","核心效果","eligibleCoreEffectIds + visibleCoreEffectIds + candidate descriptors","visible names and hidden count","all eligible/visible IDs","PASS"
"GeneratedInstance","I005","orange","build","Build","buildQualification + read-only Build snapshot","qualification/count/stage + missing payload placeholder","qualification/build ids/count/state","PASS"
"GeneratedInstance","I006","white","stat","控制","ItemInstanceProjectionContract.Stats + ItemStatRangeSchema","3点","候选区间：1点 ～ 3点","PASS"
"GeneratedInstance","I006","white","stat","冷却","ItemInstanceProjectionContract.Stats + ItemStatRangeSchema","7回合","候选区间：7回合 ～ 8回合","PASS"
"GeneratedInstance","I006","white","stat","伤害","ItemInstanceProjectionContract.Stats + ItemStatRangeSchema","27","候选区间：24 ～ 34","PASS"
"GeneratedInstance","I006","white","stat","耗念","ItemInstanceProjectionContract.Stats + ItemStatRangeSchema","9点","候选区间：8点 ～ 9点","PASS"
"GeneratedInstance","I006","white","affix","伤害提升","ItemInstanceProjectionContract.Affixes + ItemAffixPoolAndRangeSchema","+3.04%","Debug retains slot/affix/profile/raw/formatted/range","PASS"
"GeneratedInstance","I006","white","affix","控制提升","ItemInstanceProjectionContract.Affixes + ItemAffixPoolAndRangeSchema","+3点","Debug retains slot/affix/profile/raw/formatted/range","PASS"
"GeneratedInstance","I006","white","identity","天鼓槌","ItemInnerDataCatalog + ItemInstanceProjectionContract identity","Chinese header/meta","itemInstanceId/baseItemId/rarity/generation trace","PASS"
"GeneratedInstance","I006","white","core","核心效果","eligibleCoreEffectIds + visibleCoreEffectIds + candidate descriptors","visible names and hidden count","all eligible/visible IDs","PASS"
"GeneratedInstance","I006","white","build","Build","buildQualification + read-only Build snapshot","qualification/count/stage + missing payload placeholder","qualification/build ids/count/state","PASS"
"GeneratedInstance","I006","green","stat","控制","ItemInstanceProjectionContract.Stats + ItemStatRangeSchema","5点","候选区间：3点 ～ 6点","PASS"
"GeneratedInstance","I006","green","stat","冷却","ItemInstanceProjectionContract.Stats + ItemStatRangeSchema","7回合","候选区间：7回合 ～ 7回合","PASS"
"GeneratedInstance","I006","green","stat","伤害","ItemInstanceProjectionContract.Stats + ItemStatRangeSchema","43","候选区间：32 ～ 44","PASS"
"GeneratedInstance","I006","green","stat","耗念","ItemInstanceProjectionContract.Stats + ItemStatRangeSchema","7点","候选区间：7点 ～ 8点","PASS"
"GeneratedInstance","I006","green","affix","伤害提升","ItemInstanceProjectionContract.Affixes + ItemAffixPoolAndRangeSchema","+5.95%","Debug retains slot/affix/profile/raw/formatted/range","PASS"
"GeneratedInstance","I006","green","affix","冷却缩减","ItemInstanceProjectionContract.Affixes + ItemAffixPoolAndRangeSchema","+5.03%","Debug retains slot/affix/profile/raw/formatted/range","PASS"
"GeneratedInstance","I006","green","identity","天鼓槌","ItemInnerDataCatalog + ItemInstanceProjectionContract identity","Chinese header/meta","itemInstanceId/baseItemId/rarity/generation trace","PASS"
"GeneratedInstance","I006","green","core","核心效果","eligibleCoreEffectIds + visibleCoreEffectIds + candidate descriptors","visible names and hidden count","all eligible/visible IDs","PASS"
"GeneratedInstance","I006","green","build","Build","buildQualification + read-only Build snapshot","qualification/count/stage + missing payload placeholder","qualification/build ids/count/state","PASS"
"GeneratedInstance","I006","blue","stat","控制","ItemInstanceProjectionContract.Stats + ItemStatRangeSchema","8点","候选区间：5点 ～ 8点","PASS"
"GeneratedInstance","I006","blue","stat","冷却","ItemInstanceProjectionContract.Stats + ItemStatRangeSchema","7回合","候选区间：6回合 ～ 7回合","PASS"
"GeneratedInstance","I006","blue","stat","伤害","ItemInstanceProjectionContract.Stats + ItemStatRangeSchema","49","候选区间：42 ～ 54","PASS"
"GeneratedInstance","I006","blue","stat","耗念","ItemInstanceProjectionContract.Stats + ItemStatRangeSchema","6点","候选区间：6点 ～ 7点","PASS"
"GeneratedInstance","I006","blue","affix","伤害提升","ItemInstanceProjectionContract.Affixes + ItemAffixPoolAndRangeSchema","+8.74%","Debug retains slot/affix/profile/raw/formatted/range","PASS"
"GeneratedInstance","I006","blue","affix","耗念效率","ItemInstanceProjectionContract.Affixes + ItemAffixPoolAndRangeSchema","+8.62%","Debug retains slot/affix/profile/raw/formatted/range","PASS"
"GeneratedInstance","I006","blue","identity","天鼓槌","ItemInnerDataCatalog + ItemInstanceProjectionContract identity","Chinese header/meta","itemInstanceId/baseItemId/rarity/generation trace","PASS"
"GeneratedInstance","I006","blue","core","核心效果","eligibleCoreEffectIds + visibleCoreEffectIds + candidate descriptors","visible names and hidden count","all eligible/visible IDs","PASS"
"GeneratedInstance","I006","blue","build","Build","buildQualification + read-only Build snapshot","qualification/count/stage + missing payload placeholder","qualification/build ids/count/state","PASS"
"GeneratedInstance","I006","purple","stat","控制","ItemInstanceProjectionContract.Stats + ItemStatRangeSchema","9点","候选区间：7点 ～ 9点","PASS"
"GeneratedInstance","I006","purple","stat","冷却","ItemInstanceProjectionContract.Stats + ItemStatRangeSchema","6回合","候选区间：5回合 ～ 6回合","PASS"
"GeneratedInstance","I006","purple","stat","伤害","ItemInstanceProjectionContract.Stats + ItemStatRangeSchema","59","候选区间：50 ～ 60","PASS"
"GeneratedInstance","I006","purple","stat","耗念","ItemInstanceProjectionContract.Stats + ItemStatRangeSchema","6点","候选区间：5点 ～ 6点","PASS"
"GeneratedInstance","I006","purple","affix","伤害提升","ItemInstanceProjectionContract.Affixes + ItemAffixPoolAndRangeSchema","+9.29%","Debug retains slot/affix/profile/raw/formatted/range","PASS"
"GeneratedInstance","I006","purple","affix","控制提升","ItemInstanceProjectionContract.Affixes + ItemAffixPoolAndRangeSchema","+7点","Debug retains slot/affix/profile/raw/formatted/range","PASS"
"GeneratedInstance","I006","purple","identity","天鼓槌","ItemInnerDataCatalog + ItemInstanceProjectionContract identity","Chinese header/meta","itemInstanceId/baseItemId/rarity/generation trace","PASS"
"GeneratedInstance","I006","purple","core","核心效果","eligibleCoreEffectIds + visibleCoreEffectIds + candidate descriptors","visible names and hidden count","all eligible/visible IDs","PASS"
"GeneratedInstance","I006","purple","build","Build","buildQualification + read-only Build snapshot","qualification/count/stage + missing payload placeholder","qualification/build ids/count/state","PASS"
"GeneratedInstance","I006","orange","stat","控制","ItemInstanceProjectionContract.Stats + ItemStatRangeSchema","9点","候选区间：9点 ～ 10点","PASS"
"GeneratedInstance","I006","orange","stat","冷却","ItemInstanceProjectionContract.Stats + ItemStatRangeSchema","6回合","候选区间：5回合 ～ 6回合","PASS"
"GeneratedInstance","I006","orange","stat","伤害","ItemInstanceProjectionContract.Stats + ItemStatRangeSchema","63","候选区间：58 ～ 64","PASS"
"GeneratedInstance","I006","orange","stat","耗念","ItemInstanceProjectionContract.Stats + ItemStatRangeSchema","6点","候选区间：5点 ～ 6点","PASS"
"GeneratedInstance","I006","orange","affix","伤害提升","ItemInstanceProjectionContract.Affixes + ItemAffixPoolAndRangeSchema","+13.3%","Debug retains slot/affix/profile/raw/formatted/range","PASS"
"GeneratedInstance","I006","orange","affix","冷却缩减","ItemInstanceProjectionContract.Affixes + ItemAffixPoolAndRangeSchema","+14.1%","Debug retains slot/affix/profile/raw/formatted/range","PASS"
"GeneratedInstance","I006","orange","identity","天鼓槌","ItemInnerDataCatalog + ItemInstanceProjectionContract identity","Chinese header/meta","itemInstanceId/baseItemId/rarity/generation trace","PASS"
"GeneratedInstance","I006","orange","core","核心效果","eligibleCoreEffectIds + visibleCoreEffectIds + candidate descriptors","visible names and hidden count","all eligible/visible IDs","PASS"
"GeneratedInstance","I006","orange","build","Build","buildQualification + read-only Build snapshot","qualification/count/stage + missing payload placeholder","qualification/build ids/count/state","PASS"
"GeneratedInstance","I007","white","stat","冷却","ItemInstanceProjectionContract.Stats + ItemStatRangeSchema","5回合","候选区间：5回合 ～ 6回合","PASS"
"GeneratedInstance","I007","white","stat","伤害","ItemInstanceProjectionContract.Stats + ItemStatRangeSchema","11","候选区间：8 ～ 12","PASS"
"GeneratedInstance","I007","white","stat","持续","ItemInstanceProjectionContract.Stats + ItemStatRangeSchema","2回合","候选区间：1回合 ～ 2回合","PASS"
"GeneratedInstance","I007","white","stat","耗念","ItemInstanceProjectionContract.Stats + ItemStatRangeSchema","4点","候选区间：4点 ～ 5点","PASS"
"GeneratedInstance","I007","white","affix","伤害提升","ItemInstanceProjectionContract.Affixes + ItemAffixPoolAndRangeSchema","+2.58%","Debug retains slot/affix/profile/raw/formatted/range","PASS"
"GeneratedInstance","I007","white","affix","耗念效率","ItemInstanceProjectionContract.Affixes + ItemAffixPoolAndRangeSchema","+2.58%","Debug retains slot/affix/profile/raw/formatted/range","PASS"
"GeneratedInstance","I007","white","identity","离火符","ItemInnerDataCatalog + ItemInstanceProjectionContract identity","Chinese header/meta","itemInstanceId/baseItemId/rarity/generation trace","PASS"
"GeneratedInstance","I007","white","core","核心效果","eligibleCoreEffectIds + visibleCoreEffectIds + candidate descriptors","visible names and hidden count","all eligible/visible IDs","PASS"
"GeneratedInstance","I007","white","build","Build","buildQualification + read-only Build snapshot","qualification/count/stage + missing payload placeholder","qualification/build ids/count/state","PASS"
"GeneratedInstance","I007","green","stat","冷却","ItemInstanceProjectionContract.Stats + ItemStatRangeSchema","5回合","候选区间：5回合 ～ 5回合","PASS"
"GeneratedInstance","I007","green","stat","伤害","ItemInstanceProjectionContract.Stats + ItemStatRangeSchema","13","候选区间：11 ～ 16","PASS"
"GeneratedInstance","I007","green","stat","持续","ItemInstanceProjectionContract.Stats + ItemStatRangeSchema","4回合","候选区间：2回合 ～ 4回合","PASS"
"GeneratedInstance","I007","green","stat","耗念","ItemInstanceProjectionContract.Stats + ItemStatRangeSchema","4点","候选区间：4点 ～ 4点","PASS"
"GeneratedInstance","I007","green","affix","伤害提升","ItemInstanceProjectionContract.Affixes + ItemAffixPoolAndRangeSchema","+3.67%","Debug retains slot/affix/profile/raw/formatted/range","PASS"
"GeneratedInstance","I007","green","affix","耗念效率","ItemInstanceProjectionContract.Affixes + ItemAffixPoolAndRangeSchema","+6.38%","Debug retains slot/affix/profile/raw/formatted/range","PASS"
"GeneratedInstance","I007","green","identity","离火符","ItemInnerDataCatalog + ItemInstanceProjectionContract identity","Chinese header/meta","itemInstanceId/baseItemId/rarity/generation trace","PASS"
"GeneratedInstance","I007","green","core","核心效果","eligibleCoreEffectIds + visibleCoreEffectIds + candidate descriptors","visible names and hidden count","all eligible/visible IDs","PASS"
"GeneratedInstance","I007","green","build","Build","buildQualification + read-only Build snapshot","qualification/count/stage + missing payload placeholder","qualification/build ids/count/state","PASS"
"GeneratedInstance","I007","blue","stat","冷却","ItemInstanceProjectionContract.Stats + ItemStatRangeSchema","4回合","候选区间：4回合 ～ 5回合","PASS"
"GeneratedInstance","I007","blue","stat","伤害","ItemInstanceProjectionContract.Stats + ItemStatRangeSchema","20","候选区间：15 ～ 20","PASS"
"GeneratedInstance","I007","blue","stat","持续","ItemInstanceProjectionContract.Stats + ItemStatRangeSchema","3回合","候选区间：3回合 ～ 5回合","PASS"
"GeneratedInstance","I007","blue","stat","耗念","ItemInstanceProjectionContract.Stats + ItemStatRangeSchema","4点","候选区间：3点 ～ 4点","PASS"
"GeneratedInstance","I007","blue","affix","伤害提升","ItemInstanceProjectionContract.Affixes + ItemAffixPoolAndRangeSchema","+7.02%","Debug retains slot/affix/profile/raw/formatted/range","PASS"
"GeneratedInstance","I007","blue","affix","冷却缩减","ItemInstanceProjectionContract.Affixes + ItemAffixPoolAndRangeSchema","+8.01%","Debug retains slot/affix/profile/raw/formatted/range","PASS"
"GeneratedInstance","I007","blue","identity","离火符","ItemInnerDataCatalog + ItemInstanceProjectionContract identity","Chinese header/meta","itemInstanceId/baseItemId/rarity/generation trace","PASS"
"GeneratedInstance","I007","blue","core","核心效果","eligibleCoreEffectIds + visibleCoreEffectIds + candidate descriptors","visible names and hidden count","all eligible/visible IDs","PASS"
"GeneratedInstance","I007","blue","build","Build","buildQualification + read-only Build snapshot","qualification/count/stage + missing payload placeholder","qualification/build ids/count/state","PASS"
"GeneratedInstance","I007","purple","stat","冷却","ItemInstanceProjectionContract.Stats + ItemStatRangeSchema","4回合","候选区间：3回合 ～ 4回合","PASS"
"GeneratedInstance","I007","purple","stat","伤害","ItemInstanceProjectionContract.Stats + ItemStatRangeSchema","18","候选区间：18 ～ 22","PASS"
"GeneratedInstance","I007","purple","stat","持续","ItemInstanceProjectionContract.Stats + ItemStatRangeSchema","5回合","候选区间：4回合 ～ 5回合","PASS"
"GeneratedInstance","I007","purple","stat","耗念","ItemInstanceProjectionContract.Stats + ItemStatRangeSchema","2点","候选区间：2点 ～ 3点","PASS"
"GeneratedInstance","I007","purple","affix","伤害提升","ItemInstanceProjectionContract.Affixes + ItemAffixPoolAndRangeSchema","+11.99%","Debug retains slot/affix/profile/raw/formatted/range","PASS"
"GeneratedInstance","I007","purple","affix","冷却缩减","ItemInstanceProjectionContract.Affixes + ItemAffixPoolAndRangeSchema","+9.36%","Debug retains slot/affix/profile/raw/formatted/range","PASS"
"GeneratedInstance","I007","purple","identity","离火符","ItemInnerDataCatalog + ItemInstanceProjectionContract identity","Chinese header/meta","itemInstanceId/baseItemId/rarity/generation trace","PASS"
"GeneratedInstance","I007","purple","core","核心效果","eligibleCoreEffectIds + visibleCoreEffectIds + candidate descriptors","visible names and hidden count","all eligible/visible IDs","PASS"
"GeneratedInstance","I007","purple","build","Build","buildQualification + read-only Build snapshot","qualification/count/stage + missing payload placeholder","qualification/build ids/count/state","PASS"
"GeneratedInstance","I007","orange","stat","冷却","ItemInstanceProjectionContract.Stats + ItemStatRangeSchema","4回合","候选区间：3回合 ～ 4回合","PASS"
"GeneratedInstance","I007","orange","stat","伤害","ItemInstanceProjectionContract.Stats + ItemStatRangeSchema","23","候选区间：22 ～ 24","PASS"
"GeneratedInstance","I007","orange","stat","持续","ItemInstanceProjectionContract.Stats + ItemStatRangeSchema","5回合","候选区间：5回合 ～ 6回合","PASS"
"GeneratedInstance","I007","orange","stat","耗念","ItemInstanceProjectionContract.Stats + ItemStatRangeSchema","3点","候选区间：2点 ～ 3点","PASS"
"GeneratedInstance","I007","orange","affix","伤害提升","ItemInstanceProjectionContract.Affixes + ItemAffixPoolAndRangeSchema","+16.8%","Debug retains slot/affix/profile/raw/formatted/range","PASS"
"GeneratedInstance","I007","orange","affix","持续提升","ItemInstanceProjectionContract.Affixes + ItemAffixPoolAndRangeSchema","+5回合","Debug retains slot/affix/profile/raw/formatted/range","PASS"
"GeneratedInstance","I007","orange","identity","离火符","ItemInnerDataCatalog + ItemInstanceProjectionContract identity","Chinese header/meta","itemInstanceId/baseItemId/rarity/generation trace","PASS"
"GeneratedInstance","I007","orange","core","核心效果","eligibleCoreEffectIds + visibleCoreEffectIds + candidate descriptors","visible names and hidden count","all eligible/visible IDs","PASS"
"GeneratedInstance","I007","orange","build","Build","buildQualification + read-only Build snapshot","qualification/count/stage + missing payload placeholder","qualification/build ids/count/state","PASS"
"GeneratedInstance","I008","white","stat","冷却","ItemInstanceProjectionContract.Stats + ItemStatRangeSchema","6回合","候选区间：5回合 ～ 6回合","PASS"
"GeneratedInstance","I008","white","stat","伤害","ItemInstanceProjectionContract.Stats + ItemStatRangeSchema","17","候选区间：12 ～ 18","PASS"
"GeneratedInstance","I008","white","stat","持续","ItemInstanceProjectionContract.Stats + ItemStatRangeSchema","2回合","候选区间：1回合 ～ 2回合","PASS"
"GeneratedInstance","I008","white","stat","耗念","ItemInstanceProjectionContract.Stats + ItemStatRangeSchema","5点","候选区间：5点 ～ 6点","PASS"
"GeneratedInstance","I008","white","affix","伤害提升","ItemInstanceProjectionContract.Affixes + ItemAffixPoolAndRangeSchema","+3.86%","Debug retains slot/affix/profile/raw/formatted/range","PASS"
"GeneratedInstance","I008","white","affix","冷却缩减","ItemInstanceProjectionContract.Affixes + ItemAffixPoolAndRangeSchema","+3.39%","Debug retains slot/affix/profile/raw/formatted/range","PASS"
"GeneratedInstance","I008","white","identity","焚邪长符","ItemInnerDataCatalog + ItemInstanceProjectionContract identity","Chinese header/meta","itemInstanceId/baseItemId/rarity/generation trace","PASS"
"GeneratedInstance","I008","white","core","核心效果","eligibleCoreEffectIds + visibleCoreEffectIds + candidate descriptors","visible names and hidden count","all eligible/visible IDs","PASS"
"GeneratedInstance","I008","white","build","Build","buildQualification + read-only Build snapshot","qualification/count/stage + missing payload placeholder","qualification/build ids/count/state","PASS"
"GeneratedInstance","I008","green","stat","冷却","ItemInstanceProjectionContract.Stats + ItemStatRangeSchema","5回合","候选区间：5回合 ～ 5回合","PASS"
"GeneratedInstance","I008","green","stat","伤害","ItemInstanceProjectionContract.Stats + ItemStatRangeSchema","21","候选区间：16 ～ 23","PASS"
"GeneratedInstance","I008","green","stat","持续","ItemInstanceProjectionContract.Stats + ItemStatRangeSchema","3回合","候选区间：2回合 ～ 4回合","PASS"
"GeneratedInstance","I008","green","stat","耗念","ItemInstanceProjectionContract.Stats + ItemStatRangeSchema","5点","候选区间：5点 ～ 5点","PASS"
"GeneratedInstance","I008","green","affix","伤害提升","ItemInstanceProjectionContract.Affixes + ItemAffixPoolAndRangeSchema","+4.31%","Debug retains slot/affix/profile/raw/formatted/range","PASS"
"GeneratedInstance","I008","green","affix","耗念效率","ItemInstanceProjectionContract.Affixes + ItemAffixPoolAndRangeSchema","+6.12%","Debug retains slot/affix/profile/raw/formatted/range","PASS"
"GeneratedInstance","I008","green","identity","焚邪长符","ItemInnerDataCatalog + ItemInstanceProjectionContract identity","Chinese header/meta","itemInstanceId/baseItemId/rarity/generation trace","PASS"
"GeneratedInstance","I008","green","core","核心效果","eligibleCoreEffectIds + visibleCoreEffectIds + candidate descriptors","visible names and hidden count","all eligible/visible IDs","PASS"
"GeneratedInstance","I008","green","build","Build","buildQualification + read-only Build snapshot","qualification/count/stage + missing payload placeholder","qualification/build ids/count/state","PASS"
"GeneratedInstance","I008","blue","stat","冷却","ItemInstanceProjectionContract.Stats + ItemStatRangeSchema","5回合","候选区间：4回合 ～ 5回合","PASS"
"GeneratedInstance","I008","blue","stat","伤害","ItemInstanceProjectionContract.Stats + ItemStatRangeSchema","27","候选区间：22 ～ 29","PASS"
"GeneratedInstance","I008","blue","stat","持续","ItemInstanceProjectionContract.Stats + ItemStatRangeSchema","3回合","候选区间：3回合 ～ 5回合","PASS"
"GeneratedInstance","I008","blue","stat","耗念","ItemInstanceProjectionContract.Stats + ItemStatRangeSchema","5点","候选区间：4点 ～ 5点","PASS"
"GeneratedInstance","I008","blue","affix","伤害提升","ItemInstanceProjectionContract.Affixes + ItemAffixPoolAndRangeSchema","+7.81%","Debug retains slot/affix/profile/raw/formatted/range","PASS"
"GeneratedInstance","I008","blue","affix","冷却缩减","ItemInstanceProjectionContract.Affixes + ItemAffixPoolAndRangeSchema","+5.96%","Debug retains slot/affix/profile/raw/formatted/range","PASS"
"GeneratedInstance","I008","blue","identity","焚邪长符","ItemInnerDataCatalog + ItemInstanceProjectionContract identity","Chinese header/meta","itemInstanceId/baseItemId/rarity/generation trace","PASS"
"GeneratedInstance","I008","blue","core","核心效果","eligibleCoreEffectIds + visibleCoreEffectIds + candidate descriptors","visible names and hidden count","all eligible/visible IDs","PASS"
"GeneratedInstance","I008","blue","build","Build","buildQualification + read-only Build snapshot","qualification/count/stage + missing payload placeholder","qualification/build ids/count/state","PASS"
"GeneratedInstance","I008","purple","stat","冷却","ItemInstanceProjectionContract.Stats + ItemStatRangeSchema","3回合","候选区间：3回合 ～ 4回合","PASS"
"GeneratedInstance","I008","purple","stat","伤害","ItemInstanceProjectionContract.Stats + ItemStatRangeSchema","29","候选区间：26 ～ 32","PASS"
"GeneratedInstance","I008","purple","stat","持续","ItemInstanceProjectionContract.Stats + ItemStatRangeSchema","4回合","候选区间：4回合 ～ 5回合","PASS"
"GeneratedInstance","I008","purple","stat","耗念","ItemInstanceProjectionContract.Stats + ItemStatRangeSchema","3点","候选区间：3点 ～ 4点","PASS"
"GeneratedInstance","I008","purple","affix","伤害提升","ItemInstanceProjectionContract.Affixes + ItemAffixPoolAndRangeSchema","+11.07%","Debug retains slot/affix/profile/raw/formatted/range","PASS"
"GeneratedInstance","I008","purple","affix","冷却缩减","ItemInstanceProjectionContract.Affixes + ItemAffixPoolAndRangeSchema","+8.11%","Debug retains slot/affix/profile/raw/formatted/range","PASS"
"GeneratedInstance","I008","purple","identity","焚邪长符","ItemInnerDataCatalog + ItemInstanceProjectionContract identity","Chinese header/meta","itemInstanceId/baseItemId/rarity/generation trace","PASS"
"GeneratedInstance","I008","purple","core","核心效果","eligibleCoreEffectIds + visibleCoreEffectIds + candidate descriptors","visible names and hidden count","all eligible/visible IDs","PASS"
"GeneratedInstance","I008","purple","build","Build","buildQualification + read-only Build snapshot","qualification/count/stage + missing payload placeholder","qualification/build ids/count/state","PASS"
"GeneratedInstance","I008","orange","stat","冷却","ItemInstanceProjectionContract.Stats + ItemStatRangeSchema","3回合","候选区间：3回合 ～ 4回合","PASS"
"GeneratedInstance","I008","orange","stat","伤害","ItemInstanceProjectionContract.Stats + ItemStatRangeSchema","32","候选区间：31 ～ 34","PASS"
"GeneratedInstance","I008","orange","stat","持续","ItemInstanceProjectionContract.Stats + ItemStatRangeSchema","6回合","候选区间：5回合 ～ 6回合","PASS"
"GeneratedInstance","I008","orange","stat","耗念","ItemInstanceProjectionContract.Stats + ItemStatRangeSchema","4点","候选区间：3点 ～ 4点","PASS"
"GeneratedInstance","I008","orange","affix","伤害提升","ItemInstanceProjectionContract.Affixes + ItemAffixPoolAndRangeSchema","+15.86%","Debug retains slot/affix/profile/raw/formatted/range","PASS"
"GeneratedInstance","I008","orange","affix","耗念效率","ItemInstanceProjectionContract.Affixes + ItemAffixPoolAndRangeSchema","+13.99%","Debug retains slot/affix/profile/raw/formatted/range","PASS"
"GeneratedInstance","I008","orange","identity","焚邪长符","ItemInnerDataCatalog + ItemInstanceProjectionContract identity","Chinese header/meta","itemInstanceId/baseItemId/rarity/generation trace","PASS"
"GeneratedInstance","I008","orange","core","核心效果","eligibleCoreEffectIds + visibleCoreEffectIds + candidate descriptors","visible names and hidden count","all eligible/visible IDs","PASS"
"GeneratedInstance","I008","orange","build","Build","buildQualification + read-only Build snapshot","qualification/count/stage + missing payload placeholder","qualification/build ids/count/state","PASS"
"GeneratedInstance","I009","white","stat","冷却","ItemInstanceProjectionContract.Stats + ItemStatRangeSchema","6回合","候选区间：6回合 ～ 7回合","PASS"
"GeneratedInstance","I009","white","stat","伤害","ItemInstanceProjectionContract.Stats + ItemStatRangeSchema","18","候选区间：18 ～ 26","PASS"
"GeneratedInstance","I009","white","stat","持续","ItemInstanceProjectionContract.Stats + ItemStatRangeSchema","1回合","候选区间：1回合 ～ 2回合","PASS"
"GeneratedInstance","I009","white","stat","耗念","ItemInstanceProjectionContract.Stats + ItemStatRangeSchema","6点","候选区间：6点 ～ 7点","PASS"
"GeneratedInstance","I009","white","affix","伤害提升","ItemInstanceProjectionContract.Affixes + ItemAffixPoolAndRangeSchema","+2.95%","Debug retains slot/affix/profile/raw/formatted/range","PASS"
"GeneratedInstance","I009","white","affix","持续提升","ItemInstanceProjectionContract.Affixes + ItemAffixPoolAndRangeSchema","+1回合","Debug retains slot/affix/profile/raw/formatted/range","PASS"
"GeneratedInstance","I009","white","identity","离火焚邪印","ItemInnerDataCatalog + ItemInstanceProjectionContract identity","Chinese header/meta","itemInstanceId/baseItemId/rarity/generation trace","PASS"
"GeneratedInstance","I009","white","core","核心效果","eligibleCoreEffectIds + visibleCoreEffectIds + candidate descriptors","visible names and hidden count","all eligible/visible IDs","PASS"
"GeneratedInstance","I009","white","build","Build","buildQualification + read-only Build snapshot","qualification/count/stage + missing payload placeholder","qualification/build ids/count/state","PASS"
"GeneratedInstance","I009","green","stat","冷却","ItemInstanceProjectionContract.Stats + ItemStatRangeSchema","6回合","候选区间：6回合 ～ 6回合","PASS"
"GeneratedInstance","I009","green","stat","伤害","ItemInstanceProjectionContract.Stats + ItemStatRangeSchema","32","候选区间：24 ～ 33","PASS"
"GeneratedInstance","I009","green","stat","持续","ItemInstanceProjectionContract.Stats + ItemStatRangeSchema","4回合","候选区间：2回合 ～ 4回合","PASS"
"GeneratedInstance","I009","green","stat","耗念","ItemInstanceProjectionContract.Stats + ItemStatRangeSchema","6点","候选区间：6点 ～ 6点","PASS"
"GeneratedInstance","I009","green","affix","伤害提升","ItemInstanceProjectionContract.Affixes + ItemAffixPoolAndRangeSchema","+4.12%","Debug retains slot/affix/profile/raw/formatted/range","PASS"
"GeneratedInstance","I009","green","affix","持续提升","ItemInstanceProjectionContract.Affixes + ItemAffixPoolAndRangeSchema","+2回合","Debug retains slot/affix/profile/raw/formatted/range","PASS"
"GeneratedInstance","I009","green","identity","离火焚邪印","ItemInnerDataCatalog + ItemInstanceProjectionContract identity","Chinese header/meta","itemInstanceId/baseItemId/rarity/generation trace","PASS"
"GeneratedInstance","I009","green","core","核心效果","eligibleCoreEffectIds + visibleCoreEffectIds + candidate descriptors","visible names and hidden count","all eligible/visible IDs","PASS"
"GeneratedInstance","I009","green","build","Build","buildQualification + read-only Build snapshot","qualification/count/stage + missing payload placeholder","qualification/build ids/count/state","PASS"
"GeneratedInstance","I009","blue","stat","冷却","ItemInstanceProjectionContract.Stats + ItemStatRangeSchema","5回合","候选区间：5回合 ～ 6回合","PASS"
"GeneratedInstance","I009","blue","stat","伤害","ItemInstanceProjectionContract.Stats + ItemStatRangeSchema","38","候选区间：31 ～ 41","PASS"
"GeneratedInstance","I009","blue","stat","持续","ItemInstanceProjectionContract.Stats + ItemStatRangeSchema","4回合","候选区间：3回合 ～ 5回合","PASS"
"GeneratedInstance","I009","blue","stat","耗念","ItemInstanceProjectionContract.Stats + ItemStatRangeSchema","6点","候选区间：5点 ～ 6点","PASS"
"GeneratedInstance","I009","blue","affix","伤害提升","ItemInstanceProjectionContract.Affixes + ItemAffixPoolAndRangeSchema","+6.48%","Debug retains slot/affix/profile/raw/formatted/range","PASS"
"GeneratedInstance","I009","blue","affix","耗念效率","ItemInstanceProjectionContract.Affixes + ItemAffixPoolAndRangeSchema","+7.93%","Debug retains slot/affix/profile/raw/formatted/range","PASS"
"GeneratedInstance","I009","blue","identity","离火焚邪印","ItemInnerDataCatalog + ItemInstanceProjectionContract identity","Chinese header/meta","itemInstanceId/baseItemId/rarity/generation trace","PASS"
"GeneratedInstance","I009","blue","core","核心效果","eligibleCoreEffectIds + visibleCoreEffectIds + candidate descriptors","visible names and hidden count","all eligible/visible IDs","PASS"
"GeneratedInstance","I009","blue","build","Build","buildQualification + read-only Build snapshot","qualification/count/stage + missing payload placeholder","qualification/build ids/count/state","PASS"
"GeneratedInstance","I009","purple","stat","冷却","ItemInstanceProjectionContract.Stats + ItemStatRangeSchema","4回合","候选区间：4回合 ～ 5回合","PASS"
"GeneratedInstance","I009","purple","stat","伤害","ItemInstanceProjectionContract.Stats + ItemStatRangeSchema","39","候选区间：37 ～ 45","PASS"
"GeneratedInstance","I009","purple","stat","持续","ItemInstanceProjectionContract.Stats + ItemStatRangeSchema","5回合","候选区间：4回合 ～ 5回合","PASS"
"GeneratedInstance","I009","purple","stat","耗念","ItemInstanceProjectionContract.Stats + ItemStatRangeSchema","4点","候选区间：4点 ～ 5点","PASS"
"GeneratedInstance","I009","purple","affix","伤害提升","ItemInstanceProjectionContract.Affixes + ItemAffixPoolAndRangeSchema","+11.2%","Debug retains slot/affix/profile/raw/formatted/range","PASS"
"GeneratedInstance","I009","purple","affix","冷却缩减","ItemInstanceProjectionContract.Affixes + ItemAffixPoolAndRangeSchema","+8.63%","Debug retains slot/affix/profile/raw/formatted/range","PASS"
"GeneratedInstance","I009","purple","identity","离火焚邪印","ItemInnerDataCatalog + ItemInstanceProjectionContract identity","Chinese header/meta","itemInstanceId/baseItemId/rarity/generation trace","PASS"
"GeneratedInstance","I009","purple","core","核心效果","eligibleCoreEffectIds + visibleCoreEffectIds + candidate descriptors","visible names and hidden count","all eligible/visible IDs","PASS"
"GeneratedInstance","I009","purple","build","Build","buildQualification + read-only Build snapshot","qualification/count/stage + missing payload placeholder","qualification/build ids/count/state","PASS"
"GeneratedInstance","I009","orange","stat","冷却","ItemInstanceProjectionContract.Stats + ItemStatRangeSchema","4回合","候选区间：4回合 ～ 5回合","PASS"
"GeneratedInstance","I009","orange","stat","伤害","ItemInstanceProjectionContract.Stats + ItemStatRangeSchema","47","候选区间：44 ～ 48","PASS"
"GeneratedInstance","I009","orange","stat","持续","ItemInstanceProjectionContract.Stats + ItemStatRangeSchema","6回合","候选区间：5回合 ～ 6回合","PASS"
"GeneratedInstance","I009","orange","stat","耗念","ItemInstanceProjectionContract.Stats + ItemStatRangeSchema","4点","候选区间：4点 ～ 5点","PASS"
"GeneratedInstance","I009","orange","affix","伤害提升","ItemInstanceProjectionContract.Affixes + ItemAffixPoolAndRangeSchema","+13.89%","Debug retains slot/affix/profile/raw/formatted/range","PASS"
"GeneratedInstance","I009","orange","affix","持续提升","ItemInstanceProjectionContract.Affixes + ItemAffixPoolAndRangeSchema","+5回合","Debug retains slot/affix/profile/raw/formatted/range","PASS"
"GeneratedInstance","I009","orange","identity","离火焚邪印","ItemInnerDataCatalog + ItemInstanceProjectionContract identity","Chinese header/meta","itemInstanceId/baseItemId/rarity/generation trace","PASS"
"GeneratedInstance","I009","orange","core","核心效果","eligibleCoreEffectIds + visibleCoreEffectIds + candidate descriptors","visible names and hidden count","all eligible/visible IDs","PASS"
"GeneratedInstance","I009","orange","build","Build","buildQualification + read-only Build snapshot","qualification/count/stage + missing payload placeholder","qualification/build ids/count/state","PASS"
"GeneratedInstance","I010","white","stat","冷却","ItemInstanceProjectionContract.Stats + ItemStatRangeSchema","4回合","候选区间：4回合 ～ 5回合","PASS"
"GeneratedInstance","I010","white","stat","伤害","ItemInstanceProjectionContract.Stats + ItemStatRangeSchema","18","候选区间：14 ～ 20","PASS"
"GeneratedInstance","I010","white","stat","持续","ItemInstanceProjectionContract.Stats + ItemStatRangeSchema","2回合","候选区间：1回合 ～ 2回合","PASS"
"GeneratedInstance","I010","white","stat","耗念","ItemInstanceProjectionContract.Stats + ItemStatRangeSchema","6点","候选区间：5点 ～ 6点","PASS"
"GeneratedInstance","I010","white","affix","伤害提升","ItemInstanceProjectionContract.Affixes + ItemAffixPoolAndRangeSchema","+3.82%","Debug retains slot/affix/profile/raw/formatted/range","PASS"
"GeneratedInstance","I010","white","affix","冷却缩减","ItemInstanceProjectionContract.Affixes + ItemAffixPoolAndRangeSchema","+2.78%","Debug retains slot/affix/profile/raw/formatted/range","PASS"
"GeneratedInstance","I010","white","identity","风火令旗","ItemInnerDataCatalog + ItemInstanceProjectionContract identity","Chinese header/meta","itemInstanceId/baseItemId/rarity/generation trace","PASS"
"GeneratedInstance","I010","white","core","核心效果","eligibleCoreEffectIds + visibleCoreEffectIds + candidate descriptors","visible names and hidden count","all eligible/visible IDs","PASS"
"GeneratedInstance","I010","white","build","Build","buildQualification + read-only Build snapshot","qualification/count/stage + missing payload placeholder","qualification/build ids/count/state","PASS"
"GeneratedInstance","I010","green","stat","冷却","ItemInstanceProjectionContract.Stats + ItemStatRangeSchema","4回合","候选区间：4回合 ～ 4回合","PASS"
"GeneratedInstance","I010","green","stat","伤害","ItemInstanceProjectionContract.Stats + ItemStatRangeSchema","25","候选区间：19 ～ 26","PASS"
"GeneratedInstance","I010","green","stat","持续","ItemInstanceProjectionContract.Stats + ItemStatRangeSchema","2回合","候选区间：2回合 ～ 4回合","PASS"
"GeneratedInstance","I010","green","stat","耗念","ItemInstanceProjectionContract.Stats + ItemStatRangeSchema","5点","候选区间：5点 ～ 5点","PASS"
"GeneratedInstance","I010","green","affix","伤害提升","ItemInstanceProjectionContract.Affixes + ItemAffixPoolAndRangeSchema","+3.83%","Debug retains slot/affix/profile/raw/formatted/range","PASS"
"GeneratedInstance","I010","green","affix","耗念效率","ItemInstanceProjectionContract.Affixes + ItemAffixPoolAndRangeSchema","+5.8%","Debug retains slot/affix/profile/raw/formatted/range","PASS"
"GeneratedInstance","I010","green","identity","风火令旗","ItemInnerDataCatalog + ItemInstanceProjectionContract identity","Chinese header/meta","itemInstanceId/baseItemId/rarity/generation trace","PASS"
"GeneratedInstance","I010","green","core","核心效果","eligibleCoreEffectIds + visibleCoreEffectIds + candidate descriptors","visible names and hidden count","all eligible/visible IDs","PASS"
"GeneratedInstance","I010","green","build","Build","buildQualification + read-only Build snapshot","qualification/count/stage + missing payload placeholder","qualification/build ids/count/state","PASS"
"GeneratedInstance","I010","blue","stat","冷却","ItemInstanceProjectionContract.Stats + ItemStatRangeSchema","3回合","候选区间：3回合 ～ 4回合","PASS"
"GeneratedInstance","I010","blue","stat","伤害","ItemInstanceProjectionContract.Stats + ItemStatRangeSchema","30","候选区间：25 ～ 32","PASS"
"GeneratedInstance","I010","blue","stat","持续","ItemInstanceProjectionContract.Stats + ItemStatRangeSchema","5回合","候选区间：3回合 ～ 5回合","PASS"
"GeneratedInstance","I010","blue","stat","耗念","ItemInstanceProjectionContract.Stats + ItemStatRangeSchema","5点","候选区间：4点 ～ 5点","PASS"
"GeneratedInstance","I010","blue","affix","伤害提升","ItemInstanceProjectionContract.Affixes + ItemAffixPoolAndRangeSchema","+6.32%","Debug retains slot/affix/profile/raw/formatted/range","PASS"
"GeneratedInstance","I010","blue","affix","冷却缩减","ItemInstanceProjectionContract.Affixes + ItemAffixPoolAndRangeSchema","+7.22%","Debug retains slot/affix/profile/raw/formatted/range","PASS"
"GeneratedInstance","I010","blue","identity","风火令旗","ItemInnerDataCatalog + ItemInstanceProjectionContract identity","Chinese header/meta","itemInstanceId/baseItemId/rarity/generation trace","PASS"
"GeneratedInstance","I010","blue","core","核心效果","eligibleCoreEffectIds + visibleCoreEffectIds + candidate descriptors","visible names and hidden count","all eligible/visible IDs","PASS"
"GeneratedInstance","I010","blue","build","Build","buildQualification + read-only Build snapshot","qualification/count/stage + missing payload placeholder","qualification/build ids/count/state","PASS"
"GeneratedInstance","I010","purple","stat","冷却","ItemInstanceProjectionContract.Stats + ItemStatRangeSchema","2回合","候选区间：2回合 ～ 3回合","PASS"
"GeneratedInstance","I010","purple","stat","伤害","ItemInstanceProjectionContract.Stats + ItemStatRangeSchema","36","候选区间：30 ～ 36","PASS"
"GeneratedInstance","I010","purple","stat","持续","ItemInstanceProjectionContract.Stats + ItemStatRangeSchema","5回合","候选区间：4回合 ～ 5回合","PASS"
"GeneratedInstance","I010","purple","stat","耗念","ItemInstanceProjectionContract.Stats + ItemStatRangeSchema","4点","候选区间：3点 ～ 4点","PASS"
"GeneratedInstance","I010","purple","affix","伤害提升","ItemInstanceProjectionContract.Affixes + ItemAffixPoolAndRangeSchema","+8.81%","Debug retains slot/affix/profile/raw/formatted/range","PASS"
"GeneratedInstance","I010","purple","affix","耗念效率","ItemInstanceProjectionContract.Affixes + ItemAffixPoolAndRangeSchema","+11.86%","Debug retains slot/affix/profile/raw/formatted/range","PASS"
"GeneratedInstance","I010","purple","identity","风火令旗","ItemInnerDataCatalog + ItemInstanceProjectionContract identity","Chinese header/meta","itemInstanceId/baseItemId/rarity/generation trace","PASS"
"GeneratedInstance","I010","purple","core","核心效果","eligibleCoreEffectIds + visibleCoreEffectIds + candidate descriptors","visible names and hidden count","all eligible/visible IDs","PASS"
"GeneratedInstance","I010","purple","build","Build","buildQualification + read-only Build snapshot","qualification/count/stage + missing payload placeholder","qualification/build ids/count/state","PASS"
"GeneratedInstance","I010","orange","stat","冷却","ItemInstanceProjectionContract.Stats + ItemStatRangeSchema","2回合","候选区间：2回合 ～ 3回合","PASS"
"GeneratedInstance","I010","orange","stat","伤害","ItemInstanceProjectionContract.Stats + ItemStatRangeSchema","37","候选区间：34 ～ 38","PASS"
"GeneratedInstance","I010","orange","stat","持续","ItemInstanceProjectionContract.Stats + ItemStatRangeSchema","6回合","候选区间：5回合 ～ 6回合","PASS"
"GeneratedInstance","I010","orange","stat","耗念","ItemInstanceProjectionContract.Stats + ItemStatRangeSchema","4点","候选区间：3点 ～ 4点","PASS"
"GeneratedInstance","I010","orange","affix","伤害提升","ItemInstanceProjectionContract.Affixes + ItemAffixPoolAndRangeSchema","+16.58%","Debug retains slot/affix/profile/raw/formatted/range","PASS"
"GeneratedInstance","I010","orange","affix","冷却缩减","ItemInstanceProjectionContract.Affixes + ItemAffixPoolAndRangeSchema","+13.47%","Debug retains slot/affix/profile/raw/formatted/range","PASS"
"GeneratedInstance","I010","orange","identity","风火令旗","ItemInnerDataCatalog + ItemInstanceProjectionContract identity","Chinese header/meta","itemInstanceId/baseItemId/rarity/generation trace","PASS"
"GeneratedInstance","I010","orange","core","核心效果","eligibleCoreEffectIds + visibleCoreEffectIds + candidate descriptors","visible names and hidden count","all eligible/visible IDs","PASS"
"GeneratedInstance","I010","orange","build","Build","buildQualification + read-only Build snapshot","qualification/count/stage + missing payload placeholder","qualification/build ids/count/state","PASS"
"GeneratedInstance","I011","white","stat","冷却","ItemInstanceProjectionContract.Stats + ItemStatRangeSchema","6回合","候选区间：5回合 ～ 6回合","PASS"
"GeneratedInstance","I011","white","stat","伤害","ItemInstanceProjectionContract.Stats + ItemStatRangeSchema","22","候选区间：16 ～ 23","PASS"
"GeneratedInstance","I011","white","stat","持续","ItemInstanceProjectionContract.Stats + ItemStatRangeSchema","2回合","候选区间：1回合 ～ 2回合","PASS"
"GeneratedInstance","I011","white","stat","耗念","ItemInstanceProjectionContract.Stats + ItemStatRangeSchema","6点","候选区间：6点 ～ 7点","PASS"
"GeneratedInstance","I011","white","affix","伤害提升","ItemInstanceProjectionContract.Affixes + ItemAffixPoolAndRangeSchema","+3.31%","Debug retains slot/affix/profile/raw/formatted/range","PASS"
"GeneratedInstance","I011","white","affix","持续提升","ItemInstanceProjectionContract.Affixes + ItemAffixPoolAndRangeSchema","+1回合","Debug retains slot/affix/profile/raw/formatted/range","PASS"
"GeneratedInstance","I011","white","identity","照焚铜镜","ItemInnerDataCatalog + ItemInstanceProjectionContract identity","Chinese header/meta","itemInstanceId/baseItemId/rarity/generation trace","PASS"
"GeneratedInstance","I011","white","core","核心效果","eligibleCoreEffectIds + visibleCoreEffectIds + candidate descriptors","visible names and hidden count","all eligible/visible IDs","PASS"
"GeneratedInstance","I011","white","build","Build","buildQualification + read-only Build snapshot","qualification/count/stage + missing payload placeholder","qualification/build ids/count/state","PASS"
"GeneratedInstance","I011","green","stat","冷却","ItemInstanceProjectionContract.Stats + ItemStatRangeSchema","5回合","候选区间：5回合 ～ 5回合","PASS"
"GeneratedInstance","I011","green","stat","伤害","ItemInstanceProjectionContract.Stats + ItemStatRangeSchema","30","候选区间：22 ～ 30","PASS"
"GeneratedInstance","I011","green","stat","持续","ItemInstanceProjectionContract.Stats + ItemStatRangeSchema","2回合","候选区间：2回合 ～ 4回合","PASS"
"GeneratedInstance","I011","green","stat","耗念","ItemInstanceProjectionContract.Stats + ItemStatRangeSchema","6点","候选区间：5点 ～ 6点","PASS"
"GeneratedInstance","I011","green","affix","伤害提升","ItemInstanceProjectionContract.Affixes + ItemAffixPoolAndRangeSchema","+5.62%","Debug retains slot/affix/profile/raw/formatted/range","PASS"
"GeneratedInstance","I011","green","affix","冷却缩减","ItemInstanceProjectionContract.Affixes + ItemAffixPoolAndRangeSchema","+5.28%","Debug retains slot/affix/profile/raw/formatted/range","PASS"
"GeneratedInstance","I011","green","identity","照焚铜镜","ItemInnerDataCatalog + ItemInstanceProjectionContract identity","Chinese header/meta","itemInstanceId/baseItemId/rarity/generation trace","PASS"
"GeneratedInstance","I011","green","core","核心效果","eligibleCoreEffectIds + visibleCoreEffectIds + candidate descriptors","visible names and hidden count","all eligible/visible IDs","PASS"
"GeneratedInstance","I011","green","build","Build","buildQualification + read-only Build snapshot","qualification/count/stage + missing payload placeholder","qualification/build ids/count/state","PASS"
"GeneratedInstance","I011","blue","stat","冷却","ItemInstanceProjectionContract.Stats + ItemStatRangeSchema","4回合","候选区间：4回合 ～ 5回合","PASS"
"GeneratedInstance","I011","blue","stat","伤害","ItemInstanceProjectionContract.Stats + ItemStatRangeSchema","34","候选区间：29 ～ 37","PASS"
"GeneratedInstance","I011","blue","stat","持续","ItemInstanceProjectionContract.Stats + ItemStatRangeSchema","3回合","候选区间：3回合 ～ 5回合","PASS"
"GeneratedInstance","I011","blue","stat","耗念","ItemInstanceProjectionContract.Stats + ItemStatRangeSchema","5点","候选区间：4点 ～ 5点","PASS"
"GeneratedInstance","I011","blue","affix","伤害提升","ItemInstanceProjectionContract.Affixes + ItemAffixPoolAndRangeSchema","+8.92%","Debug retains slot/affix/profile/raw/formatted/range","PASS"
"GeneratedInstance","I011","blue","affix","冷却缩减","ItemInstanceProjectionContract.Affixes + ItemAffixPoolAndRangeSchema","+8.36%","Debug retains slot/affix/profile/raw/formatted/range","PASS"
"GeneratedInstance","I011","blue","identity","照焚铜镜","ItemInnerDataCatalog + ItemInstanceProjectionContract identity","Chinese header/meta","itemInstanceId/baseItemId/rarity/generation trace","PASS"
"GeneratedInstance","I011","blue","core","核心效果","eligibleCoreEffectIds + visibleCoreEffectIds + candidate descriptors","visible names and hidden count","all eligible/visible IDs","PASS"
"GeneratedInstance","I011","blue","build","Build","buildQualification + read-only Build snapshot","qualification/count/stage + missing payload placeholder","qualification/build ids/count/state","PASS"
"GeneratedInstance","I011","purple","stat","冷却","ItemInstanceProjectionContract.Stats + ItemStatRangeSchema","3回合","候选区间：3回合 ～ 4回合","PASS"
"GeneratedInstance","I011","purple","stat","伤害","ItemInstanceProjectionContract.Stats + ItemStatRangeSchema","38","候选区间：34 ～ 41","PASS"
"GeneratedInstance","I011","purple","stat","持续","ItemInstanceProjectionContract.Stats + ItemStatRangeSchema","5回合","候选区间：4回合 ～ 5回合","PASS"
"GeneratedInstance","I011","purple","stat","耗念","ItemInstanceProjectionContract.Stats + ItemStatRangeSchema","4点","候选区间：3点 ～ 4点","PASS"
"GeneratedInstance","I011","purple","affix","伤害提升","ItemInstanceProjectionContract.Affixes + ItemAffixPoolAndRangeSchema","+11.63%","Debug retains slot/affix/profile/raw/formatted/range","PASS"
"GeneratedInstance","I011","purple","affix","持续提升","ItemInstanceProjectionContract.Affixes + ItemAffixPoolAndRangeSchema","+5回合","Debug retains slot/affix/profile/raw/formatted/range","PASS"
"GeneratedInstance","I011","purple","identity","照焚铜镜","ItemInnerDataCatalog + ItemInstanceProjectionContract identity","Chinese header/meta","itemInstanceId/baseItemId/rarity/generation trace","PASS"
"GeneratedInstance","I011","purple","core","核心效果","eligibleCoreEffectIds + visibleCoreEffectIds + candidate descriptors","visible names and hidden count","all eligible/visible IDs","PASS"
"GeneratedInstance","I011","purple","build","Build","buildQualification + read-only Build snapshot","qualification/count/stage + missing payload placeholder","qualification/build ids/count/state","PASS"
"GeneratedInstance","I011","orange","stat","冷却","ItemInstanceProjectionContract.Stats + ItemStatRangeSchema","4回合","候选区间：3回合 ～ 4回合","PASS"
"GeneratedInstance","I011","orange","stat","伤害","ItemInstanceProjectionContract.Stats + ItemStatRangeSchema","42","候选区间：40 ～ 44","PASS"
"GeneratedInstance","I011","orange","stat","持续","ItemInstanceProjectionContract.Stats + ItemStatRangeSchema","5回合","候选区间：5回合 ～ 6回合","PASS"
"GeneratedInstance","I011","orange","stat","耗念","ItemInstanceProjectionContract.Stats + ItemStatRangeSchema","4点","候选区间：3点 ～ 4点","PASS"
"GeneratedInstance","I011","orange","affix","伤害提升","ItemInstanceProjectionContract.Affixes + ItemAffixPoolAndRangeSchema","+17.51%","Debug retains slot/affix/profile/raw/formatted/range","PASS"
"GeneratedInstance","I011","orange","affix","持续提升","ItemInstanceProjectionContract.Affixes + ItemAffixPoolAndRangeSchema","+5回合","Debug retains slot/affix/profile/raw/formatted/range","PASS"
"GeneratedInstance","I011","orange","identity","照焚铜镜","ItemInnerDataCatalog + ItemInstanceProjectionContract identity","Chinese header/meta","itemInstanceId/baseItemId/rarity/generation trace","PASS"
"GeneratedInstance","I011","orange","core","核心效果","eligibleCoreEffectIds + visibleCoreEffectIds + candidate descriptors","visible names and hidden count","all eligible/visible IDs","PASS"
"GeneratedInstance","I011","orange","build","Build","buildQualification + read-only Build snapshot","qualification/count/stage + missing payload placeholder","qualification/build ids/count/state","PASS"
"GeneratedInstance","I012","white","stat","冷却","ItemInstanceProjectionContract.Stats + ItemStatRangeSchema","7回合","候选区间：7回合 ～ 8回合","PASS"
"GeneratedInstance","I012","white","stat","伤害","ItemInstanceProjectionContract.Stats + ItemStatRangeSchema","28","候选区间：24 ～ 34","PASS"
"GeneratedInstance","I012","white","stat","持续","ItemInstanceProjectionContract.Stats + ItemStatRangeSchema","1回合","候选区间：1回合 ～ 2回合","PASS"
"GeneratedInstance","I012","white","stat","耗念","ItemInstanceProjectionContract.Stats + ItemStatRangeSchema","9点","候选区间：8点 ～ 9点","PASS"
"GeneratedInstance","I012","white","affix","伤害提升","ItemInstanceProjectionContract.Affixes + ItemAffixPoolAndRangeSchema","+3.15%","Debug retains slot/affix/profile/raw/formatted/range","PASS"
"GeneratedInstance","I012","white","affix","持续提升","ItemInstanceProjectionContract.Affixes + ItemAffixPoolAndRangeSchema","+2回合","Debug retains slot/affix/profile/raw/formatted/range","PASS"
"GeneratedInstance","I012","white","identity","长明灯","ItemInnerDataCatalog + ItemInstanceProjectionContract identity","Chinese header/meta","itemInstanceId/baseItemId/rarity/generation trace","PASS"
"GeneratedInstance","I012","white","core","核心效果","eligibleCoreEffectIds + visibleCoreEffectIds + candidate descriptors","visible names and hidden count","all eligible/visible IDs","PASS"
"GeneratedInstance","I012","white","build","Build","buildQualification + read-only Build snapshot","qualification/count/stage + missing payload placeholder","qualification/build ids/count/state","PASS"
"GeneratedInstance","I012","green","stat","冷却","ItemInstanceProjectionContract.Stats + ItemStatRangeSchema","7回合","候选区间：7回合 ～ 7回合","PASS"
"GeneratedInstance","I012","green","stat","伤害","ItemInstanceProjectionContract.Stats + ItemStatRangeSchema","40","候选区间：32 ～ 44","PASS"
"GeneratedInstance","I012","green","stat","持续","ItemInstanceProjectionContract.Stats + ItemStatRangeSchema","3回合","候选区间：2回合 ～ 4回合","PASS"
"GeneratedInstance","I012","green","stat","耗念","ItemInstanceProjectionContract.Stats + ItemStatRangeSchema","7点","候选区间：7点 ～ 8点","PASS"
"GeneratedInstance","I012","green","affix","伤害提升","ItemInstanceProjectionContract.Affixes + ItemAffixPoolAndRangeSchema","+5.91%","Debug retains slot/affix/profile/raw/formatted/range","PASS"
"GeneratedInstance","I012","green","affix","耗念效率","ItemInstanceProjectionContract.Affixes + ItemAffixPoolAndRangeSchema","+4.3%","Debug retains slot/affix/profile/raw/formatted/range","PASS"
"GeneratedInstance","I012","green","identity","长明灯","ItemInnerDataCatalog + ItemInstanceProjectionContract identity","Chinese header/meta","itemInstanceId/baseItemId/rarity/generation trace","PASS"
"GeneratedInstance","I012","green","core","核心效果","eligibleCoreEffectIds + visibleCoreEffectIds + candidate descriptors","visible names and hidden count","all eligible/visible IDs","PASS"
"GeneratedInstance","I012","green","build","Build","buildQualification + read-only Build snapshot","qualification/count/stage + missing payload placeholder","qualification/build ids/count/state","PASS"
"GeneratedInstance","I012","blue","stat","冷却","ItemInstanceProjectionContract.Stats + ItemStatRangeSchema","7回合","候选区间：6回合 ～ 7回合","PASS"
"GeneratedInstance","I012","blue","stat","伤害","ItemInstanceProjectionContract.Stats + ItemStatRangeSchema","48","候选区间：42 ～ 54","PASS"
"GeneratedInstance","I012","blue","stat","持续","ItemInstanceProjectionContract.Stats + ItemStatRangeSchema","5回合","候选区间：3回合 ～ 5回合","PASS"
"GeneratedInstance","I012","blue","stat","耗念","ItemInstanceProjectionContract.Stats + ItemStatRangeSchema","6点","候选区间：6点 ～ 7点","PASS"
"GeneratedInstance","I012","blue","affix","伤害提升","ItemInstanceProjectionContract.Affixes + ItemAffixPoolAndRangeSchema","+8.33%","Debug retains slot/affix/profile/raw/formatted/range","PASS"
"GeneratedInstance","I012","blue","affix","持续提升","ItemInstanceProjectionContract.Affixes + ItemAffixPoolAndRangeSchema","+3回合","Debug retains slot/affix/profile/raw/formatted/range","PASS"
"GeneratedInstance","I012","blue","identity","长明灯","ItemInnerDataCatalog + ItemInstanceProjectionContract identity","Chinese header/meta","itemInstanceId/baseItemId/rarity/generation trace","PASS"
"GeneratedInstance","I012","blue","core","核心效果","eligibleCoreEffectIds + visibleCoreEffectIds + candidate descriptors","visible names and hidden count","all eligible/visible IDs","PASS"
"GeneratedInstance","I012","blue","build","Build","buildQualification + read-only Build snapshot","qualification/count/stage + missing payload placeholder","qualification/build ids/count/state","PASS"
"GeneratedInstance","I012","purple","stat","冷却","ItemInstanceProjectionContract.Stats + ItemStatRangeSchema","5回合","候选区间：5回合 ～ 6回合","PASS"
"GeneratedInstance","I012","purple","stat","伤害","ItemInstanceProjectionContract.Stats + ItemStatRangeSchema","52","候选区间：50 ～ 60","PASS"
"GeneratedInstance","I012","purple","stat","持续","ItemInstanceProjectionContract.Stats + ItemStatRangeSchema","5回合","候选区间：4回合 ～ 5回合","PASS"
"GeneratedInstance","I012","purple","stat","耗念","ItemInstanceProjectionContract.Stats + ItemStatRangeSchema","5点","候选区间：5点 ～ 6点","PASS"
"GeneratedInstance","I012","purple","affix","伤害提升","ItemInstanceProjectionContract.Affixes + ItemAffixPoolAndRangeSchema","+11.84%","Debug retains slot/affix/profile/raw/formatted/range","PASS"
"GeneratedInstance","I012","purple","affix","持续提升","ItemInstanceProjectionContract.Affixes + ItemAffixPoolAndRangeSchema","+4回合","Debug retains slot/affix/profile/raw/formatted/range","PASS"
"GeneratedInstance","I012","purple","identity","长明灯","ItemInnerDataCatalog + ItemInstanceProjectionContract identity","Chinese header/meta","itemInstanceId/baseItemId/rarity/generation trace","PASS"
"GeneratedInstance","I012","purple","core","核心效果","eligibleCoreEffectIds + visibleCoreEffectIds + candidate descriptors","visible names and hidden count","all eligible/visible IDs","PASS"
"GeneratedInstance","I012","purple","build","Build","buildQualification + read-only Build snapshot","qualification/count/stage + missing payload placeholder","qualification/build ids/count/state","PASS"
"GeneratedInstance","I012","orange","stat","冷却","ItemInstanceProjectionContract.Stats + ItemStatRangeSchema","5回合","候选区间：5回合 ～ 6回合","PASS"
"GeneratedInstance","I012","orange","stat","伤害","ItemInstanceProjectionContract.Stats + ItemStatRangeSchema","63","候选区间：58 ～ 64","PASS"
"GeneratedInstance","I012","orange","stat","持续","ItemInstanceProjectionContract.Stats + ItemStatRangeSchema","5回合","候选区间：5回合 ～ 6回合","PASS"
"GeneratedInstance","I012","orange","stat","耗念","ItemInstanceProjectionContract.Stats + ItemStatRangeSchema","5点","候选区间：5点 ～ 6点","PASS"
"GeneratedInstance","I012","orange","affix","伤害提升","ItemInstanceProjectionContract.Affixes + ItemAffixPoolAndRangeSchema","+17.41%","Debug retains slot/affix/profile/raw/formatted/range","PASS"
"GeneratedInstance","I012","orange","affix","耗念效率","ItemInstanceProjectionContract.Affixes + ItemAffixPoolAndRangeSchema","+13.85%","Debug retains slot/affix/profile/raw/formatted/range","PASS"
"GeneratedInstance","I012","orange","identity","长明灯","ItemInnerDataCatalog + ItemInstanceProjectionContract identity","Chinese header/meta","itemInstanceId/baseItemId/rarity/generation trace","PASS"
"GeneratedInstance","I012","orange","core","核心效果","eligibleCoreEffectIds + visibleCoreEffectIds + candidate descriptors","visible names and hidden count","all eligible/visible IDs","PASS"
"GeneratedInstance","I012","orange","build","Build","buildQualification + read-only Build snapshot","qualification/count/stage + missing payload placeholder","qualification/build ids/count/state","PASS"
"GeneratedInstance","I013","white","stat","冷却","ItemInstanceProjectionContract.Stats + ItemStatRangeSchema","5回合","候选区间：5回合 ～ 6回合","PASS"
"GeneratedInstance","I013","white","stat","持续","ItemInstanceProjectionContract.Stats + ItemStatRangeSchema","2回合","候选区间：1回合 ～ 2回合","PASS"
"GeneratedInstance","I013","white","stat","护势","ItemInstanceProjectionContract.Stats + ItemStatRangeSchema","12","候选区间：9 ～ 14","PASS"
"GeneratedInstance","I013","white","stat","耗念","ItemInstanceProjectionContract.Stats + ItemStatRangeSchema","5点","候选区间：4点 ～ 5点","PASS"
"GeneratedInstance","I013","white","affix","护势提升","ItemInstanceProjectionContract.Affixes + ItemAffixPoolAndRangeSchema","+3.97%","Debug retains slot/affix/profile/raw/formatted/range","PASS"
"GeneratedInstance","I013","white","affix","耗念效率","ItemInstanceProjectionContract.Affixes + ItemAffixPoolAndRangeSchema","+3.15%","Debug retains slot/affix/profile/raw/formatted/range","PASS"
"GeneratedInstance","I013","white","identity","护身符","ItemInnerDataCatalog + ItemInstanceProjectionContract identity","Chinese header/meta","itemInstanceId/baseItemId/rarity/generation trace","PASS"
"GeneratedInstance","I013","white","core","核心效果","eligibleCoreEffectIds + visibleCoreEffectIds + candidate descriptors","visible names and hidden count","all eligible/visible IDs","PASS"
"GeneratedInstance","I013","white","build","Build","buildQualification + read-only Build snapshot","qualification/count/stage + missing payload placeholder","qualification/build ids/count/state","PASS"
"GeneratedInstance","I013","green","stat","冷却","ItemInstanceProjectionContract.Stats + ItemStatRangeSchema","5回合","候选区间：5回合 ～ 5回合","PASS"
"GeneratedInstance","I013","green","stat","持续","ItemInstanceProjectionContract.Stats + ItemStatRangeSchema","2回合","候选区间：2回合 ～ 4回合","PASS"
"GeneratedInstance","I013","green","stat","护势","ItemInstanceProjectionContract.Stats + ItemStatRangeSchema","17","候选区间：13 ～ 19","PASS"
"GeneratedInstance","I013","green","stat","耗念","ItemInstanceProjectionContract.Stats + ItemStatRangeSchema","4点","候选区间：4点 ～ 4点","PASS"
"GeneratedInstance","I013","green","affix","护势提升","ItemInstanceProjectionContract.Affixes + ItemAffixPoolAndRangeSchema","+5.51%","Debug retains slot/affix/profile/raw/formatted/range","PASS"
"GeneratedInstance","I013","green","affix","冷却缩减","ItemInstanceProjectionContract.Affixes + ItemAffixPoolAndRangeSchema","+4.63%","Debug retains slot/affix/profile/raw/formatted/range","PASS"
"GeneratedInstance","I013","green","identity","护身符","ItemInnerDataCatalog + ItemInstanceProjectionContract identity","Chinese header/meta","itemInstanceId/baseItemId/rarity/generation trace","PASS"
"GeneratedInstance","I013","green","core","核心效果","eligibleCoreEffectIds + visibleCoreEffectIds + candidate descriptors","visible names and hidden count","all eligible/visible IDs","PASS"
"GeneratedInstance","I013","green","build","Build","buildQualification + read-only Build snapshot","qualification/count/stage + missing payload placeholder","qualification/build ids/count/state","PASS"
"GeneratedInstance","I013","blue","stat","冷却","ItemInstanceProjectionContract.Stats + ItemStatRangeSchema","5回合","候选区间：4回合 ～ 5回合","PASS"
"GeneratedInstance","I013","blue","stat","持续","ItemInstanceProjectionContract.Stats + ItemStatRangeSchema","5回合","候选区间：3回合 ～ 5回合","PASS"
"GeneratedInstance","I013","blue","stat","护势","ItemInstanceProjectionContract.Stats + ItemStatRangeSchema","19","候选区间：18 ～ 23","PASS"
"GeneratedInstance","I013","blue","stat","耗念","ItemInstanceProjectionContract.Stats + ItemStatRangeSchema","4点","候选区间：3点 ～ 4点","PASS"
"GeneratedInstance","I013","blue","affix","护势提升","ItemInstanceProjectionContract.Affixes + ItemAffixPoolAndRangeSchema","+6.15%","Debug retains slot/affix/profile/raw/formatted/range","PASS"
"GeneratedInstance","I013","blue","affix","冷却缩减","ItemInstanceProjectionContract.Affixes + ItemAffixPoolAndRangeSchema","+7.47%","Debug retains slot/affix/profile/raw/formatted/range","PASS"
"GeneratedInstance","I013","blue","identity","护身符","ItemInnerDataCatalog + ItemInstanceProjectionContract identity","Chinese header/meta","itemInstanceId/baseItemId/rarity/generation trace","PASS"
"GeneratedInstance","I013","blue","core","核心效果","eligibleCoreEffectIds + visibleCoreEffectIds + candidate descriptors","visible names and hidden count","all eligible/visible IDs","PASS"
"GeneratedInstance","I013","blue","build","Build","buildQualification + read-only Build snapshot","qualification/count/stage + missing payload placeholder","qualification/build ids/count/state","PASS"
"GeneratedInstance","I013","purple","stat","冷却","ItemInstanceProjectionContract.Stats + ItemStatRangeSchema","4回合","候选区间：3回合 ～ 4回合","PASS"
"GeneratedInstance","I013","purple","stat","持续","ItemInstanceProjectionContract.Stats + ItemStatRangeSchema","5回合","候选区间：4回合 ～ 5回合","PASS"
"GeneratedInstance","I013","purple","stat","护势","ItemInstanceProjectionContract.Stats + ItemStatRangeSchema","21","候选区间：21 ～ 26","PASS"
"GeneratedInstance","I013","purple","stat","耗念","ItemInstanceProjectionContract.Stats + ItemStatRangeSchema","2点","候选区间：2点 ～ 3点","PASS"
"GeneratedInstance","I013","purple","affix","护势提升","ItemInstanceProjectionContract.Affixes + ItemAffixPoolAndRangeSchema","+10.14%","Debug retains slot/affix/profile/raw/formatted/range","PASS"
"GeneratedInstance","I013","purple","affix","冷却缩减","ItemInstanceProjectionContract.Affixes + ItemAffixPoolAndRangeSchema","+11.73%","Debug retains slot/affix/profile/raw/formatted/range","PASS"
"GeneratedInstance","I013","purple","identity","护身符","ItemInnerDataCatalog + ItemInstanceProjectionContract identity","Chinese header/meta","itemInstanceId/baseItemId/rarity/generation trace","PASS"
"GeneratedInstance","I013","purple","core","核心效果","eligibleCoreEffectIds + visibleCoreEffectIds + candidate descriptors","visible names and hidden count","all eligible/visible IDs","PASS"
"GeneratedInstance","I013","purple","build","Build","buildQualification + read-only Build snapshot","qualification/count/stage + missing payload placeholder","qualification/build ids/count/state","PASS"
"GeneratedInstance","I013","orange","stat","冷却","ItemInstanceProjectionContract.Stats + ItemStatRangeSchema","4回合","候选区间：3回合 ～ 4回合","PASS"
"GeneratedInstance","I013","orange","stat","持续","ItemInstanceProjectionContract.Stats + ItemStatRangeSchema","5回合","候选区间：5回合 ～ 6回合","PASS"
"GeneratedInstance","I013","orange","stat","护势","ItemInstanceProjectionContract.Stats + ItemStatRangeSchema","27","候选区间：25 ～ 28","PASS"
"GeneratedInstance","I013","orange","stat","耗念","ItemInstanceProjectionContract.Stats + ItemStatRangeSchema","3点","候选区间：2点 ～ 3点","PASS"
"GeneratedInstance","I013","orange","affix","护势提升","ItemInstanceProjectionContract.Affixes + ItemAffixPoolAndRangeSchema","+17.99%","Debug retains slot/affix/profile/raw/formatted/range","PASS"
"GeneratedInstance","I013","orange","affix","持续提升","ItemInstanceProjectionContract.Affixes + ItemAffixPoolAndRangeSchema","+6回合","Debug retains slot/affix/profile/raw/formatted/range","PASS"
"GeneratedInstance","I013","orange","identity","护身符","ItemInnerDataCatalog + ItemInstanceProjectionContract identity","Chinese header/meta","itemInstanceId/baseItemId/rarity/generation trace","PASS"
"GeneratedInstance","I013","orange","core","核心效果","eligibleCoreEffectIds + visibleCoreEffectIds + candidate descriptors","visible names and hidden count","all eligible/visible IDs","PASS"
"GeneratedInstance","I013","orange","build","Build","buildQualification + read-only Build snapshot","qualification/count/stage + missing payload placeholder","qualification/build ids/count/state","PASS"
"GeneratedInstance","I014","white","stat","冷却","ItemInstanceProjectionContract.Stats + ItemStatRangeSchema","6回合","候选区间：5回合 ～ 6回合","PASS"
"GeneratedInstance","I014","white","stat","持续","ItemInstanceProjectionContract.Stats + ItemStatRangeSchema","2回合","候选区间：1回合 ～ 2回合","PASS"
"GeneratedInstance","I014","white","stat","护势","ItemInstanceProjectionContract.Stats + ItemStatRangeSchema","15","候选区间：14 ～ 20","PASS"
"GeneratedInstance","I014","white","stat","耗念","ItemInstanceProjectionContract.Stats + ItemStatRangeSchema","5点","候选区间：5点 ～ 6点","PASS"
"GeneratedInstance","I014","white","affix","护势提升","ItemInstanceProjectionContract.Affixes + ItemAffixPoolAndRangeSchema","+2.72%","Debug retains slot/affix/profile/raw/formatted/range","PASS"
"GeneratedInstance","I014","white","affix","持续提升","ItemInstanceProjectionContract.Affixes + ItemAffixPoolAndRangeSchema","+2回合","Debug retains slot/affix/profile/raw/formatted/range","PASS"
"GeneratedInstance","I014","white","identity","镇宅长符","ItemInnerDataCatalog + ItemInstanceProjectionContract identity","Chinese header/meta","itemInstanceId/baseItemId/rarity/generation trace","PASS"
"GeneratedInstance","I014","white","core","核心效果","eligibleCoreEffectIds + visibleCoreEffectIds + candidate descriptors","visible names and hidden count","all eligible/visible IDs","PASS"
"GeneratedInstance","I014","white","build","Build","buildQualification + read-only Build snapshot","qualification/count/stage + missing payload placeholder","qualification/build ids/count/state","PASS"
"GeneratedInstance","I014","green","stat","冷却","ItemInstanceProjectionContract.Stats + ItemStatRangeSchema","5回合","候选区间：5回合 ～ 5回合","PASS"
"GeneratedInstance","I014","green","stat","持续","ItemInstanceProjectionContract.Stats + ItemStatRangeSchema","4回合","候选区间：2回合 ～ 4回合","PASS"
"GeneratedInstance","I014","green","stat","护势","ItemInstanceProjectionContract.Stats + ItemStatRangeSchema","24","候选区间：19 ～ 27","PASS"
"GeneratedInstance","I014","green","stat","耗念","ItemInstanceProjectionContract.Stats + ItemStatRangeSchema","5点","候选区间：5点 ～ 5点","PASS"
"GeneratedInstance","I014","green","affix","护势提升","ItemInstanceProjectionContract.Affixes + ItemAffixPoolAndRangeSchema","+5.1%","Debug retains slot/affix/profile/raw/formatted/range","PASS"
"GeneratedInstance","I014","green","affix","冷却缩减","ItemInstanceProjectionContract.Affixes + ItemAffixPoolAndRangeSchema","+5.6%","Debug retains slot/affix/profile/raw/formatted/range","PASS"
"GeneratedInstance","I014","green","identity","镇宅长符","ItemInnerDataCatalog + ItemInstanceProjectionContract identity","Chinese header/meta","itemInstanceId/baseItemId/rarity/generation trace","PASS"
"GeneratedInstance","I014","green","core","核心效果","eligibleCoreEffectIds + visibleCoreEffectIds + candidate descriptors","visible names and hidden count","all eligible/visible IDs","PASS"
"GeneratedInstance","I014","green","build","Build","buildQualification + read-only Build snapshot","qualification/count/stage + missing payload placeholder","qualification/build ids/count/state","PASS"
"GeneratedInstance","I014","blue","stat","冷却","ItemInstanceProjectionContract.Stats + ItemStatRangeSchema","4回合","候选区间：4回合 ～ 5回合","PASS"
"GeneratedInstance","I014","blue","stat","持续","ItemInstanceProjectionContract.Stats + ItemStatRangeSchema","3回合","候选区间：3回合 ～ 5回合","PASS"
"GeneratedInstance","I014","blue","stat","护势","ItemInstanceProjectionContract.Stats + ItemStatRangeSchema","30","候选区间：25 ～ 33","PASS"
"GeneratedInstance","I014","blue","stat","耗念","ItemInstanceProjectionContract.Stats + ItemStatRangeSchema","4点","候选区间：4点 ～ 5点","PASS"
"GeneratedInstance","I014","blue","affix","护势提升","ItemInstanceProjectionContract.Affixes + ItemAffixPoolAndRangeSchema","+5.63%","Debug retains slot/affix/profile/raw/formatted/range","PASS"
"GeneratedInstance","I014","blue","affix","持续提升","ItemInstanceProjectionContract.Affixes + ItemAffixPoolAndRangeSchema","+3回合","Debug retains slot/affix/profile/raw/formatted/range","PASS"
"GeneratedInstance","I014","blue","identity","镇宅长符","ItemInnerDataCatalog + ItemInstanceProjectionContract identity","Chinese header/meta","itemInstanceId/baseItemId/rarity/generation trace","PASS"
"GeneratedInstance","I014","blue","core","核心效果","eligibleCoreEffectIds + visibleCoreEffectIds + candidate descriptors","visible names and hidden count","all eligible/visible IDs","PASS"
"GeneratedInstance","I014","blue","build","Build","buildQualification + read-only Build snapshot","qualification/count/stage + missing payload placeholder","qualification/build ids/count/state","PASS"
"GeneratedInstance","I014","purple","stat","冷却","ItemInstanceProjectionContract.Stats + ItemStatRangeSchema","3回合","候选区间：3回合 ～ 4回合","PASS"
"GeneratedInstance","I014","purple","stat","持续","ItemInstanceProjectionContract.Stats + ItemStatRangeSchema","4回合","候选区间：4回合 ～ 5回合","PASS"
"GeneratedInstance","I014","purple","stat","护势","ItemInstanceProjectionContract.Stats + ItemStatRangeSchema","30","候选区间：30 ～ 36","PASS"
"GeneratedInstance","I014","purple","stat","耗念","ItemInstanceProjectionContract.Stats + ItemStatRangeSchema","4点","候选区间：3点 ～ 4点","PASS"
"GeneratedInstance","I014","purple","affix","护势提升","ItemInstanceProjectionContract.Affixes + ItemAffixPoolAndRangeSchema","+11.38%","Debug retains slot/affix/profile/raw/formatted/range","PASS"
"GeneratedInstance","I014","purple","affix","持续提升","ItemInstanceProjectionContract.Affixes + ItemAffixPoolAndRangeSchema","+5回合","Debug retains slot/affix/profile/raw/formatted/range","PASS"
"GeneratedInstance","I014","purple","identity","镇宅长符","ItemInnerDataCatalog + ItemInstanceProjectionContract identity","Chinese header/meta","itemInstanceId/baseItemId/rarity/generation trace","PASS"
"GeneratedInstance","I014","purple","core","核心效果","eligibleCoreEffectIds + visibleCoreEffectIds + candidate descriptors","visible names and hidden count","all eligible/visible IDs","PASS"
"GeneratedInstance","I014","purple","build","Build","buildQualification + read-only Build snapshot","qualification/count/stage + missing payload placeholder","qualification/build ids/count/state","PASS"
"GeneratedInstance","I014","orange","stat","冷却","ItemInstanceProjectionContract.Stats + ItemStatRangeSchema","3回合","候选区间：3回合 ～ 4回合","PASS"
"GeneratedInstance","I014","orange","stat","持续","ItemInstanceProjectionContract.Stats + ItemStatRangeSchema","5回合","候选区间：5回合 ～ 6回合","PASS"
"GeneratedInstance","I014","orange","stat","护势","ItemInstanceProjectionContract.Stats + ItemStatRangeSchema","37","候选区间：35 ～ 39","PASS"
"GeneratedInstance","I014","orange","stat","耗念","ItemInstanceProjectionContract.Stats + ItemStatRangeSchema","3点","候选区间：3点 ～ 4点","PASS"
"GeneratedInstance","I014","orange","affix","护势提升","ItemInstanceProjectionContract.Affixes + ItemAffixPoolAndRangeSchema","+17.54%","Debug retains slot/affix/profile/raw/formatted/range","PASS"
"GeneratedInstance","I014","orange","affix","冷却缩减","ItemInstanceProjectionContract.Affixes + ItemAffixPoolAndRangeSchema","+15.99%","Debug retains slot/affix/profile/raw/formatted/range","PASS"
"GeneratedInstance","I014","orange","identity","镇宅长符","ItemInnerDataCatalog + ItemInstanceProjectionContract identity","Chinese header/meta","itemInstanceId/baseItemId/rarity/generation trace","PASS"
"GeneratedInstance","I014","orange","core","核心效果","eligibleCoreEffectIds + visibleCoreEffectIds + candidate descriptors","visible names and hidden count","all eligible/visible IDs","PASS"
"GeneratedInstance","I014","orange","build","Build","buildQualification + read-only Build snapshot","qualification/count/stage + missing payload placeholder","qualification/build ids/count/state","PASS"
"GeneratedInstance","I015","white","stat","控制","ItemInstanceProjectionContract.Stats + ItemStatRangeSchema","3点","候选区间：1点 ～ 3点","PASS"
"GeneratedInstance","I015","white","stat","冷却","ItemInstanceProjectionContract.Stats + ItemStatRangeSchema","6回合","候选区间：6回合 ～ 7回合","PASS"
"GeneratedInstance","I015","white","stat","护势","ItemInstanceProjectionContract.Stats + ItemStatRangeSchema","26","候选区间：21 ～ 30","PASS"
"GeneratedInstance","I015","white","stat","耗念","ItemInstanceProjectionContract.Stats + ItemStatRangeSchema","7点","候选区间：6点 ～ 7点","PASS"
"GeneratedInstance","I015","white","affix","护势提升","ItemInstanceProjectionContract.Affixes + ItemAffixPoolAndRangeSchema","+2.18%","Debug retains slot/affix/profile/raw/formatted/range","PASS"
"GeneratedInstance","I015","white","affix","耗念效率","ItemInstanceProjectionContract.Affixes + ItemAffixPoolAndRangeSchema","+3.27%","Debug retains slot/affix/profile/raw/formatted/range","PASS"
"GeneratedInstance","I015","white","identity","中岳镇守章","ItemInnerDataCatalog + ItemInstanceProjectionContract identity","Chinese header/meta","itemInstanceId/baseItemId/rarity/generation trace","PASS"
"GeneratedInstance","I015","white","core","核心效果","eligibleCoreEffectIds + visibleCoreEffectIds + candidate descriptors","visible names and hidden count","all eligible/visible IDs","PASS"
"GeneratedInstance","I015","white","build","Build","buildQualification + read-only Build snapshot","qualification/count/stage + missing payload placeholder","qualification/build ids/count/state","PASS"
"GeneratedInstance","I015","green","stat","控制","ItemInstanceProjectionContract.Stats + ItemStatRangeSchema","3点","候选区间：3点 ～ 6点","PASS"
"GeneratedInstance","I015","green","stat","冷却","ItemInstanceProjectionContract.Stats + ItemStatRangeSchema","6回合","候选区间：6回合 ～ 6回合","PASS"
"GeneratedInstance","I015","green","stat","护势","ItemInstanceProjectionContract.Stats + ItemStatRangeSchema","33","候选区间：28 ～ 38","PASS"
"GeneratedInstance","I015","green","stat","耗念","ItemInstanceProjectionContract.Stats + ItemStatRangeSchema","6点","候选区间：6点 ～ 6点","PASS"
"GeneratedInstance","I015","green","affix","护势提升","ItemInstanceProjectionContract.Affixes + ItemAffixPoolAndRangeSchema","+5.35%","Debug retains slot/affix/profile/raw/formatted/range","PASS"
"GeneratedInstance","I015","green","affix","耗念效率","ItemInstanceProjectionContract.Affixes + ItemAffixPoolAndRangeSchema","+3.61%","Debug retains slot/affix/profile/raw/formatted/range","PASS"
"GeneratedInstance","I015","green","identity","中岳镇守章","ItemInnerDataCatalog + ItemInstanceProjectionContract identity","Chinese header/meta","itemInstanceId/baseItemId/rarity/generation trace","PASS"
"GeneratedInstance","I015","green","core","核心效果","eligibleCoreEffectIds + visibleCoreEffectIds + candidate descriptors","visible names and hidden count","all eligible/visible IDs","PASS"
"GeneratedInstance","I015","green","build","Build","buildQualification + read-only Build snapshot","qualification/count/stage + missing payload placeholder","qualification/build ids/count/state","PASS"
"GeneratedInstance","I015","blue","stat","控制","ItemInstanceProjectionContract.Stats + ItemStatRangeSchema","5点","候选区间：5点 ～ 8点","PASS"
"GeneratedInstance","I015","blue","stat","冷却","ItemInstanceProjectionContract.Stats + ItemStatRangeSchema","5回合","候选区间：5回合 ～ 6回合","PASS"
"GeneratedInstance","I015","blue","stat","护势","ItemInstanceProjectionContract.Stats + ItemStatRangeSchema","45","候选区间：36 ～ 47","PASS"
"GeneratedInstance","I015","blue","stat","耗念","ItemInstanceProjectionContract.Stats + ItemStatRangeSchema","6点","候选区间：5点 ～ 6点","PASS"
"GeneratedInstance","I015","blue","affix","护势提升","ItemInstanceProjectionContract.Affixes + ItemAffixPoolAndRangeSchema","+6.49%","Debug retains slot/affix/profile/raw/formatted/range","PASS"
"GeneratedInstance","I015","blue","affix","控制提升","ItemInstanceProjectionContract.Affixes + ItemAffixPoolAndRangeSchema","+6点","Debug retains slot/affix/profile/raw/formatted/range","PASS"
"GeneratedInstance","I015","blue","identity","中岳镇守章","ItemInnerDataCatalog + ItemInstanceProjectionContract identity","Chinese header/meta","itemInstanceId/baseItemId/rarity/generation trace","PASS"
"GeneratedInstance","I015","blue","core","核心效果","eligibleCoreEffectIds + visibleCoreEffectIds + candidate descriptors","visible names and hidden count","all eligible/visible IDs","PASS"
"GeneratedInstance","I015","blue","build","Build","buildQualification + read-only Build snapshot","qualification/count/stage + missing payload placeholder","qualification/build ids/count/state","PASS"
"GeneratedInstance","I015","purple","stat","控制","ItemInstanceProjectionContract.Stats + ItemStatRangeSchema","9点","候选区间：7点 ～ 9点","PASS"
"GeneratedInstance","I015","purple","stat","冷却","ItemInstanceProjectionContract.Stats + ItemStatRangeSchema","5回合","候选区间：4回合 ～ 5回合","PASS"
"GeneratedInstance","I015","purple","stat","护势","ItemInstanceProjectionContract.Stats + ItemStatRangeSchema","49","候选区间：43 ～ 52","PASS"
"GeneratedInstance","I015","purple","stat","耗念","ItemInstanceProjectionContract.Stats + ItemStatRangeSchema","4点","候选区间：4点 ～ 5点","PASS"
"GeneratedInstance","I015","purple","affix","护势提升","ItemInstanceProjectionContract.Affixes + ItemAffixPoolAndRangeSchema","+11.84%","Debug retains slot/affix/profile/raw/formatted/range","PASS"
"GeneratedInstance","I015","purple","affix","耗念效率","ItemInstanceProjectionContract.Affixes + ItemAffixPoolAndRangeSchema","+11.21%","Debug retains slot/affix/profile/raw/formatted/range","PASS"
"GeneratedInstance","I015","purple","identity","中岳镇守章","ItemInnerDataCatalog + ItemInstanceProjectionContract identity","Chinese header/meta","itemInstanceId/baseItemId/rarity/generation trace","PASS"
"GeneratedInstance","I015","purple","core","核心效果","eligibleCoreEffectIds + visibleCoreEffectIds + candidate descriptors","visible names and hidden count","all eligible/visible IDs","PASS"
"GeneratedInstance","I015","purple","build","Build","buildQualification + read-only Build snapshot","qualification/count/stage + missing payload placeholder","qualification/build ids/count/state","PASS"
"GeneratedInstance","I015","orange","stat","控制","ItemInstanceProjectionContract.Stats + ItemStatRangeSchema","10点","候选区间：9点 ～ 10点","PASS"
"GeneratedInstance","I015","orange","stat","冷却","ItemInstanceProjectionContract.Stats + ItemStatRangeSchema","5回合","候选区间：4回合 ～ 5回合","PASS"
"GeneratedInstance","I015","orange","stat","护势","ItemInstanceProjectionContract.Stats + ItemStatRangeSchema","53","候选区间：50 ～ 55","PASS"
"GeneratedInstance","I015","orange","stat","耗念","ItemInstanceProjectionContract.Stats + ItemStatRangeSchema","5点","候选区间：4点 ～ 5点","PASS"
"GeneratedInstance","I015","orange","affix","护势提升","ItemInstanceProjectionContract.Affixes + ItemAffixPoolAndRangeSchema","+14.02%","Debug retains slot/affix/profile/raw/formatted/range","PASS"
"GeneratedInstance","I015","orange","affix","控制提升","ItemInstanceProjectionContract.Affixes + ItemAffixPoolAndRangeSchema","+10点","Debug retains slot/affix/profile/raw/formatted/range","PASS"
"GeneratedInstance","I015","orange","identity","中岳镇守章","ItemInnerDataCatalog + ItemInstanceProjectionContract identity","Chinese header/meta","itemInstanceId/baseItemId/rarity/generation trace","PASS"
"GeneratedInstance","I015","orange","core","核心效果","eligibleCoreEffectIds + visibleCoreEffectIds + candidate descriptors","visible names and hidden count","all eligible/visible IDs","PASS"
"GeneratedInstance","I015","orange","build","Build","buildQualification + read-only Build snapshot","qualification/count/stage + missing payload placeholder","qualification/build ids/count/state","PASS"
"GeneratedInstance","I016","white","stat","冷却","ItemInstanceProjectionContract.Stats + ItemStatRangeSchema","5回合","候选区间：4回合 ～ 5回合","PASS"
"GeneratedInstance","I016","white","stat","持续","ItemInstanceProjectionContract.Stats + ItemStatRangeSchema","1回合","候选区间：1回合 ～ 2回合","PASS"
"GeneratedInstance","I016","white","stat","护势","ItemInstanceProjectionContract.Stats + ItemStatRangeSchema","16","候选区间：16 ～ 23","PASS"
"GeneratedInstance","I016","white","stat","耗念","ItemInstanceProjectionContract.Stats + ItemStatRangeSchema","6点","候选区间：5点 ～ 6点","PASS"
"GeneratedInstance","I016","white","affix","护势提升","ItemInstanceProjectionContract.Affixes + ItemAffixPoolAndRangeSchema","+2.98%","Debug retains slot/affix/profile/raw/formatted/range","PASS"
"GeneratedInstance","I016","white","affix","耗念效率","ItemInstanceProjectionContract.Affixes + ItemAffixPoolAndRangeSchema","+2.47%","Debug retains slot/affix/profile/raw/formatted/range","PASS"
"GeneratedInstance","I016","white","identity","护坛令旗","ItemInnerDataCatalog + ItemInstanceProjectionContract identity","Chinese header/meta","itemInstanceId/baseItemId/rarity/generation trace","PASS"
"GeneratedInstance","I016","white","core","核心效果","eligibleCoreEffectIds + visibleCoreEffectIds + candidate descriptors","visible names and hidden count","all eligible/visible IDs","PASS"
"GeneratedInstance","I016","white","build","Build","buildQualification + read-only Build snapshot","qualification/count/stage + missing payload placeholder","qualification/build ids/count/state","PASS"
"GeneratedInstance","I016","green","stat","冷却","ItemInstanceProjectionContract.Stats + ItemStatRangeSchema","4回合","候选区间：4回合 ～ 4回合","PASS"
"GeneratedInstance","I016","green","stat","持续","ItemInstanceProjectionContract.Stats + ItemStatRangeSchema","4回合","候选区间：2回合 ～ 4回合","PASS"
"GeneratedInstance","I016","green","stat","护势","ItemInstanceProjectionContract.Stats + ItemStatRangeSchema","23","候选区间：22 ～ 30","PASS"
"GeneratedInstance","I016","green","stat","耗念","ItemInstanceProjectionContract.Stats + ItemStatRangeSchema","5点","候选区间：5点 ～ 5点","PASS"
"GeneratedInstance","I016","green","affix","护势提升","ItemInstanceProjectionContract.Affixes + ItemAffixPoolAndRangeSchema","+4.27%","Debug retains slot/affix/profile/raw/formatted/range","PASS"
"GeneratedInstance","I016","green","affix","冷却缩减","ItemInstanceProjectionContract.Affixes + ItemAffixPoolAndRangeSchema","+5.05%","Debug retains slot/affix/profile/raw/formatted/range","PASS"
"GeneratedInstance","I016","green","identity","护坛令旗","ItemInnerDataCatalog + ItemInstanceProjectionContract identity","Chinese header/meta","itemInstanceId/baseItemId/rarity/generation trace","PASS"
"GeneratedInstance","I016","green","core","核心效果","eligibleCoreEffectIds + visibleCoreEffectIds + candidate descriptors","visible names and hidden count","all eligible/visible IDs","PASS"
"GeneratedInstance","I016","green","build","Build","buildQualification + read-only Build snapshot","qualification/count/stage + missing payload placeholder","qualification/build ids/count/state","PASS"
"GeneratedInstance","I016","blue","stat","冷却","ItemInstanceProjectionContract.Stats + ItemStatRangeSchema","4回合","候选区间：3回合 ～ 4回合","PASS"
"GeneratedInstance","I016","blue","stat","持续","ItemInstanceProjectionContract.Stats + ItemStatRangeSchema","3回合","候选区间：3回合 ～ 5回合","PASS"
"GeneratedInstance","I016","blue","stat","护势","ItemInstanceProjectionContract.Stats + ItemStatRangeSchema","30","候选区间：29 ～ 37","PASS"
"GeneratedInstance","I016","blue","stat","耗念","ItemInstanceProjectionContract.Stats + ItemStatRangeSchema","5点","候选区间：4点 ～ 5点","PASS"
"GeneratedInstance","I016","blue","affix","护势提升","ItemInstanceProjectionContract.Affixes + ItemAffixPoolAndRangeSchema","+6.7%","Debug retains slot/affix/profile/raw/formatted/range","PASS"
"GeneratedInstance","I016","blue","affix","耗念效率","ItemInstanceProjectionContract.Affixes + ItemAffixPoolAndRangeSchema","+6.26%","Debug retains slot/affix/profile/raw/formatted/range","PASS"
"GeneratedInstance","I016","blue","identity","护坛令旗","ItemInnerDataCatalog + ItemInstanceProjectionContract identity","Chinese header/meta","itemInstanceId/baseItemId/rarity/generation trace","PASS"
"GeneratedInstance","I016","blue","core","核心效果","eligibleCoreEffectIds + visibleCoreEffectIds + candidate descriptors","visible names and hidden count","all eligible/visible IDs","PASS"
"GeneratedInstance","I016","blue","build","Build","buildQualification + read-only Build snapshot","qualification/count/stage + missing payload placeholder","qualification/build ids/count/state","PASS"
"GeneratedInstance","I016","purple","stat","冷却","ItemInstanceProjectionContract.Stats + ItemStatRangeSchema","3回合","候选区间：2回合 ～ 3回合","PASS"
"GeneratedInstance","I016","purple","stat","持续","ItemInstanceProjectionContract.Stats + ItemStatRangeSchema","4回合","候选区间：4回合 ～ 5回合","PASS"
"GeneratedInstance","I016","purple","stat","护势","ItemInstanceProjectionContract.Stats + ItemStatRangeSchema","37","候选区间：34 ～ 41","PASS"
"GeneratedInstance","I016","purple","stat","耗念","ItemInstanceProjectionContract.Stats + ItemStatRangeSchema","4点","候选区间：3点 ～ 4点","PASS"
"GeneratedInstance","I016","purple","affix","护势提升","ItemInstanceProjectionContract.Affixes + ItemAffixPoolAndRangeSchema","+8.62%","Debug retains slot/affix/profile/raw/formatted/range","PASS"
"GeneratedInstance","I016","purple","affix","持续提升","ItemInstanceProjectionContract.Affixes + ItemAffixPoolAndRangeSchema","+4回合","Debug retains slot/affix/profile/raw/formatted/range","PASS"
"GeneratedInstance","I016","purple","identity","护坛令旗","ItemInnerDataCatalog + ItemInstanceProjectionContract identity","Chinese header/meta","itemInstanceId/baseItemId/rarity/generation trace","PASS"
"GeneratedInstance","I016","purple","core","核心效果","eligibleCoreEffectIds + visibleCoreEffectIds + candidate descriptors","visible names and hidden count","all eligible/visible IDs","PASS"
"GeneratedInstance","I016","purple","build","Build","buildQualification + read-only Build snapshot","qualification/count/stage + missing payload placeholder","qualification/build ids/count/state","PASS"
"GeneratedInstance","I016","orange","stat","冷却","ItemInstanceProjectionContract.Stats + ItemStatRangeSchema","3回合","候选区间：2回合 ～ 3回合","PASS"
"GeneratedInstance","I016","orange","stat","持续","ItemInstanceProjectionContract.Stats + ItemStatRangeSchema","6回合","候选区间：5回合 ～ 6回合","PASS"
"GeneratedInstance","I016","orange","stat","护势","ItemInstanceProjectionContract.Stats + ItemStatRangeSchema","42","候选区间：40 ～ 44","PASS"
"GeneratedInstance","I016","orange","stat","耗念","ItemInstanceProjectionContract.Stats + ItemStatRangeSchema","4点","候选区间：3点 ～ 4点","PASS"
"GeneratedInstance","I016","orange","affix","护势提升","ItemInstanceProjectionContract.Affixes + ItemAffixPoolAndRangeSchema","+14.03%","Debug retains slot/affix/profile/raw/formatted/range","PASS"
"GeneratedInstance","I016","orange","affix","冷却缩减","ItemInstanceProjectionContract.Affixes + ItemAffixPoolAndRangeSchema","+15.78%","Debug retains slot/affix/profile/raw/formatted/range","PASS"
"GeneratedInstance","I016","orange","identity","护坛令旗","ItemInnerDataCatalog + ItemInstanceProjectionContract identity","Chinese header/meta","itemInstanceId/baseItemId/rarity/generation trace","PASS"
"GeneratedInstance","I016","orange","core","核心效果","eligibleCoreEffectIds + visibleCoreEffectIds + candidate descriptors","visible names and hidden count","all eligible/visible IDs","PASS"
"GeneratedInstance","I016","orange","build","Build","buildQualification + read-only Build snapshot","qualification/count/stage + missing payload placeholder","qualification/build ids/count/state","PASS"
"GeneratedInstance","I017","white","stat","控制","ItemInstanceProjectionContract.Stats + ItemStatRangeSchema","2点","候选区间：1点 ～ 3点","PASS"
"GeneratedInstance","I017","white","stat","冷却","ItemInstanceProjectionContract.Stats + ItemStatRangeSchema","5回合","候选区间：5回合 ～ 6回合","PASS"
"GeneratedInstance","I017","white","stat","护势","ItemInstanceProjectionContract.Stats + ItemStatRangeSchema","18","候选区间：18 ～ 26","PASS"
"GeneratedInstance","I017","white","stat","耗念","ItemInstanceProjectionContract.Stats + ItemStatRangeSchema","7点","候选区间：6点 ～ 7点","PASS"
"GeneratedInstance","I017","white","affix","护势提升","ItemInstanceProjectionContract.Affixes + ItemAffixPoolAndRangeSchema","+3.3%","Debug retains slot/affix/profile/raw/formatted/range","PASS"
"GeneratedInstance","I017","white","affix","耗念效率","ItemInstanceProjectionContract.Affixes + ItemAffixPoolAndRangeSchema","+3.15%","Debug retains slot/affix/profile/raw/formatted/range","PASS"
"GeneratedInstance","I017","white","identity","照邪八卦镜","ItemInnerDataCatalog + ItemInstanceProjectionContract identity","Chinese header/meta","itemInstanceId/baseItemId/rarity/generation trace","PASS"
"GeneratedInstance","I017","white","core","核心效果","eligibleCoreEffectIds + visibleCoreEffectIds + candidate descriptors","visible names and hidden count","all eligible/visible IDs","PASS"
"GeneratedInstance","I017","white","build","Build","buildQualification + read-only Build snapshot","qualification/count/stage + missing payload placeholder","qualification/build ids/count/state","PASS"
"GeneratedInstance","I017","green","stat","控制","ItemInstanceProjectionContract.Stats + ItemStatRangeSchema","6点","候选区间：3点 ～ 6点","PASS"
"GeneratedInstance","I017","green","stat","冷却","ItemInstanceProjectionContract.Stats + ItemStatRangeSchema","5回合","候选区间：5回合 ～ 5回合","PASS"
"GeneratedInstance","I017","green","stat","护势","ItemInstanceProjectionContract.Stats + ItemStatRangeSchema","26","候选区间：25 ～ 35","PASS"
"GeneratedInstance","I017","green","stat","耗念","ItemInstanceProjectionContract.Stats + ItemStatRangeSchema","6点","候选区间：5点 ～ 6点","PASS"
"GeneratedInstance","I017","green","affix","护势提升","ItemInstanceProjectionContract.Affixes + ItemAffixPoolAndRangeSchema","+3.77%","Debug retains slot/affix/profile/raw/formatted/range","PASS"
"GeneratedInstance","I017","green","affix","控制提升","ItemInstanceProjectionContract.Affixes + ItemAffixPoolAndRangeSchema","+5点","Debug retains slot/affix/profile/raw/formatted/range","PASS"
"GeneratedInstance","I017","green","identity","照邪八卦镜","ItemInnerDataCatalog + ItemInstanceProjectionContract identity","Chinese header/meta","itemInstanceId/baseItemId/rarity/generation trace","PASS"
"GeneratedInstance","I017","green","core","核心效果","eligibleCoreEffectIds + visibleCoreEffectIds + candidate descriptors","visible names and hidden count","all eligible/visible IDs","PASS"
"GeneratedInstance","I017","green","build","Build","buildQualification + read-only Build snapshot","qualification/count/stage + missing payload placeholder","qualification/build ids/count/state","PASS"
"GeneratedInstance","I017","blue","stat","控制","ItemInstanceProjectionContract.Stats + ItemStatRangeSchema","6点","候选区间：5点 ～ 8点","PASS"
"GeneratedInstance","I017","blue","stat","冷却","ItemInstanceProjectionContract.Stats + ItemStatRangeSchema","5回合","候选区间：4回合 ～ 5回合","PASS"
"GeneratedInstance","I017","blue","stat","护势","ItemInstanceProjectionContract.Stats + ItemStatRangeSchema","41","候选区间：33 ～ 43","PASS"
"GeneratedInstance","I017","blue","stat","耗念","ItemInstanceProjectionContract.Stats + ItemStatRangeSchema","5点","候选区间：4点 ～ 5点","PASS"
"GeneratedInstance","I017","blue","affix","护势提升","ItemInstanceProjectionContract.Affixes + ItemAffixPoolAndRangeSchema","+8.94%","Debug retains slot/affix/profile/raw/formatted/range","PASS"
"GeneratedInstance","I017","blue","affix","控制提升","ItemInstanceProjectionContract.Affixes + ItemAffixPoolAndRangeSchema","+8点","Debug retains slot/affix/profile/raw/formatted/range","PASS"
"GeneratedInstance","I017","blue","identity","照邪八卦镜","ItemInnerDataCatalog + ItemInstanceProjectionContract identity","Chinese header/meta","itemInstanceId/baseItemId/rarity/generation trace","PASS"
"GeneratedInstance","I017","blue","core","核心效果","eligibleCoreEffectIds + visibleCoreEffectIds + candidate descriptors","visible names and hidden count","all eligible/visible IDs","PASS"
"GeneratedInstance","I017","blue","build","Build","buildQualification + read-only Build snapshot","qualification/count/stage + missing payload placeholder","qualification/build ids/count/state","PASS"
"GeneratedInstance","I017","purple","stat","控制","ItemInstanceProjectionContract.Stats + ItemStatRangeSchema","8点","候选区间：7点 ～ 9点","PASS"
"GeneratedInstance","I017","purple","stat","冷却","ItemInstanceProjectionContract.Stats + ItemStatRangeSchema","3回合","候选区间：3回合 ～ 4回合","PASS"
"GeneratedInstance","I017","purple","stat","护势","ItemInstanceProjectionContract.Stats + ItemStatRangeSchema","44","候选区间：39 ～ 48","PASS"
"GeneratedInstance","I017","purple","stat","耗念","ItemInstanceProjectionContract.Stats + ItemStatRangeSchema","4点","候选区间：3点 ～ 4点","PASS"
"GeneratedInstance","I017","purple","affix","护势提升","ItemInstanceProjectionContract.Affixes + ItemAffixPoolAndRangeSchema","+12.87%","Debug retains slot/affix/profile/raw/formatted/range","PASS"
"GeneratedInstance","I017","purple","affix","耗念效率","ItemInstanceProjectionContract.Affixes + ItemAffixPoolAndRangeSchema","+10.94%","Debug retains slot/affix/profile/raw/formatted/range","PASS"
"GeneratedInstance","I017","purple","identity","照邪八卦镜","ItemInnerDataCatalog + ItemInstanceProjectionContract identity","Chinese header/meta","itemInstanceId/baseItemId/rarity/generation trace","PASS"
"GeneratedInstance","I017","purple","core","核心效果","eligibleCoreEffectIds + visibleCoreEffectIds + candidate descriptors","visible names and hidden count","all eligible/visible IDs","PASS"
"GeneratedInstance","I017","purple","build","Build","buildQualification + read-only Build snapshot","qualification/count/stage + missing payload placeholder","qualification/build ids/count/state","PASS"
"GeneratedInstance","I017","orange","stat","控制","ItemInstanceProjectionContract.Stats + ItemStatRangeSchema","9点","候选区间：9点 ～ 10点","PASS"
"GeneratedInstance","I017","orange","stat","冷却","ItemInstanceProjectionContract.Stats + ItemStatRangeSchema","4回合","候选区间：3回合 ～ 4回合","PASS"
"GeneratedInstance","I017","orange","stat","护势","ItemInstanceProjectionContract.Stats + ItemStatRangeSchema","51","候选区间：46 ～ 51","PASS"
"GeneratedInstance","I017","orange","stat","耗念","ItemInstanceProjectionContract.Stats + ItemStatRangeSchema","4点","候选区间：3点 ～ 4点","PASS"
"GeneratedInstance","I017","orange","affix","护势提升","ItemInstanceProjectionContract.Affixes + ItemAffixPoolAndRangeSchema","+16.6%","Debug retains slot/affix/profile/raw/formatted/range","PASS"
"GeneratedInstance","I017","orange","affix","耗念效率","ItemInstanceProjectionContract.Affixes + ItemAffixPoolAndRangeSchema","+17.01%","Debug retains slot/affix/profile/raw/formatted/range","PASS"
"GeneratedInstance","I017","orange","identity","照邪八卦镜","ItemInnerDataCatalog + ItemInstanceProjectionContract identity","Chinese header/meta","itemInstanceId/baseItemId/rarity/generation trace","PASS"
"GeneratedInstance","I017","orange","core","核心效果","eligibleCoreEffectIds + visibleCoreEffectIds + candidate descriptors","visible names and hidden count","all eligible/visible IDs","PASS"
"GeneratedInstance","I017","orange","build","Build","buildQualification + read-only Build snapshot","qualification/count/stage + missing payload placeholder","qualification/build ids/count/state","PASS"
"GeneratedInstance","I018","white","stat","冷却","ItemInstanceProjectionContract.Stats + ItemStatRangeSchema","7回合","候选区间：7回合 ～ 8回合","PASS"
"GeneratedInstance","I018","white","stat","持续","ItemInstanceProjectionContract.Stats + ItemStatRangeSchema","2回合","候选区间：1回合 ～ 2回合","PASS"
"GeneratedInstance","I018","white","stat","护势","ItemInstanceProjectionContract.Stats + ItemStatRangeSchema","36","候选区间：28 ～ 40","PASS"
"GeneratedInstance","I018","white","stat","耗念","ItemInstanceProjectionContract.Stats + ItemStatRangeSchema","8点","候选区间：8点 ～ 9点","PASS"
"GeneratedInstance","I018","white","affix","护势提升","ItemInstanceProjectionContract.Affixes + ItemAffixPoolAndRangeSchema","+3.64%","Debug retains slot/affix/profile/raw/formatted/range","PASS"
"GeneratedInstance","I018","white","affix","耗念效率","ItemInstanceProjectionContract.Affixes + ItemAffixPoolAndRangeSchema","+2.36%","Debug retains slot/affix/profile/raw/formatted/range","PASS"
"GeneratedInstance","I018","white","identity","镇山铜鼎","ItemInnerDataCatalog + ItemInstanceProjectionContract identity","Chinese header/meta","itemInstanceId/baseItemId/rarity/generation trace","PASS"
"GeneratedInstance","I018","white","core","核心效果","eligibleCoreEffectIds + visibleCoreEffectIds + candidate descriptors","visible names and hidden count","all eligible/visible IDs","PASS"
"GeneratedInstance","I018","white","build","Build","buildQualification + read-only Build snapshot","qualification/count/stage + missing payload placeholder","qualification/build ids/count/state","PASS"
"GeneratedInstance","I018","green","stat","冷却","ItemInstanceProjectionContract.Stats + ItemStatRangeSchema","7回合","候选区间：7回合 ～ 7回合","PASS"
"GeneratedInstance","I018","green","stat","持续","ItemInstanceProjectionContract.Stats + ItemStatRangeSchema","3回合","候选区间：2回合 ～ 4回合","PASS"
"GeneratedInstance","I018","green","stat","护势","ItemInstanceProjectionContract.Stats + ItemStatRangeSchema","44","候选区间：37 ～ 51","PASS"
"GeneratedInstance","I018","green","stat","耗念","ItemInstanceProjectionContract.Stats + ItemStatRangeSchema","7点","候选区间：7点 ～ 8点","PASS"
"GeneratedInstance","I018","green","affix","护势提升","ItemInstanceProjectionContract.Affixes + ItemAffixPoolAndRangeSchema","+3.97%","Debug retains slot/affix/profile/raw/formatted/range","PASS"
"GeneratedInstance","I018","green","affix","持续提升","ItemInstanceProjectionContract.Affixes + ItemAffixPoolAndRangeSchema","+3回合","Debug retains slot/affix/profile/raw/formatted/range","PASS"
"GeneratedInstance","I018","green","identity","镇山铜鼎","ItemInnerDataCatalog + ItemInstanceProjectionContract identity","Chinese header/meta","itemInstanceId/baseItemId/rarity/generation trace","PASS"
"GeneratedInstance","I018","green","core","核心效果","eligibleCoreEffectIds + visibleCoreEffectIds + candidate descriptors","visible names and hidden count","all eligible/visible IDs","PASS"
"GeneratedInstance","I018","green","build","Build","buildQualification + read-only Build snapshot","qualification/count/stage + missing payload placeholder","qualification/build ids/count/state","PASS"
"GeneratedInstance","I018","blue","stat","冷却","ItemInstanceProjectionContract.Stats + ItemStatRangeSchema","7回合","候选区间：6回合 ～ 7回合","PASS"
"GeneratedInstance","I018","blue","stat","持续","ItemInstanceProjectionContract.Stats + ItemStatRangeSchema","4回合","候选区间：3回合 ～ 5回合","PASS"
"GeneratedInstance","I018","blue","stat","护势","ItemInstanceProjectionContract.Stats + ItemStatRangeSchema","57","候选区间：49 ～ 63","PASS"
"GeneratedInstance","I018","blue","stat","耗念","ItemInstanceProjectionContract.Stats + ItemStatRangeSchema","7点","候选区间：6点 ～ 7点","PASS"
"GeneratedInstance","I018","blue","affix","护势提升","ItemInstanceProjectionContract.Affixes + ItemAffixPoolAndRangeSchema","+8.77%","Debug retains slot/affix/profile/raw/formatted/range","PASS"
"GeneratedInstance","I018","blue","affix","耗念效率","ItemInstanceProjectionContract.Affixes + ItemAffixPoolAndRangeSchema","+8.4%","Debug retains slot/affix/profile/raw/formatted/range","PASS"
"GeneratedInstance","I018","blue","identity","镇山铜鼎","ItemInnerDataCatalog + ItemInstanceProjectionContract identity","Chinese header/meta","itemInstanceId/baseItemId/rarity/generation trace","PASS"
"GeneratedInstance","I018","blue","core","核心效果","eligibleCoreEffectIds + visibleCoreEffectIds + candidate descriptors","visible names and hidden count","all eligible/visible IDs","PASS"
"GeneratedInstance","I018","blue","build","Build","buildQualification + read-only Build snapshot","qualification/count/stage + missing payload placeholder","qualification/build ids/count/state","PASS"
"GeneratedInstance","I018","purple","stat","冷却","ItemInstanceProjectionContract.Stats + ItemStatRangeSchema","6回合","候选区间：5回合 ～ 6回合","PASS"
"GeneratedInstance","I018","purple","stat","持续","ItemInstanceProjectionContract.Stats + ItemStatRangeSchema","4回合","候选区间：4回合 ～ 5回合","PASS"
"GeneratedInstance","I018","purple","stat","护势","ItemInstanceProjectionContract.Stats + ItemStatRangeSchema","62","候选区间：58 ～ 69","PASS"
"GeneratedInstance","I018","purple","stat","耗念","ItemInstanceProjectionContract.Stats + ItemStatRangeSchema","6点","候选区间：5点 ～ 6点","PASS"
"GeneratedInstance","I018","purple","affix","护势提升","ItemInstanceProjectionContract.Affixes + ItemAffixPoolAndRangeSchema","+8.84%","Debug retains slot/affix/profile/raw/formatted/range","PASS"
"GeneratedInstance","I018","purple","affix","持续提升","ItemInstanceProjectionContract.Affixes + ItemAffixPoolAndRangeSchema","+5回合","Debug retains slot/affix/profile/raw/formatted/range","PASS"
"GeneratedInstance","I018","purple","identity","镇山铜鼎","ItemInnerDataCatalog + ItemInstanceProjectionContract identity","Chinese header/meta","itemInstanceId/baseItemId/rarity/generation trace","PASS"
"GeneratedInstance","I018","purple","core","核心效果","eligibleCoreEffectIds + visibleCoreEffectIds + candidate descriptors","visible names and hidden count","all eligible/visible IDs","PASS"
"GeneratedInstance","I018","purple","build","Build","buildQualification + read-only Build snapshot","qualification/count/stage + missing payload placeholder","qualification/build ids/count/state","PASS"
"GeneratedInstance","I018","orange","stat","冷却","ItemInstanceProjectionContract.Stats + ItemStatRangeSchema","6回合","候选区间：5回合 ～ 6回合","PASS"
"GeneratedInstance","I018","orange","stat","持续","ItemInstanceProjectionContract.Stats + ItemStatRangeSchema","5回合","候选区间：5回合 ～ 6回合","PASS"
"GeneratedInstance","I018","orange","stat","护势","ItemInstanceProjectionContract.Stats + ItemStatRangeSchema","74","候选区间：67 ～ 74","PASS"
"GeneratedInstance","I018","orange","stat","耗念","ItemInstanceProjectionContract.Stats + ItemStatRangeSchema","5点","候选区间：5点 ～ 6点","PASS"
"GeneratedInstance","I018","orange","affix","护势提升","ItemInstanceProjectionContract.Affixes + ItemAffixPoolAndRangeSchema","+13.8%","Debug retains slot/affix/profile/raw/formatted/range","PASS"
"GeneratedInstance","I018","orange","affix","耗念效率","ItemInstanceProjectionContract.Affixes + ItemAffixPoolAndRangeSchema","+12.73%","Debug retains slot/affix/profile/raw/formatted/range","PASS"
"GeneratedInstance","I018","orange","identity","镇山铜鼎","ItemInnerDataCatalog + ItemInstanceProjectionContract identity","Chinese header/meta","itemInstanceId/baseItemId/rarity/generation trace","PASS"
"GeneratedInstance","I018","orange","core","核心效果","eligibleCoreEffectIds + visibleCoreEffectIds + candidate descriptors","visible names and hidden count","all eligible/visible IDs","PASS"
"GeneratedInstance","I018","orange","build","Build","buildQualification + read-only Build snapshot","qualification/count/stage + missing payload placeholder","qualification/build ids/count/state","PASS"
"GeneratedInstance","I019","white","stat","净化","ItemInstanceProjectionContract.Stats + ItemStatRangeSchema","1层","候选区间：1层 ～ 2层","PASS"
"GeneratedInstance","I019","white","stat","冷却","ItemInstanceProjectionContract.Stats + ItemStatRangeSchema","5回合","候选区间：5回合 ～ 6回合","PASS"
"GeneratedInstance","I019","white","stat","回复","ItemInstanceProjectionContract.Stats + ItemStatRangeSchema","5","候选区间：4 ～ 6","PASS"
"GeneratedInstance","I019","white","stat","耗念","ItemInstanceProjectionContract.Stats + ItemStatRangeSchema","5点","候选区间：4点 ～ 5点","PASS"
"GeneratedInstance","I019","white","affix","净化提升","ItemInstanceProjectionContract.Affixes + ItemAffixPoolAndRangeSchema","+1层","Debug retains slot/affix/profile/raw/formatted/range","PASS"
"GeneratedInstance","I019","white","affix","耗念效率","ItemInstanceProjectionContract.Affixes + ItemAffixPoolAndRangeSchema","+2.67%","Debug retains slot/affix/profile/raw/formatted/range","PASS"
"GeneratedInstance","I019","white","identity","净水符","ItemInnerDataCatalog + ItemInstanceProjectionContract identity","Chinese header/meta","itemInstanceId/baseItemId/rarity/generation trace","PASS"
"GeneratedInstance","I019","white","core","核心效果","eligibleCoreEffectIds + visibleCoreEffectIds + candidate descriptors","visible names and hidden count","all eligible/visible IDs","PASS"
"GeneratedInstance","I019","white","build","Build","buildQualification + read-only Build snapshot","qualification/count/stage + missing payload placeholder","qualification/build ids/count/state","PASS"
"GeneratedInstance","I019","green","stat","净化","ItemInstanceProjectionContract.Stats + ItemStatRangeSchema","2层","候选区间：2层 ～ 3层","PASS"
"GeneratedInstance","I019","green","stat","冷却","ItemInstanceProjectionContract.Stats + ItemStatRangeSchema","5回合","候选区间：5回合 ～ 5回合","PASS"
"GeneratedInstance","I019","green","stat","回复","ItemInstanceProjectionContract.Stats + ItemStatRangeSchema","6","候选区间：6 ～ 9","PASS"
"GeneratedInstance","I019","green","stat","耗念","ItemInstanceProjectionContract.Stats + ItemStatRangeSchema","4点","候选区间：4点 ～ 4点","PASS"
"GeneratedInstance","I019","green","affix","净化提升","ItemInstanceProjectionContract.Affixes + ItemAffixPoolAndRangeSchema","+2层","Debug retains slot/affix/profile/raw/formatted/range","PASS"
"GeneratedInstance","I019","green","affix","冷却缩减","ItemInstanceProjectionContract.Affixes + ItemAffixPoolAndRangeSchema","+4.64%","Debug retains slot/affix/profile/raw/formatted/range","PASS"
"GeneratedInstance","I019","green","identity","净水符","ItemInnerDataCatalog + ItemInstanceProjectionContract identity","Chinese header/meta","itemInstanceId/baseItemId/rarity/generation trace","PASS"
"GeneratedInstance","I019","green","core","核心效果","eligibleCoreEffectIds + visibleCoreEffectIds + candidate descriptors","visible names and hidden count","all eligible/visible IDs","PASS"
"GeneratedInstance","I019","green","build","Build","buildQualification + read-only Build snapshot","qualification/count/stage + missing payload placeholder","qualification/build ids/count/state","PASS"
"GeneratedInstance","I019","blue","stat","净化","ItemInstanceProjectionContract.Stats + ItemStatRangeSchema","4层","候选区间：3层 ～ 4层","PASS"
"GeneratedInstance","I019","blue","stat","冷却","ItemInstanceProjectionContract.Stats + ItemStatRangeSchema","5回合","候选区间：4回合 ～ 5回合","PASS"
"GeneratedInstance","I019","blue","stat","回复","ItemInstanceProjectionContract.Stats + ItemStatRangeSchema","9","候选区间：8 ～ 11","PASS"
"GeneratedInstance","I019","blue","stat","耗念","ItemInstanceProjectionContract.Stats + ItemStatRangeSchema","3点","候选区间：3点 ～ 4点","PASS"
"GeneratedInstance","I019","blue","affix","净化提升","ItemInstanceProjectionContract.Affixes + ItemAffixPoolAndRangeSchema","+3层","Debug retains slot/affix/profile/raw/formatted/range","PASS"
"GeneratedInstance","I019","blue","affix","耗念效率","ItemInstanceProjectionContract.Affixes + ItemAffixPoolAndRangeSchema","+8.48%","Debug retains slot/affix/profile/raw/formatted/range","PASS"
"GeneratedInstance","I019","blue","identity","净水符","ItemInnerDataCatalog + ItemInstanceProjectionContract identity","Chinese header/meta","itemInstanceId/baseItemId/rarity/generation trace","PASS"
"GeneratedInstance","I019","blue","core","核心效果","eligibleCoreEffectIds + visibleCoreEffectIds + candidate descriptors","visible names and hidden count","all eligible/visible IDs","PASS"
"GeneratedInstance","I019","blue","build","Build","buildQualification + read-only Build snapshot","qualification/count/stage + missing payload placeholder","qualification/build ids/count/state","PASS"
"GeneratedInstance","I019","purple","stat","净化","ItemInstanceProjectionContract.Stats + ItemStatRangeSchema","4层","候选区间：4层 ～ 5层","PASS"
"GeneratedInstance","I019","purple","stat","冷却","ItemInstanceProjectionContract.Stats + ItemStatRangeSchema","4回合","候选区间：3回合 ～ 4回合","PASS"
"GeneratedInstance","I019","purple","stat","回复","ItemInstanceProjectionContract.Stats + ItemStatRangeSchema","10","候选区间：10 ～ 12","PASS"
"GeneratedInstance","I019","purple","stat","耗念","ItemInstanceProjectionContract.Stats + ItemStatRangeSchema","2点","候选区间：2点 ～ 3点","PASS"
"GeneratedInstance","I019","purple","affix","净化提升","ItemInstanceProjectionContract.Affixes + ItemAffixPoolAndRangeSchema","+5层","Debug retains slot/affix/profile/raw/formatted/range","PASS"
"GeneratedInstance","I019","purple","affix","冷却缩减","ItemInstanceProjectionContract.Affixes + ItemAffixPoolAndRangeSchema","+8.27%","Debug retains slot/affix/profile/raw/formatted/range","PASS"
"GeneratedInstance","I019","purple","identity","净水符","ItemInnerDataCatalog + ItemInstanceProjectionContract identity","Chinese header/meta","itemInstanceId/baseItemId/rarity/generation trace","PASS"
"GeneratedInstance","I019","purple","core","核心效果","eligibleCoreEffectIds + visibleCoreEffectIds + candidate descriptors","visible names and hidden count","all eligible/visible IDs","PASS"
"GeneratedInstance","I019","purple","build","Build","buildQualification + read-only Build snapshot","qualification/count/stage + missing payload placeholder","qualification/build ids/count/state","PASS"
"GeneratedInstance","I019","orange","stat","净化","ItemInstanceProjectionContract.Stats + ItemStatRangeSchema","4层","候选区间：4层 ～ 5层","PASS"
"GeneratedInstance","I019","orange","stat","冷却","ItemInstanceProjectionContract.Stats + ItemStatRangeSchema","4回合","候选区间：3回合 ～ 4回合","PASS"
"GeneratedInstance","I019","orange","stat","回复","ItemInstanceProjectionContract.Stats + ItemStatRangeSchema","13","候选区间：12 ～ 13","PASS"
"GeneratedInstance","I019","orange","stat","耗念","ItemInstanceProjectionContract.Stats + ItemStatRangeSchema","3点","候选区间：2点 ～ 3点","PASS"
"GeneratedInstance","I019","orange","affix","净化提升","ItemInstanceProjectionContract.Affixes + ItemAffixPoolAndRangeSchema","+4层","Debug retains slot/affix/profile/raw/formatted/range","PASS"
"GeneratedInstance","I019","orange","affix","冷却缩减","ItemInstanceProjectionContract.Affixes + ItemAffixPoolAndRangeSchema","+15.55%","Debug retains slot/affix/profile/raw/formatted/range","PASS"
"GeneratedInstance","I019","orange","identity","净水符","ItemInnerDataCatalog + ItemInstanceProjectionContract identity","Chinese header/meta","itemInstanceId/baseItemId/rarity/generation trace","PASS"
"GeneratedInstance","I019","orange","core","核心效果","eligibleCoreEffectIds + visibleCoreEffectIds + candidate descriptors","visible names and hidden count","all eligible/visible IDs","PASS"
"GeneratedInstance","I019","orange","build","Build","buildQualification + read-only Build snapshot","qualification/count/stage + missing payload placeholder","qualification/build ids/count/state","PASS"
"GeneratedInstance","I020","white","stat","净化","ItemInstanceProjectionContract.Stats + ItemStatRangeSchema","1层","候选区间：1层 ～ 2层","PASS"
"GeneratedInstance","I020","white","stat","冷却","ItemInstanceProjectionContract.Stats + ItemStatRangeSchema","6回合","候选区间：5回合 ～ 6回合","PASS"
"GeneratedInstance","I020","white","stat","持续","ItemInstanceProjectionContract.Stats + ItemStatRangeSchema","2回合","候选区间：1回合 ～ 2回合","PASS"
"GeneratedInstance","I020","white","stat","耗念","ItemInstanceProjectionContract.Stats + ItemStatRangeSchema","5点","候选区间：5点 ～ 6点","PASS"
"GeneratedInstance","I020","white","affix","净化提升","ItemInstanceProjectionContract.Affixes + ItemAffixPoolAndRangeSchema","+1层","Debug retains slot/affix/profile/raw/formatted/range","PASS"
"GeneratedInstance","I020","white","affix","耗念效率","ItemInstanceProjectionContract.Affixes + ItemAffixPoolAndRangeSchema","+2.36%","Debug retains slot/affix/profile/raw/formatted/range","PASS"
"GeneratedInstance","I020","white","identity","涤秽长符","ItemInnerDataCatalog + ItemInstanceProjectionContract identity","Chinese header/meta","itemInstanceId/baseItemId/rarity/generation trace","PASS"
"GeneratedInstance","I020","white","core","核心效果","eligibleCoreEffectIds + visibleCoreEffectIds + candidate descriptors","visible names and hidden count","all eligible/visible IDs","PASS"
"GeneratedInstance","I020","white","build","Build","buildQualification + read-only Build snapshot","qualification/count/stage + missing payload placeholder","qualification/build ids/count/state","PASS"
"GeneratedInstance","I020","green","stat","净化","ItemInstanceProjectionContract.Stats + ItemStatRangeSchema","3层","候选区间：2层 ～ 3层","PASS"
"GeneratedInstance","I020","green","stat","冷却","ItemInstanceProjectionContract.Stats + ItemStatRangeSchema","5回合","候选区间：5回合 ～ 5回合","PASS"
"GeneratedInstance","I020","green","stat","持续","ItemInstanceProjectionContract.Stats + ItemStatRangeSchema","2回合","候选区间：2回合 ～ 4回合","PASS"
"GeneratedInstance","I020","green","stat","耗念","ItemInstanceProjectionContract.Stats + ItemStatRangeSchema","5点","候选区间：5点 ～ 5点","PASS"
"GeneratedInstance","I020","green","affix","净化提升","ItemInstanceProjectionContract.Affixes + ItemAffixPoolAndRangeSchema","+3层","Debug retains slot/affix/profile/raw/formatted/range","PASS"
"GeneratedInstance","I020","green","affix","耗念效率","ItemInstanceProjectionContract.Affixes + ItemAffixPoolAndRangeSchema","+3.93%","Debug retains slot/affix/profile/raw/formatted/range","PASS"
"GeneratedInstance","I020","green","identity","涤秽长符","ItemInnerDataCatalog + ItemInstanceProjectionContract identity","Chinese header/meta","itemInstanceId/baseItemId/rarity/generation trace","PASS"
"GeneratedInstance","I020","green","core","核心效果","eligibleCoreEffectIds + visibleCoreEffectIds + candidate descriptors","visible names and hidden count","all eligible/visible IDs","PASS"
"GeneratedInstance","I020","green","build","Build","buildQualification + read-only Build snapshot","qualification/count/stage + missing payload placeholder","qualification/build ids/count/state","PASS"
"GeneratedInstance","I020","blue","stat","净化","ItemInstanceProjectionContract.Stats + ItemStatRangeSchema","3层","候选区间：3层 ～ 4层","PASS"
"GeneratedInstance","I020","blue","stat","冷却","ItemInstanceProjectionContract.Stats + ItemStatRangeSchema","4回合","候选区间：4回合 ～ 5回合","PASS"
"GeneratedInstance","I020","blue","stat","持续","ItemInstanceProjectionContract.Stats + ItemStatRangeSchema","3回合","候选区间：3回合 ～ 5回合","PASS"
"GeneratedInstance","I020","blue","stat","耗念","ItemInstanceProjectionContract.Stats + ItemStatRangeSchema","5点","候选区间：4点 ～ 5点","PASS"
"GeneratedInstance","I020","blue","affix","净化提升","ItemInstanceProjectionContract.Affixes + ItemAffixPoolAndRangeSchema","+4层","Debug retains slot/affix/profile/raw/formatted/range","PASS"
"GeneratedInstance","I020","blue","affix","耗念效率","ItemInstanceProjectionContract.Affixes + ItemAffixPoolAndRangeSchema","+7.75%","Debug retains slot/affix/profile/raw/formatted/range","PASS"
"GeneratedInstance","I020","blue","identity","涤秽长符","ItemInnerDataCatalog + ItemInstanceProjectionContract identity","Chinese header/meta","itemInstanceId/baseItemId/rarity/generation trace","PASS"
"GeneratedInstance","I020","blue","core","核心效果","eligibleCoreEffectIds + visibleCoreEffectIds + candidate descriptors","visible names and hidden count","all eligible/visible IDs","PASS"
"GeneratedInstance","I020","blue","build","Build","buildQualification + read-only Build snapshot","qualification/count/stage + missing payload placeholder","qualification/build ids/count/state","PASS"
"GeneratedInstance","I020","purple","stat","净化","ItemInstanceProjectionContract.Stats + ItemStatRangeSchema","4层","候选区间：4层 ～ 5层","PASS"
"GeneratedInstance","I020","purple","stat","冷却","ItemInstanceProjectionContract.Stats + ItemStatRangeSchema","3回合","候选区间：3回合 ～ 4回合","PASS"
"GeneratedInstance","I020","purple","stat","持续","ItemInstanceProjectionContract.Stats + ItemStatRangeSchema","5回合","候选区间：4回合 ～ 5回合","PASS"
"GeneratedInstance","I020","purple","stat","耗念","ItemInstanceProjectionContract.Stats + ItemStatRangeSchema","3点","候选区间：3点 ～ 4点","PASS"
"GeneratedInstance","I020","purple","affix","净化提升","ItemInstanceProjectionContract.Affixes + ItemAffixPoolAndRangeSchema","+5层","Debug retains slot/affix/profile/raw/formatted/range","PASS"
"GeneratedInstance","I020","purple","affix","耗念效率","ItemInstanceProjectionContract.Affixes + ItemAffixPoolAndRangeSchema","+10.08%","Debug retains slot/affix/profile/raw/formatted/range","PASS"
"GeneratedInstance","I020","purple","identity","涤秽长符","ItemInnerDataCatalog + ItemInstanceProjectionContract identity","Chinese header/meta","itemInstanceId/baseItemId/rarity/generation trace","PASS"
"GeneratedInstance","I020","purple","core","核心效果","eligibleCoreEffectIds + visibleCoreEffectIds + candidate descriptors","visible names and hidden count","all eligible/visible IDs","PASS"
"GeneratedInstance","I020","purple","build","Build","buildQualification + read-only Build snapshot","qualification/count/stage + missing payload placeholder","qualification/build ids/count/state","PASS"
"GeneratedInstance","I020","orange","stat","净化","ItemInstanceProjectionContract.Stats + ItemStatRangeSchema","4层","候选区间：4层 ～ 5层","PASS"
"GeneratedInstance","I020","orange","stat","冷却","ItemInstanceProjectionContract.Stats + ItemStatRangeSchema","4回合","候选区间：3回合 ～ 4回合","PASS"
"GeneratedInstance","I020","orange","stat","持续","ItemInstanceProjectionContract.Stats + ItemStatRangeSchema","5回合","候选区间：5回合 ～ 6回合","PASS"
"GeneratedInstance","I020","orange","stat","耗念","ItemInstanceProjectionContract.Stats + ItemStatRangeSchema","4点","候选区间：3点 ～ 4点","PASS"
"GeneratedInstance","I020","orange","affix","净化提升","ItemInstanceProjectionContract.Affixes + ItemAffixPoolAndRangeSchema","+4层","Debug retains slot/affix/profile/raw/formatted/range","PASS"
"GeneratedInstance","I020","orange","affix","冷却缩减","ItemInstanceProjectionContract.Affixes + ItemAffixPoolAndRangeSchema","+13.02%","Debug retains slot/affix/profile/raw/formatted/range","PASS"
"GeneratedInstance","I020","orange","identity","涤秽长符","ItemInnerDataCatalog + ItemInstanceProjectionContract identity","Chinese header/meta","itemInstanceId/baseItemId/rarity/generation trace","PASS"
"GeneratedInstance","I020","orange","core","核心效果","eligibleCoreEffectIds + visibleCoreEffectIds + candidate descriptors","visible names and hidden count","all eligible/visible IDs","PASS"
"GeneratedInstance","I020","orange","build","Build","buildQualification + read-only Build snapshot","qualification/count/stage + missing payload placeholder","qualification/build ids/count/state","PASS"
"GeneratedInstance","I021","white","stat","净化","ItemInstanceProjectionContract.Stats + ItemStatRangeSchema","1层","候选区间：1层 ～ 2层","PASS"
"GeneratedInstance","I021","white","stat","冷却","ItemInstanceProjectionContract.Stats + ItemStatRangeSchema","7回合","候选区间：6回合 ～ 7回合","PASS"
"GeneratedInstance","I021","white","stat","护势","ItemInstanceProjectionContract.Stats + ItemStatRangeSchema","18","候选区间：14 ～ 20","PASS"
"GeneratedInstance","I021","white","stat","耗念","ItemInstanceProjectionContract.Stats + ItemStatRangeSchema","7点","候选区间：6点 ～ 7点","PASS"
"GeneratedInstance","I021","white","affix","净化提升","ItemInstanceProjectionContract.Affixes + ItemAffixPoolAndRangeSchema","+2层","Debug retains slot/affix/profile/raw/formatted/range","PASS"
"GeneratedInstance","I021","white","affix","护势提升","ItemInstanceProjectionContract.Affixes + ItemAffixPoolAndRangeSchema","+3.95%","Debug retains slot/affix/profile/raw/formatted/range","PASS"
"GeneratedInstance","I021","white","identity","玄水涤秽印","ItemInnerDataCatalog + ItemInstanceProjectionContract identity","Chinese header/meta","itemInstanceId/baseItemId/rarity/generation trace","PASS"
"GeneratedInstance","I021","white","core","核心效果","eligibleCoreEffectIds + visibleCoreEffectIds + candidate descriptors","visible names and hidden count","all eligible/visible IDs","PASS"
"GeneratedInstance","I021","white","build","Build","buildQualification + read-only Build snapshot","qualification/count/stage + missing payload placeholder","qualification/build ids/count/state","PASS"
"GeneratedInstance","I021","green","stat","净化","ItemInstanceProjectionContract.Stats + ItemStatRangeSchema","2层","候选区间：2层 ～ 3层","PASS"
"GeneratedInstance","I021","green","stat","冷却","ItemInstanceProjectionContract.Stats + ItemStatRangeSchema","6回合","候选区间：6回合 ～ 6回合","PASS"
"GeneratedInstance","I021","green","stat","护势","ItemInstanceProjectionContract.Stats + ItemStatRangeSchema","26","候选区间：19 ～ 27","PASS"
"GeneratedInstance","I021","green","stat","耗念","ItemInstanceProjectionContract.Stats + ItemStatRangeSchema","6点","候选区间：6点 ～ 6点","PASS"
"GeneratedInstance","I021","green","affix","净化提升","ItemInstanceProjectionContract.Affixes + ItemAffixPoolAndRangeSchema","+2层","Debug retains slot/affix/profile/raw/formatted/range","PASS"
"GeneratedInstance","I021","green","affix","冷却缩减","ItemInstanceProjectionContract.Affixes + ItemAffixPoolAndRangeSchema","+4.5%","Debug retains slot/affix/profile/raw/formatted/range","PASS"
"GeneratedInstance","I021","green","identity","玄水涤秽印","ItemInnerDataCatalog + ItemInstanceProjectionContract identity","Chinese header/meta","itemInstanceId/baseItemId/rarity/generation trace","PASS"
"GeneratedInstance","I021","green","core","核心效果","eligibleCoreEffectIds + visibleCoreEffectIds + candidate descriptors","visible names and hidden count","all eligible/visible IDs","PASS"
"GeneratedInstance","I021","green","build","Build","buildQualification + read-only Build snapshot","qualification/count/stage + missing payload placeholder","qualification/build ids/count/state","PASS"
"GeneratedInstance","I021","blue","stat","净化","ItemInstanceProjectionContract.Stats + ItemStatRangeSchema","3层","候选区间：3层 ～ 4层","PASS"
"GeneratedInstance","I021","blue","stat","冷却","ItemInstanceProjectionContract.Stats + ItemStatRangeSchema","5回合","候选区间：5回合 ～ 6回合","PASS"
"GeneratedInstance","I021","blue","stat","护势","ItemInstanceProjectionContract.Stats + ItemStatRangeSchema","29","候选区间：25 ～ 33","PASS"
"GeneratedInstance","I021","blue","stat","耗念","ItemInstanceProjectionContract.Stats + ItemStatRangeSchema","6点","候选区间：5点 ～ 6点","PASS"
"GeneratedInstance","I021","blue","affix","净化提升","ItemInstanceProjectionContract.Affixes + ItemAffixPoolAndRangeSchema","+3层","Debug retains slot/affix/profile/raw/formatted/range","PASS"
"GeneratedInstance","I021","blue","affix","护势提升","ItemInstanceProjectionContract.Affixes + ItemAffixPoolAndRangeSchema","+6.44%","Debug retains slot/affix/profile/raw/formatted/range","PASS"
"GeneratedInstance","I021","blue","identity","玄水涤秽印","ItemInnerDataCatalog + ItemInstanceProjectionContract identity","Chinese header/meta","itemInstanceId/baseItemId/rarity/generation trace","PASS"
"GeneratedInstance","I021","blue","core","核心效果","eligibleCoreEffectIds + visibleCoreEffectIds + candidate descriptors","visible names and hidden count","all eligible/visible IDs","PASS"
"GeneratedInstance","I021","blue","build","Build","buildQualification + read-only Build snapshot","qualification/count/stage + missing payload placeholder","qualification/build ids/count/state","PASS"
"GeneratedInstance","I021","purple","stat","净化","ItemInstanceProjectionContract.Stats + ItemStatRangeSchema","5层","候选区间：4层 ～ 5层","PASS"
"GeneratedInstance","I021","purple","stat","冷却","ItemInstanceProjectionContract.Stats + ItemStatRangeSchema","5回合","候选区间：4回合 ～ 5回合","PASS"
"GeneratedInstance","I021","purple","stat","护势","ItemInstanceProjectionContract.Stats + ItemStatRangeSchema","35","候选区间：30 ～ 36","PASS"
"GeneratedInstance","I021","purple","stat","耗念","ItemInstanceProjectionContract.Stats + ItemStatRangeSchema","4点","候选区间：4点 ～ 5点","PASS"
"GeneratedInstance","I021","purple","affix","净化提升","ItemInstanceProjectionContract.Affixes + ItemAffixPoolAndRangeSchema","+5层","Debug retains slot/affix/profile/raw/formatted/range","PASS"
"GeneratedInstance","I021","purple","affix","冷却缩减","ItemInstanceProjectionContract.Affixes + ItemAffixPoolAndRangeSchema","+10.92%","Debug retains slot/affix/profile/raw/formatted/range","PASS"
"GeneratedInstance","I021","purple","identity","玄水涤秽印","ItemInnerDataCatalog + ItemInstanceProjectionContract identity","Chinese header/meta","itemInstanceId/baseItemId/rarity/generation trace","PASS"
"GeneratedInstance","I021","purple","core","核心效果","eligibleCoreEffectIds + visibleCoreEffectIds + candidate descriptors","visible names and hidden count","all eligible/visible IDs","PASS"
"GeneratedInstance","I021","purple","build","Build","buildQualification + read-only Build snapshot","qualification/count/stage + missing payload placeholder","qualification/build ids/count/state","PASS"
"GeneratedInstance","I021","orange","stat","净化","ItemInstanceProjectionContract.Stats + ItemStatRangeSchema","4层","候选区间：4层 ～ 5层","PASS"
"GeneratedInstance","I021","orange","stat","冷却","ItemInstanceProjectionContract.Stats + ItemStatRangeSchema","5回合","候选区间：4回合 ～ 5回合","PASS"
"GeneratedInstance","I021","orange","stat","护势","ItemInstanceProjectionContract.Stats + ItemStatRangeSchema","39","候选区间：35 ～ 39","PASS"
"GeneratedInstance","I021","orange","stat","耗念","ItemInstanceProjectionContract.Stats + ItemStatRangeSchema","5点","候选区间：4点 ～ 5点","PASS"
"GeneratedInstance","I021","orange","affix","净化提升","ItemInstanceProjectionContract.Affixes + ItemAffixPoolAndRangeSchema","+5层","Debug retains slot/affix/profile/raw/formatted/range","PASS"
"GeneratedInstance","I021","orange","affix","冷却缩减","ItemInstanceProjectionContract.Affixes + ItemAffixPoolAndRangeSchema","+16.09%","Debug retains slot/affix/profile/raw/formatted/range","PASS"
"GeneratedInstance","I021","orange","identity","玄水涤秽印","ItemInnerDataCatalog + ItemInstanceProjectionContract identity","Chinese header/meta","itemInstanceId/baseItemId/rarity/generation trace","PASS"
"GeneratedInstance","I021","orange","core","核心效果","eligibleCoreEffectIds + visibleCoreEffectIds + candidate descriptors","visible names and hidden count","all eligible/visible IDs","PASS"
"GeneratedInstance","I021","orange","build","Build","buildQualification + read-only Build snapshot","qualification/count/stage + missing payload placeholder","qualification/build ids/count/state","PASS"
"GeneratedInstance","I022","white","stat","净化","ItemInstanceProjectionContract.Stats + ItemStatRangeSchema","1层","候选区间：1层 ～ 2层","PASS"
"GeneratedInstance","I022","white","stat","冷却","ItemInstanceProjectionContract.Stats + ItemStatRangeSchema","4回合","候选区间：4回合 ～ 5回合","PASS"
"GeneratedInstance","I022","white","stat","回复","ItemInstanceProjectionContract.Stats + ItemStatRangeSchema","13","候选区间：11 ～ 16","PASS"
"GeneratedInstance","I022","white","stat","耗念","ItemInstanceProjectionContract.Stats + ItemStatRangeSchema","6点","候选区间：5点 ～ 6点","PASS"
"GeneratedInstance","I022","white","affix","回复提升","ItemInstanceProjectionContract.Affixes + ItemAffixPoolAndRangeSchema","+2.83%","Debug retains slot/affix/profile/raw/formatted/range","PASS"
"GeneratedInstance","I022","white","affix","冷却缩减","ItemInstanceProjectionContract.Affixes + ItemAffixPoolAndRangeSchema","+2.62%","Debug retains slot/affix/profile/raw/formatted/range","PASS"
"GeneratedInstance","I022","white","identity","玄水流令","ItemInnerDataCatalog + ItemInstanceProjectionContract identity","Chinese header/meta","itemInstanceId/baseItemId/rarity/generation trace","PASS"
"GeneratedInstance","I022","white","core","核心效果","eligibleCoreEffectIds + visibleCoreEffectIds + candidate descriptors","visible names and hidden count","all eligible/visible IDs","PASS"
"GeneratedInstance","I022","white","build","Build","buildQualification + read-only Build snapshot","qualification/count/stage + missing payload placeholder","qualification/build ids/count/state","PASS"
"GeneratedInstance","I022","green","stat","净化","ItemInstanceProjectionContract.Stats + ItemStatRangeSchema","3层","候选区间：2层 ～ 3层","PASS"
"GeneratedInstance","I022","green","stat","冷却","ItemInstanceProjectionContract.Stats + ItemStatRangeSchema","4回合","候选区间：4回合 ～ 4回合","PASS"
"GeneratedInstance","I022","green","stat","回复","ItemInstanceProjectionContract.Stats + ItemStatRangeSchema","18","候选区间：15 ～ 20","PASS"
"GeneratedInstance","I022","green","stat","耗念","ItemInstanceProjectionContract.Stats + ItemStatRangeSchema","5点","候选区间：5点 ～ 5点","PASS"
"GeneratedInstance","I022","green","affix","回复提升","ItemInstanceProjectionContract.Affixes + ItemAffixPoolAndRangeSchema","+6.29%","Debug retains slot/affix/profile/raw/formatted/range","PASS"
"GeneratedInstance","I022","green","affix","净化提升","ItemInstanceProjectionContract.Affixes + ItemAffixPoolAndRangeSchema","+2层","Debug retains slot/affix/profile/raw/formatted/range","PASS"
"GeneratedInstance","I022","green","identity","玄水流令","ItemInnerDataCatalog + ItemInstanceProjectionContract identity","Chinese header/meta","itemInstanceId/baseItemId/rarity/generation trace","PASS"
"GeneratedInstance","I022","green","core","核心效果","eligibleCoreEffectIds + visibleCoreEffectIds + candidate descriptors","visible names and hidden count","all eligible/visible IDs","PASS"
"GeneratedInstance","I022","green","build","Build","buildQualification + read-only Build snapshot","qualification/count/stage + missing payload placeholder","qualification/build ids/count/state","PASS"
"GeneratedInstance","I022","blue","stat","净化","ItemInstanceProjectionContract.Stats + ItemStatRangeSchema","4层","候选区间：3层 ～ 4层","PASS"
"GeneratedInstance","I022","blue","stat","冷却","ItemInstanceProjectionContract.Stats + ItemStatRangeSchema","4回合","候选区间：3回合 ～ 4回合","PASS"
"GeneratedInstance","I022","blue","stat","回复","ItemInstanceProjectionContract.Stats + ItemStatRangeSchema","25","候选区间：19 ～ 25","PASS"
"GeneratedInstance","I022","blue","stat","耗念","ItemInstanceProjectionContract.Stats + ItemStatRangeSchema","4点","候选区间：4点 ～ 5点","PASS"
"GeneratedInstance","I022","blue","affix","回复提升","ItemInstanceProjectionContract.Affixes + ItemAffixPoolAndRangeSchema","+6.52%","Debug retains slot/affix/profile/raw/formatted/range","PASS"
"GeneratedInstance","I022","blue","affix","耗念效率","ItemInstanceProjectionContract.Affixes + ItemAffixPoolAndRangeSchema","+5.81%","Debug retains slot/affix/profile/raw/formatted/range","PASS"
"GeneratedInstance","I022","blue","identity","玄水流令","ItemInnerDataCatalog + ItemInstanceProjectionContract identity","Chinese header/meta","itemInstanceId/baseItemId/rarity/generation trace","PASS"
"GeneratedInstance","I022","blue","core","核心效果","eligibleCoreEffectIds + visibleCoreEffectIds + candidate descriptors","visible names and hidden count","all eligible/visible IDs","PASS"
"GeneratedInstance","I022","blue","build","Build","buildQualification + read-only Build snapshot","qualification/count/stage + missing payload placeholder","qualification/build ids/count/state","PASS"
"GeneratedInstance","I022","purple","stat","净化","ItemInstanceProjectionContract.Stats + ItemStatRangeSchema","4层","候选区间：4层 ～ 5层","PASS"
"GeneratedInstance","I022","purple","stat","冷却","ItemInstanceProjectionContract.Stats + ItemStatRangeSchema","2回合","候选区间：2回合 ～ 3回合","PASS"
"GeneratedInstance","I022","purple","stat","回复","ItemInstanceProjectionContract.Stats + ItemStatRangeSchema","24","候选区间：23 ～ 27","PASS"
"GeneratedInstance","I022","purple","stat","耗念","ItemInstanceProjectionContract.Stats + ItemStatRangeSchema","4点","候选区间：3点 ～ 4点","PASS"
"GeneratedInstance","I022","purple","affix","回复提升","ItemInstanceProjectionContract.Affixes + ItemAffixPoolAndRangeSchema","+11.51%","Debug retains slot/affix/profile/raw/formatted/range","PASS"
"GeneratedInstance","I022","purple","affix","冷却缩减","ItemInstanceProjectionContract.Affixes + ItemAffixPoolAndRangeSchema","+8.22%","Debug retains slot/affix/profile/raw/formatted/range","PASS"
"GeneratedInstance","I022","purple","identity","玄水流令","ItemInnerDataCatalog + ItemInstanceProjectionContract identity","Chinese header/meta","itemInstanceId/baseItemId/rarity/generation trace","PASS"
"GeneratedInstance","I022","purple","core","核心效果","eligibleCoreEffectIds + visibleCoreEffectIds + candidate descriptors","visible names and hidden count","all eligible/visible IDs","PASS"
"GeneratedInstance","I022","purple","build","Build","buildQualification + read-only Build snapshot","qualification/count/stage + missing payload placeholder","qualification/build ids/count/state","PASS"
"GeneratedInstance","I022","orange","stat","净化","ItemInstanceProjectionContract.Stats + ItemStatRangeSchema","4层","候选区间：4层 ～ 5层","PASS"
"GeneratedInstance","I022","orange","stat","冷却","ItemInstanceProjectionContract.Stats + ItemStatRangeSchema","2回合","候选区间：2回合 ～ 3回合","PASS"
"GeneratedInstance","I022","orange","stat","回复","ItemInstanceProjectionContract.Stats + ItemStatRangeSchema","29","候选区间：26 ～ 29","PASS"
"GeneratedInstance","I022","orange","stat","耗念","ItemInstanceProjectionContract.Stats + ItemStatRangeSchema","3点","候选区间：3点 ～ 4点","PASS"
"GeneratedInstance","I022","orange","affix","回复提升","ItemInstanceProjectionContract.Affixes + ItemAffixPoolAndRangeSchema","+13.54%","Debug retains slot/affix/profile/raw/formatted/range","PASS"
"GeneratedInstance","I022","orange","affix","净化提升","ItemInstanceProjectionContract.Affixes + ItemAffixPoolAndRangeSchema","+4层","Debug retains slot/affix/profile/raw/formatted/range","PASS"
"GeneratedInstance","I022","orange","identity","玄水流令","ItemInnerDataCatalog + ItemInstanceProjectionContract identity","Chinese header/meta","itemInstanceId/baseItemId/rarity/generation trace","PASS"
"GeneratedInstance","I022","orange","core","核心效果","eligibleCoreEffectIds + visibleCoreEffectIds + candidate descriptors","visible names and hidden count","all eligible/visible IDs","PASS"
"GeneratedInstance","I022","orange","build","Build","buildQualification + read-only Build snapshot","qualification/count/stage + missing payload placeholder","qualification/build ids/count/state","PASS"
"GeneratedInstance","I023","white","stat","净化","ItemInstanceProjectionContract.Stats + ItemStatRangeSchema","2层","候选区间：1层 ～ 2层","PASS"
"GeneratedInstance","I023","white","stat","控制","ItemInstanceProjectionContract.Stats + ItemStatRangeSchema","2点","候选区间：1点 ～ 3点","PASS"
"GeneratedInstance","I023","white","stat","冷却","ItemInstanceProjectionContract.Stats + ItemStatRangeSchema","6回合","候选区间：5回合 ～ 6回合","PASS"
"GeneratedInstance","I023","white","stat","耗念","ItemInstanceProjectionContract.Stats + ItemStatRangeSchema","7点","候选区间：6点 ～ 7点","PASS"
"GeneratedInstance","I023","white","affix","净化提升","ItemInstanceProjectionContract.Affixes + ItemAffixPoolAndRangeSchema","+1层","Debug retains slot/affix/profile/raw/formatted/range","PASS"
"GeneratedInstance","I023","white","affix","耗念效率","ItemInstanceProjectionContract.Affixes + ItemAffixPoolAndRangeSchema","+3.6%","Debug retains slot/affix/profile/raw/formatted/range","PASS"
"GeneratedInstance","I023","white","identity","照秽水镜","ItemInnerDataCatalog + ItemInstanceProjectionContract identity","Chinese header/meta","itemInstanceId/baseItemId/rarity/generation trace","PASS"
"GeneratedInstance","I023","white","core","核心效果","eligibleCoreEffectIds + visibleCoreEffectIds + candidate descriptors","visible names and hidden count","all eligible/visible IDs","PASS"
"GeneratedInstance","I023","white","build","Build","buildQualification + read-only Build snapshot","qualification/count/stage + missing payload placeholder","qualification/build ids/count/state","PASS"
"GeneratedInstance","I023","green","stat","净化","ItemInstanceProjectionContract.Stats + ItemStatRangeSchema","3层","候选区间：2层 ～ 3层","PASS"
"GeneratedInstance","I023","green","stat","控制","ItemInstanceProjectionContract.Stats + ItemStatRangeSchema","6点","候选区间：3点 ～ 6点","PASS"
"GeneratedInstance","I023","green","stat","冷却","ItemInstanceProjectionContract.Stats + ItemStatRangeSchema","5回合","候选区间：5回合 ～ 5回合","PASS"
"GeneratedInstance","I023","green","stat","耗念","ItemInstanceProjectionContract.Stats + ItemStatRangeSchema","6点","候选区间：5点 ～ 6点","PASS"
"GeneratedInstance","I023","green","affix","净化提升","ItemInstanceProjectionContract.Affixes + ItemAffixPoolAndRangeSchema","+3层","Debug retains slot/affix/profile/raw/formatted/range","PASS"
"GeneratedInstance","I023","green","affix","冷却缩减","ItemInstanceProjectionContract.Affixes + ItemAffixPoolAndRangeSchema","+4.53%","Debug retains slot/affix/profile/raw/formatted/range","PASS"
"GeneratedInstance","I023","green","identity","照秽水镜","ItemInnerDataCatalog + ItemInstanceProjectionContract identity","Chinese header/meta","itemInstanceId/baseItemId/rarity/generation trace","PASS"
"GeneratedInstance","I023","green","core","核心效果","eligibleCoreEffectIds + visibleCoreEffectIds + candidate descriptors","visible names and hidden count","all eligible/visible IDs","PASS"
"GeneratedInstance","I023","green","build","Build","buildQualification + read-only Build snapshot","qualification/count/stage + missing payload placeholder","qualification/build ids/count/state","PASS"
"GeneratedInstance","I023","blue","stat","净化","ItemInstanceProjectionContract.Stats + ItemStatRangeSchema","4层","候选区间：3层 ～ 4层","PASS"
"GeneratedInstance","I023","blue","stat","控制","ItemInstanceProjectionContract.Stats + ItemStatRangeSchema","7点","候选区间：5点 ～ 8点","PASS"
"GeneratedInstance","I023","blue","stat","冷却","ItemInstanceProjectionContract.Stats + ItemStatRangeSchema","5回合","候选区间：4回合 ～ 5回合","PASS"
"GeneratedInstance","I023","blue","stat","耗念","ItemInstanceProjectionContract.Stats + ItemStatRangeSchema","4点","候选区间：4点 ～ 5点","PASS"
"GeneratedInstance","I023","blue","affix","净化提升","ItemInstanceProjectionContract.Affixes + ItemAffixPoolAndRangeSchema","+4层","Debug retains slot/affix/profile/raw/formatted/range","PASS"
"GeneratedInstance","I023","blue","affix","控制提升","ItemInstanceProjectionContract.Affixes + ItemAffixPoolAndRangeSchema","+8点","Debug retains slot/affix/profile/raw/formatted/range","PASS"
"GeneratedInstance","I023","blue","identity","照秽水镜","ItemInnerDataCatalog + ItemInstanceProjectionContract identity","Chinese header/meta","itemInstanceId/baseItemId/rarity/generation trace","PASS"
"GeneratedInstance","I023","blue","core","核心效果","eligibleCoreEffectIds + visibleCoreEffectIds + candidate descriptors","visible names and hidden count","all eligible/visible IDs","PASS"
"GeneratedInstance","I023","blue","build","Build","buildQualification + read-only Build snapshot","qualification/count/stage + missing payload placeholder","qualification/build ids/count/state","PASS"
"GeneratedInstance","I023","purple","stat","净化","ItemInstanceProjectionContract.Stats + ItemStatRangeSchema","5层","候选区间：4层 ～ 5层","PASS"
"GeneratedInstance","I023","purple","stat","控制","ItemInstanceProjectionContract.Stats + ItemStatRangeSchema","9点","候选区间：7点 ～ 9点","PASS"
"GeneratedInstance","I023","purple","stat","冷却","ItemInstanceProjectionContract.Stats + ItemStatRangeSchema","3回合","候选区间：3回合 ～ 4回合","PASS"
"GeneratedInstance","I023","purple","stat","耗念","ItemInstanceProjectionContract.Stats + ItemStatRangeSchema","4点","候选区间：3点 ～ 4点","PASS"
"GeneratedInstance","I023","purple","affix","净化提升","ItemInstanceProjectionContract.Affixes + ItemAffixPoolAndRangeSchema","+5层","Debug retains slot/affix/profile/raw/formatted/range","PASS"
"GeneratedInstance","I023","purple","affix","冷却缩减","ItemInstanceProjectionContract.Affixes + ItemAffixPoolAndRangeSchema","+12.42%","Debug retains slot/affix/profile/raw/formatted/range","PASS"
"GeneratedInstance","I023","purple","identity","照秽水镜","ItemInnerDataCatalog + ItemInstanceProjectionContract identity","Chinese header/meta","itemInstanceId/baseItemId/rarity/generation trace","PASS"
"GeneratedInstance","I023","purple","core","核心效果","eligibleCoreEffectIds + visibleCoreEffectIds + candidate descriptors","visible names and hidden count","all eligible/visible IDs","PASS"
"GeneratedInstance","I023","purple","build","Build","buildQualification + read-only Build snapshot","qualification/count/stage + missing payload placeholder","qualification/build ids/count/state","PASS"
"GeneratedInstance","I023","orange","stat","净化","ItemInstanceProjectionContract.Stats + ItemStatRangeSchema","4层","候选区间：4层 ～ 5层","PASS"
"GeneratedInstance","I023","orange","stat","控制","ItemInstanceProjectionContract.Stats + ItemStatRangeSchema","9点","候选区间：9点 ～ 10点","PASS"
"GeneratedInstance","I023","orange","stat","冷却","ItemInstanceProjectionContract.Stats + ItemStatRangeSchema","3回合","候选区间：3回合 ～ 4回合","PASS"
"GeneratedInstance","I023","orange","stat","耗念","ItemInstanceProjectionContract.Stats + ItemStatRangeSchema","3点","候选区间：3点 ～ 4点","PASS"
"GeneratedInstance","I023","orange","affix","净化提升","ItemInstanceProjectionContract.Affixes + ItemAffixPoolAndRangeSchema","+4层","Debug retains slot/affix/profile/raw/formatted/range","PASS"
"GeneratedInstance","I023","orange","affix","冷却缩减","ItemInstanceProjectionContract.Affixes + ItemAffixPoolAndRangeSchema","+13.4%","Debug retains slot/affix/profile/raw/formatted/range","PASS"
"GeneratedInstance","I023","orange","identity","照秽水镜","ItemInnerDataCatalog + ItemInstanceProjectionContract identity","Chinese header/meta","itemInstanceId/baseItemId/rarity/generation trace","PASS"
"GeneratedInstance","I023","orange","core","核心效果","eligibleCoreEffectIds + visibleCoreEffectIds + candidate descriptors","visible names and hidden count","all eligible/visible IDs","PASS"
"GeneratedInstance","I023","orange","build","Build","buildQualification + read-only Build snapshot","qualification/count/stage + missing payload placeholder","qualification/build ids/count/state","PASS"
"GeneratedInstance","I024","white","stat","净化","ItemInstanceProjectionContract.Stats + ItemStatRangeSchema","2层","候选区间：1层 ～ 2层","PASS"
"GeneratedInstance","I024","white","stat","冷却","ItemInstanceProjectionContract.Stats + ItemStatRangeSchema","8回合","候选区间：7回合 ～ 8回合","PASS"
"GeneratedInstance","I024","white","stat","回复","ItemInstanceProjectionContract.Stats + ItemStatRangeSchema","14","候选区间：13 ～ 18","PASS"
"GeneratedInstance","I024","white","stat","耗念","ItemInstanceProjectionContract.Stats + ItemStatRangeSchema","8点","候选区间：8点 ～ 9点","PASS"
"GeneratedInstance","I024","white","affix","净化提升","ItemInstanceProjectionContract.Affixes + ItemAffixPoolAndRangeSchema","+2层","Debug retains slot/affix/profile/raw/formatted/range","PASS"
"GeneratedInstance","I024","white","affix","冷却缩减","ItemInstanceProjectionContract.Affixes + ItemAffixPoolAndRangeSchema","+3.95%","Debug retains slot/affix/profile/raw/formatted/range","PASS"
"GeneratedInstance","I024","white","identity","净水盂","ItemInnerDataCatalog + ItemInstanceProjectionContract identity","Chinese header/meta","itemInstanceId/baseItemId/rarity/generation trace","PASS"
"GeneratedInstance","I024","white","core","核心效果","eligibleCoreEffectIds + visibleCoreEffectIds + candidate descriptors","visible names and hidden count","all eligible/visible IDs","PASS"
"GeneratedInstance","I024","white","build","Build","buildQualification + read-only Build snapshot","qualification/count/stage + missing payload placeholder","qualification/build ids/count/state","PASS"
"GeneratedInstance","I024","green","stat","净化","ItemInstanceProjectionContract.Stats + ItemStatRangeSchema","3层","候选区间：2层 ～ 3层","PASS"
"GeneratedInstance","I024","green","stat","冷却","ItemInstanceProjectionContract.Stats + ItemStatRangeSchema","7回合","候选区间：7回合 ～ 7回合","PASS"
"GeneratedInstance","I024","green","stat","回复","ItemInstanceProjectionContract.Stats + ItemStatRangeSchema","20","候选区间：17 ～ 24","PASS"
"GeneratedInstance","I024","green","stat","耗念","ItemInstanceProjectionContract.Stats + ItemStatRangeSchema","7点","候选区间：7点 ～ 8点","PASS"
"GeneratedInstance","I024","green","affix","净化提升","ItemInstanceProjectionContract.Affixes + ItemAffixPoolAndRangeSchema","+3层","Debug retains slot/affix/profile/raw/formatted/range","PASS"
"GeneratedInstance","I024","green","affix","冷却缩减","ItemInstanceProjectionContract.Affixes + ItemAffixPoolAndRangeSchema","+4.61%","Debug retains slot/affix/profile/raw/formatted/range","PASS"
"GeneratedInstance","I024","green","identity","净水盂","ItemInnerDataCatalog + ItemInstanceProjectionContract identity","Chinese header/meta","itemInstanceId/baseItemId/rarity/generation trace","PASS"
"GeneratedInstance","I024","green","core","核心效果","eligibleCoreEffectIds + visibleCoreEffectIds + candidate descriptors","visible names and hidden count","all eligible/visible IDs","PASS"
"GeneratedInstance","I024","green","build","Build","buildQualification + read-only Build snapshot","qualification/count/stage + missing payload placeholder","qualification/build ids/count/state","PASS"
"GeneratedInstance","I024","blue","stat","净化","ItemInstanceProjectionContract.Stats + ItemStatRangeSchema","4层","候选区间：3层 ～ 4层","PASS"
"GeneratedInstance","I024","blue","stat","冷却","ItemInstanceProjectionContract.Stats + ItemStatRangeSchema","7回合","候选区间：6回合 ～ 7回合","PASS"
"GeneratedInstance","I024","blue","stat","回复","ItemInstanceProjectionContract.Stats + ItemStatRangeSchema","29","候选区间：22 ～ 29","PASS"
"GeneratedInstance","I024","blue","stat","耗念","ItemInstanceProjectionContract.Stats + ItemStatRangeSchema","6点","候选区间：6点 ～ 7点","PASS"
"GeneratedInstance","I024","blue","affix","净化提升","ItemInstanceProjectionContract.Affixes + ItemAffixPoolAndRangeSchema","+3层","Debug retains slot/affix/profile/raw/formatted/range","PASS"
"GeneratedInstance","I024","blue","affix","回复提升","ItemInstanceProjectionContract.Affixes + ItemAffixPoolAndRangeSchema","+7.06%","Debug retains slot/affix/profile/raw/formatted/range","PASS"
"GeneratedInstance","I024","blue","identity","净水盂","ItemInnerDataCatalog + ItemInstanceProjectionContract identity","Chinese header/meta","itemInstanceId/baseItemId/rarity/generation trace","PASS"
"GeneratedInstance","I024","blue","core","核心效果","eligibleCoreEffectIds + visibleCoreEffectIds + candidate descriptors","visible names and hidden count","all eligible/visible IDs","PASS"
"GeneratedInstance","I024","blue","build","Build","buildQualification + read-only Build snapshot","qualification/count/stage + missing payload placeholder","qualification/build ids/count/state","PASS"
"GeneratedInstance","I024","purple","stat","净化","ItemInstanceProjectionContract.Stats + ItemStatRangeSchema","4层","候选区间：4层 ～ 5层","PASS"
"GeneratedInstance","I024","purple","stat","冷却","ItemInstanceProjectionContract.Stats + ItemStatRangeSchema","5回合","候选区间：5回合 ～ 6回合","PASS"
"GeneratedInstance","I024","purple","stat","回复","ItemInstanceProjectionContract.Stats + ItemStatRangeSchema","32","候选区间：27 ～ 32","PASS"
"GeneratedInstance","I024","purple","stat","耗念","ItemInstanceProjectionContract.Stats + ItemStatRangeSchema","6点","候选区间：5点 ～ 6点","PASS"
"GeneratedInstance","I024","purple","affix","净化提升","ItemInstanceProjectionContract.Affixes + ItemAffixPoolAndRangeSchema","+4层","Debug retains slot/affix/profile/raw/formatted/range","PASS"
"GeneratedInstance","I024","purple","affix","耗念效率","ItemInstanceProjectionContract.Affixes + ItemAffixPoolAndRangeSchema","+10.5%","Debug retains slot/affix/profile/raw/formatted/range","PASS"
"GeneratedInstance","I024","purple","identity","净水盂","ItemInnerDataCatalog + ItemInstanceProjectionContract identity","Chinese header/meta","itemInstanceId/baseItemId/rarity/generation trace","PASS"
"GeneratedInstance","I024","purple","core","核心效果","eligibleCoreEffectIds + visibleCoreEffectIds + candidate descriptors","visible names and hidden count","all eligible/visible IDs","PASS"
"GeneratedInstance","I024","purple","build","Build","buildQualification + read-only Build snapshot","qualification/count/stage + missing payload placeholder","qualification/build ids/count/state","PASS"
"GeneratedInstance","I024","orange","stat","净化","ItemInstanceProjectionContract.Stats + ItemStatRangeSchema","5层","候选区间：4层 ～ 5层","PASS"
"GeneratedInstance","I024","orange","stat","冷却","ItemInstanceProjectionContract.Stats + ItemStatRangeSchema","6回合","候选区间：5回合 ～ 6回合","PASS"
"GeneratedInstance","I024","orange","stat","回复","ItemInstanceProjectionContract.Stats + ItemStatRangeSchema","31","候选区间：31 ～ 34","PASS"
"GeneratedInstance","I024","orange","stat","耗念","ItemInstanceProjectionContract.Stats + ItemStatRangeSchema","5点","候选区间：5点 ～ 6点","PASS"
"GeneratedInstance","I024","orange","affix","净化提升","ItemInstanceProjectionContract.Affixes + ItemAffixPoolAndRangeSchema","+4层","Debug retains slot/affix/profile/raw/formatted/range","PASS"
"GeneratedInstance","I024","orange","affix","耗念效率","ItemInstanceProjectionContract.Affixes + ItemAffixPoolAndRangeSchema","+17.58%","Debug retains slot/affix/profile/raw/formatted/range","PASS"
"GeneratedInstance","I024","orange","identity","净水盂","ItemInnerDataCatalog + ItemInstanceProjectionContract identity","Chinese header/meta","itemInstanceId/baseItemId/rarity/generation trace","PASS"
"GeneratedInstance","I024","orange","core","核心效果","eligibleCoreEffectIds + visibleCoreEffectIds + candidate descriptors","visible names and hidden count","all eligible/visible IDs","PASS"
"GeneratedInstance","I024","orange","build","Build","buildQualification + read-only Build snapshot","qualification/count/stage + missing payload placeholder","qualification/build ids/count/state","PASS"
"GeneratedInstance","I025","white","stat","控制","ItemInstanceProjectionContract.Stats + ItemStatRangeSchema","1点","候选区间：1点 ～ 3点","PASS"
"GeneratedInstance","I025","white","stat","冷却","ItemInstanceProjectionContract.Stats + ItemStatRangeSchema","5回合","候选区间：5回合 ～ 6回合","PASS"
"GeneratedInstance","I025","white","stat","持续","ItemInstanceProjectionContract.Stats + ItemStatRangeSchema","1回合","候选区间：1回合 ～ 2回合","PASS"
"GeneratedInstance","I025","white","stat","耗念","ItemInstanceProjectionContract.Stats + ItemStatRangeSchema","4点","候选区间：4点 ～ 5点","PASS"
"GeneratedInstance","I025","white","affix","控制提升","ItemInstanceProjectionContract.Affixes + ItemAffixPoolAndRangeSchema","+2点","Debug retains slot/affix/profile/raw/formatted/range","PASS"
"GeneratedInstance","I025","white","affix","冷却缩减","ItemInstanceProjectionContract.Affixes + ItemAffixPoolAndRangeSchema","+2.27%","Debug retains slot/affix/profile/raw/formatted/range","PASS"
"GeneratedInstance","I025","white","identity","封煞符","ItemInnerDataCatalog + ItemInstanceProjectionContract identity","Chinese header/meta","itemInstanceId/baseItemId/rarity/generation trace","PASS"
"GeneratedInstance","I025","white","core","核心效果","eligibleCoreEffectIds + visibleCoreEffectIds + candidate descriptors","visible names and hidden count","all eligible/visible IDs","PASS"
"GeneratedInstance","I025","white","build","Build","buildQualification + read-only Build snapshot","qualification/count/stage + missing payload placeholder","qualification/build ids/count/state","PASS"
"GeneratedInstance","I025","green","stat","控制","ItemInstanceProjectionContract.Stats + ItemStatRangeSchema","5点","候选区间：3点 ～ 6点","PASS"
"GeneratedInstance","I025","green","stat","冷却","ItemInstanceProjectionContract.Stats + ItemStatRangeSchema","5回合","候选区间：5回合 ～ 5回合","PASS"
"GeneratedInstance","I025","green","stat","持续","ItemInstanceProjectionContract.Stats + ItemStatRangeSchema","4回合","候选区间：2回合 ～ 4回合","PASS"
"GeneratedInstance","I025","green","stat","耗念","ItemInstanceProjectionContract.Stats + ItemStatRangeSchema","4点","候选区间：4点 ～ 4点","PASS"
"GeneratedInstance","I025","green","affix","控制提升","ItemInstanceProjectionContract.Affixes + ItemAffixPoolAndRangeSchema","+6点","Debug retains slot/affix/profile/raw/formatted/range","PASS"
"GeneratedInstance","I025","green","affix","耗念效率","ItemInstanceProjectionContract.Affixes + ItemAffixPoolAndRangeSchema","+4.22%","Debug retains slot/affix/profile/raw/formatted/range","PASS"
"GeneratedInstance","I025","green","identity","封煞符","ItemInnerDataCatalog + ItemInstanceProjectionContract identity","Chinese header/meta","itemInstanceId/baseItemId/rarity/generation trace","PASS"
"GeneratedInstance","I025","green","core","核心效果","eligibleCoreEffectIds + visibleCoreEffectIds + candidate descriptors","visible names and hidden count","all eligible/visible IDs","PASS"
"GeneratedInstance","I025","green","build","Build","buildQualification + read-only Build snapshot","qualification/count/stage + missing payload placeholder","qualification/build ids/count/state","PASS"
"GeneratedInstance","I025","blue","stat","控制","ItemInstanceProjectionContract.Stats + ItemStatRangeSchema","7点","候选区间：5点 ～ 8点","PASS"
"GeneratedInstance","I025","blue","stat","冷却","ItemInstanceProjectionContract.Stats + ItemStatRangeSchema","5回合","候选区间：4回合 ～ 5回合","PASS"
"GeneratedInstance","I025","blue","stat","持续","ItemInstanceProjectionContract.Stats + ItemStatRangeSchema","4回合","候选区间：3回合 ～ 5回合","PASS"
"GeneratedInstance","I025","blue","stat","耗念","ItemInstanceProjectionContract.Stats + ItemStatRangeSchema","4点","候选区间：3点 ～ 4点","PASS"
"GeneratedInstance","I025","blue","affix","控制提升","ItemInstanceProjectionContract.Affixes + ItemAffixPoolAndRangeSchema","+7点","Debug retains slot/affix/profile/raw/formatted/range","PASS"
"GeneratedInstance","I025","blue","affix","耗念效率","ItemInstanceProjectionContract.Affixes + ItemAffixPoolAndRangeSchema","+6.24%","Debug retains slot/affix/profile/raw/formatted/range","PASS"
"GeneratedInstance","I025","blue","identity","封煞符","ItemInnerDataCatalog + ItemInstanceProjectionContract identity","Chinese header/meta","itemInstanceId/baseItemId/rarity/generation trace","PASS"
"GeneratedInstance","I025","blue","core","核心效果","eligibleCoreEffectIds + visibleCoreEffectIds + candidate descriptors","visible names and hidden count","all eligible/visible IDs","PASS"
"GeneratedInstance","I025","blue","build","Build","buildQualification + read-only Build snapshot","qualification/count/stage + missing payload placeholder","qualification/build ids/count/state","PASS"
"GeneratedInstance","I025","purple","stat","控制","ItemInstanceProjectionContract.Stats + ItemStatRangeSchema","7点","候选区间：7点 ～ 9点","PASS"
"GeneratedInstance","I025","purple","stat","冷却","ItemInstanceProjectionContract.Stats + ItemStatRangeSchema","3回合","候选区间：3回合 ～ 4回合","PASS"
"GeneratedInstance","I025","purple","stat","持续","ItemInstanceProjectionContract.Stats + ItemStatRangeSchema","4回合","候选区间：4回合 ～ 5回合","PASS"
"GeneratedInstance","I025","purple","stat","耗念","ItemInstanceProjectionContract.Stats + ItemStatRangeSchema","2点","候选区间：2点 ～ 3点","PASS"
"GeneratedInstance","I025","purple","affix","控制提升","ItemInstanceProjectionContract.Affixes + ItemAffixPoolAndRangeSchema","+9点","Debug retains slot/affix/profile/raw/formatted/range","PASS"
"GeneratedInstance","I025","purple","affix","耗念效率","ItemInstanceProjectionContract.Affixes + ItemAffixPoolAndRangeSchema","+10.72%","Debug retains slot/affix/profile/raw/formatted/range","PASS"
"GeneratedInstance","I025","purple","identity","封煞符","ItemInnerDataCatalog + ItemInstanceProjectionContract identity","Chinese header/meta","itemInstanceId/baseItemId/rarity/generation trace","PASS"
"GeneratedInstance","I025","purple","core","核心效果","eligibleCoreEffectIds + visibleCoreEffectIds + candidate descriptors","visible names and hidden count","all eligible/visible IDs","PASS"
"GeneratedInstance","I025","purple","build","Build","buildQualification + read-only Build snapshot","qualification/count/stage + missing payload placeholder","qualification/build ids/count/state","PASS"
"GeneratedInstance","I025","orange","stat","控制","ItemInstanceProjectionContract.Stats + ItemStatRangeSchema","10点","候选区间：9点 ～ 10点","PASS"
"GeneratedInstance","I025","orange","stat","冷却","ItemInstanceProjectionContract.Stats + ItemStatRangeSchema","4回合","候选区间：3回合 ～ 4回合","PASS"
"GeneratedInstance","I025","orange","stat","持续","ItemInstanceProjectionContract.Stats + ItemStatRangeSchema","6回合","候选区间：5回合 ～ 6回合","PASS"
"GeneratedInstance","I025","orange","stat","耗念","ItemInstanceProjectionContract.Stats + ItemStatRangeSchema","2点","候选区间：2点 ～ 3点","PASS"
"GeneratedInstance","I025","orange","affix","控制提升","ItemInstanceProjectionContract.Affixes + ItemAffixPoolAndRangeSchema","+9点","Debug retains slot/affix/profile/raw/formatted/range","PASS"
"GeneratedInstance","I025","orange","affix","持续提升","ItemInstanceProjectionContract.Affixes + ItemAffixPoolAndRangeSchema","+5回合","Debug retains slot/affix/profile/raw/formatted/range","PASS"
"GeneratedInstance","I025","orange","identity","封煞符","ItemInnerDataCatalog + ItemInstanceProjectionContract identity","Chinese header/meta","itemInstanceId/baseItemId/rarity/generation trace","PASS"
"GeneratedInstance","I025","orange","core","核心效果","eligibleCoreEffectIds + visibleCoreEffectIds + candidate descriptors","visible names and hidden count","all eligible/visible IDs","PASS"
"GeneratedInstance","I025","orange","build","Build","buildQualification + read-only Build snapshot","qualification/count/stage + missing payload placeholder","qualification/build ids/count/state","PASS"
"GeneratedInstance","I026","white","stat","控制","ItemInstanceProjectionContract.Stats + ItemStatRangeSchema","2点","候选区间：1点 ～ 3点","PASS"
"GeneratedInstance","I026","white","stat","冷却","ItemInstanceProjectionContract.Stats + ItemStatRangeSchema","5回合","候选区间：5回合 ～ 6回合","PASS"
"GeneratedInstance","I026","white","stat","伤害","ItemInstanceProjectionContract.Stats + ItemStatRangeSchema","15","候选区间：12 ～ 18","PASS"
"GeneratedInstance","I026","white","stat","耗念","ItemInstanceProjectionContract.Stats + ItemStatRangeSchema","5点","候选区间：5点 ～ 6点","PASS"
"GeneratedInstance","I026","white","affix","伤害提升","ItemInstanceProjectionContract.Affixes + ItemAffixPoolAndRangeSchema","+2.66%","Debug retains slot/affix/profile/raw/formatted/range","PASS"
"GeneratedInstance","I026","white","affix","冷却缩减","ItemInstanceProjectionContract.Affixes + ItemAffixPoolAndRangeSchema","+3.34%","Debug retains slot/affix/profile/raw/formatted/range","PASS"
"GeneratedInstance","I026","white","identity","太白斩符","ItemInnerDataCatalog + ItemInstanceProjectionContract identity","Chinese header/meta","itemInstanceId/baseItemId/rarity/generation trace","PASS"
"GeneratedInstance","I026","white","core","核心效果","eligibleCoreEffectIds + visibleCoreEffectIds + candidate descriptors","visible names and hidden count","all eligible/visible IDs","PASS"
"GeneratedInstance","I026","white","build","Build","buildQualification + read-only Build snapshot","qualification/count/stage + missing payload placeholder","qualification/build ids/count/state","PASS"
"GeneratedInstance","I026","green","stat","控制","ItemInstanceProjectionContract.Stats + ItemStatRangeSchema","5点","候选区间：3点 ～ 6点","PASS"
"GeneratedInstance","I026","green","stat","冷却","ItemInstanceProjectionContract.Stats + ItemStatRangeSchema","5回合","候选区间：5回合 ～ 5回合","PASS"
"GeneratedInstance","I026","green","stat","伤害","ItemInstanceProjectionContract.Stats + ItemStatRangeSchema","19","候选区间：16 ～ 23","PASS"
"GeneratedInstance","I026","green","stat","耗念","ItemInstanceProjectionContract.Stats + ItemStatRangeSchema","5点","候选区间：5点 ～ 5点","PASS"
"GeneratedInstance","I026","green","affix","伤害提升","ItemInstanceProjectionContract.Affixes + ItemAffixPoolAndRangeSchema","+4.53%","Debug retains slot/affix/profile/raw/formatted/range","PASS"
"GeneratedInstance","I026","green","affix","控制提升","ItemInstanceProjectionContract.Affixes + ItemAffixPoolAndRangeSchema","+3点","Debug retains slot/affix/profile/raw/formatted/range","PASS"
"GeneratedInstance","I026","green","identity","太白斩符","ItemInnerDataCatalog + ItemInstanceProjectionContract identity","Chinese header/meta","itemInstanceId/baseItemId/rarity/generation trace","PASS"
"GeneratedInstance","I026","green","core","核心效果","eligibleCoreEffectIds + visibleCoreEffectIds + candidate descriptors","visible names and hidden count","all eligible/visible IDs","PASS"
"GeneratedInstance","I026","green","build","Build","buildQualification + read-only Build snapshot","qualification/count/stage + missing payload placeholder","qualification/build ids/count/state","PASS"
"GeneratedInstance","I026","blue","stat","控制","ItemInstanceProjectionContract.Stats + ItemStatRangeSchema","5点","候选区间：5点 ～ 8点","PASS"
"GeneratedInstance","I026","blue","stat","冷却","ItemInstanceProjectionContract.Stats + ItemStatRangeSchema","5回合","候选区间：4回合 ～ 5回合","PASS"
"GeneratedInstance","I026","blue","stat","伤害","ItemInstanceProjectionContract.Stats + ItemStatRangeSchema","22","候选区间：22 ～ 29","PASS"
"GeneratedInstance","I026","blue","stat","耗念","ItemInstanceProjectionContract.Stats + ItemStatRangeSchema","4点","候选区间：4点 ～ 5点","PASS"
"GeneratedInstance","I026","blue","affix","伤害提升","ItemInstanceProjectionContract.Affixes + ItemAffixPoolAndRangeSchema","+6.52%","Debug retains slot/affix/profile/raw/formatted/range","PASS"
"GeneratedInstance","I026","blue","affix","冷却缩减","ItemInstanceProjectionContract.Affixes + ItemAffixPoolAndRangeSchema","+6.18%","Debug retains slot/affix/profile/raw/formatted/range","PASS"
"GeneratedInstance","I026","blue","identity","太白斩符","ItemInnerDataCatalog + ItemInstanceProjectionContract identity","Chinese header/meta","itemInstanceId/baseItemId/rarity/generation trace","PASS"
"GeneratedInstance","I026","blue","core","核心效果","eligibleCoreEffectIds + visibleCoreEffectIds + candidate descriptors","visible names and hidden count","all eligible/visible IDs","PASS"
"GeneratedInstance","I026","blue","build","Build","buildQualification + read-only Build snapshot","qualification/count/stage + missing payload placeholder","qualification/build ids/count/state","PASS"
"GeneratedInstance","I026","purple","stat","控制","ItemInstanceProjectionContract.Stats + ItemStatRangeSchema","8点","候选区间：7点 ～ 9点","PASS"
"GeneratedInstance","I026","purple","stat","冷却","ItemInstanceProjectionContract.Stats + ItemStatRangeSchema","3回合","候选区间：3回合 ～ 4回合","PASS"
"GeneratedInstance","I026","purple","stat","伤害","ItemInstanceProjectionContract.Stats + ItemStatRangeSchema","32","候选区间：26 ～ 32","PASS"
"GeneratedInstance","I026","purple","stat","耗念","ItemInstanceProjectionContract.Stats + ItemStatRangeSchema","3点","候选区间：3点 ～ 4点","PASS"
"GeneratedInstance","I026","purple","affix","伤害提升","ItemInstanceProjectionContract.Affixes + ItemAffixPoolAndRangeSchema","+12.07%","Debug retains slot/affix/profile/raw/formatted/range","PASS"
"GeneratedInstance","I026","purple","affix","控制提升","ItemInstanceProjectionContract.Affixes + ItemAffixPoolAndRangeSchema","+9点","Debug retains slot/affix/profile/raw/formatted/range","PASS"
"GeneratedInstance","I026","purple","identity","太白斩符","ItemInnerDataCatalog + ItemInstanceProjectionContract identity","Chinese header/meta","itemInstanceId/baseItemId/rarity/generation trace","PASS"
"GeneratedInstance","I026","purple","core","核心效果","eligibleCoreEffectIds + visibleCoreEffectIds + candidate descriptors","visible names and hidden count","all eligible/visible IDs","PASS"
"GeneratedInstance","I026","purple","build","Build","buildQualification + read-only Build snapshot","qualification/count/stage + missing payload placeholder","qualification/build ids/count/state","PASS"
"GeneratedInstance","I026","orange","stat","控制","ItemInstanceProjectionContract.Stats + ItemStatRangeSchema","9点","候选区间：9点 ～ 10点","PASS"
"GeneratedInstance","I026","orange","stat","冷却","ItemInstanceProjectionContract.Stats + ItemStatRangeSchema","4回合","候选区间：3回合 ～ 4回合","PASS"
"GeneratedInstance","I026","orange","stat","伤害","ItemInstanceProjectionContract.Stats + ItemStatRangeSchema","34","候选区间：31 ～ 34","PASS"
"GeneratedInstance","I026","orange","stat","耗念","ItemInstanceProjectionContract.Stats + ItemStatRangeSchema","4点","候选区间：3点 ～ 4点","PASS"
"GeneratedInstance","I026","orange","affix","伤害提升","ItemInstanceProjectionContract.Affixes + ItemAffixPoolAndRangeSchema","+17.05%","Debug retains slot/affix/profile/raw/formatted/range","PASS"
"GeneratedInstance","I026","orange","affix","控制提升","ItemInstanceProjectionContract.Affixes + ItemAffixPoolAndRangeSchema","+10点","Debug retains slot/affix/profile/raw/formatted/range","PASS"
"GeneratedInstance","I026","orange","identity","太白斩符","ItemInnerDataCatalog + ItemInstanceProjectionContract identity","Chinese header/meta","itemInstanceId/baseItemId/rarity/generation trace","PASS"
"GeneratedInstance","I026","orange","core","核心效果","eligibleCoreEffectIds + visibleCoreEffectIds + candidate descriptors","visible names and hidden count","all eligible/visible IDs","PASS"
"GeneratedInstance","I026","orange","build","Build","buildQualification + read-only Build snapshot","qualification/count/stage + missing payload placeholder","qualification/build ids/count/state","PASS"
"GeneratedInstance","I027","white","stat","破盾","ItemInstanceProjectionContract.Stats + ItemStatRangeSchema","21","候选区间：16 ～ 23","PASS"
"GeneratedInstance","I027","white","stat","控制","ItemInstanceProjectionContract.Stats + ItemStatRangeSchema","1点","候选区间：1点 ～ 3点","PASS"
"GeneratedInstance","I027","white","stat","冷却","ItemInstanceProjectionContract.Stats + ItemStatRangeSchema","6回合","候选区间：6回合 ～ 7回合","PASS"
"GeneratedInstance","I027","white","stat","耗念","ItemInstanceProjectionContract.Stats + ItemStatRangeSchema","7点","候选区间：6点 ～ 7点","PASS"
"GeneratedInstance","I027","white","affix","破盾提升","ItemInstanceProjectionContract.Affixes + ItemAffixPoolAndRangeSchema","+2.29%","Debug retains slot/affix/profile/raw/formatted/range","PASS"
"GeneratedInstance","I027","white","affix","冷却缩减","ItemInstanceProjectionContract.Affixes + ItemAffixPoolAndRangeSchema","+2.42%","Debug retains slot/affix/profile/raw/formatted/range","PASS"
"GeneratedInstance","I027","white","identity","太白斩煞印","ItemInnerDataCatalog + ItemInstanceProjectionContract identity","Chinese header/meta","itemInstanceId/baseItemId/rarity/generation trace","PASS"
"GeneratedInstance","I027","white","core","核心效果","eligibleCoreEffectIds + visibleCoreEffectIds + candidate descriptors","visible names and hidden count","all eligible/visible IDs","PASS"
"GeneratedInstance","I027","white","build","Build","buildQualification + read-only Build snapshot","qualification/count/stage + missing payload placeholder","qualification/build ids/count/state","PASS"
"GeneratedInstance","I027","green","stat","破盾","ItemInstanceProjectionContract.Stats + ItemStatRangeSchema","28","候选区间：21 ～ 30","PASS"
"GeneratedInstance","I027","green","stat","控制","ItemInstanceProjectionContract.Stats + ItemStatRangeSchema","5点","候选区间：3点 ～ 6点","PASS"
"GeneratedInstance","I027","green","stat","冷却","ItemInstanceProjectionContract.Stats + ItemStatRangeSchema","6回合","候选区间：6回合 ～ 6回合","PASS"
"GeneratedInstance","I027","green","stat","耗念","ItemInstanceProjectionContract.Stats + ItemStatRangeSchema","6点","候选区间：6点 ～ 6点","PASS"
"GeneratedInstance","I027","green","affix","破盾提升","ItemInstanceProjectionContract.Affixes + ItemAffixPoolAndRangeSchema","+5.25%","Debug retains slot/affix/profile/raw/formatted/range","PASS"
"GeneratedInstance","I027","green","affix","冷却缩减","ItemInstanceProjectionContract.Affixes + ItemAffixPoolAndRangeSchema","+5.55%","Debug retains slot/affix/profile/raw/formatted/range","PASS"
"GeneratedInstance","I027","green","identity","太白斩煞印","ItemInnerDataCatalog + ItemInstanceProjectionContract identity","Chinese header/meta","itemInstanceId/baseItemId/rarity/generation trace","PASS"
"GeneratedInstance","I027","green","core","核心效果","eligibleCoreEffectIds + visibleCoreEffectIds + candidate descriptors","visible names and hidden count","all eligible/visible IDs","PASS"
"GeneratedInstance","I027","green","build","Build","buildQualification + read-only Build snapshot","qualification/count/stage + missing payload placeholder","qualification/build ids/count/state","PASS"
"GeneratedInstance","I027","blue","stat","破盾","ItemInstanceProjectionContract.Stats + ItemStatRangeSchema","34","候选区间：28 ～ 36","PASS"
"GeneratedInstance","I027","blue","stat","控制","ItemInstanceProjectionContract.Stats + ItemStatRangeSchema","5点","候选区间：5点 ～ 8点","PASS"
"GeneratedInstance","I027","blue","stat","冷却","ItemInstanceProjectionContract.Stats + ItemStatRangeSchema","5回合","候选区间：5回合 ～ 6回合","PASS"
"GeneratedInstance","I027","blue","stat","耗念","ItemInstanceProjectionContract.Stats + ItemStatRangeSchema","6点","候选区间：5点 ～ 6点","PASS"
"GeneratedInstance","I027","blue","affix","破盾提升","ItemInstanceProjectionContract.Affixes + ItemAffixPoolAndRangeSchema","+5.56%","Debug retains slot/affix/profile/raw/formatted/range","PASS"
"GeneratedInstance","I027","blue","affix","耗念效率","ItemInstanceProjectionContract.Affixes + ItemAffixPoolAndRangeSchema","+5.71%","Debug retains slot/affix/profile/raw/formatted/range","PASS"
"GeneratedInstance","I027","blue","identity","太白斩煞印","ItemInnerDataCatalog + ItemInstanceProjectionContract identity","Chinese header/meta","itemInstanceId/baseItemId/rarity/generation trace","PASS"
"GeneratedInstance","I027","blue","core","核心效果","eligibleCoreEffectIds + visibleCoreEffectIds + candidate descriptors","visible names and hidden count","all eligible/visible IDs","PASS"
"GeneratedInstance","I027","blue","build","Build","buildQualification + read-only Build snapshot","qualification/count/stage + missing payload placeholder","qualification/build ids/count/state","PASS"
"GeneratedInstance","I027","purple","stat","破盾","ItemInstanceProjectionContract.Stats + ItemStatRangeSchema","35","候选区间：34 ～ 40","PASS"
"GeneratedInstance","I027","purple","stat","控制","ItemInstanceProjectionContract.Stats + ItemStatRangeSchema","9点","候选区间：7点 ～ 9点","PASS"
"GeneratedInstance","I027","purple","stat","冷却","ItemInstanceProjectionContract.Stats + ItemStatRangeSchema","5回合","候选区间：4回合 ～ 5回合","PASS"
"GeneratedInstance","I027","purple","stat","耗念","ItemInstanceProjectionContract.Stats + ItemStatRangeSchema","4点","候选区间：4点 ～ 5点","PASS"
"GeneratedInstance","I027","purple","affix","破盾提升","ItemInstanceProjectionContract.Affixes + ItemAffixPoolAndRangeSchema","+10.68%","Debug retains slot/affix/profile/raw/formatted/range","PASS"
"GeneratedInstance","I027","purple","affix","控制提升","ItemInstanceProjectionContract.Affixes + ItemAffixPoolAndRangeSchema","+9点","Debug retains slot/affix/profile/raw/formatted/range","PASS"
"GeneratedInstance","I027","purple","identity","太白斩煞印","ItemInnerDataCatalog + ItemInstanceProjectionContract identity","Chinese header/meta","itemInstanceId/baseItemId/rarity/generation trace","PASS"
"GeneratedInstance","I027","purple","core","核心效果","eligibleCoreEffectIds + visibleCoreEffectIds + candidate descriptors","visible names and hidden count","all eligible/visible IDs","PASS"
"GeneratedInstance","I027","purple","build","Build","buildQualification + read-only Build snapshot","qualification/count/stage + missing payload placeholder","qualification/build ids/count/state","PASS"
"GeneratedInstance","I027","orange","stat","破盾","ItemInstanceProjectionContract.Stats + ItemStatRangeSchema","40","候选区间：39 ～ 43","PASS"
"GeneratedInstance","I027","orange","stat","控制","ItemInstanceProjectionContract.Stats + ItemStatRangeSchema","10点","候选区间：9点 ～ 10点","PASS"
"GeneratedInstance","I027","orange","stat","冷却","ItemInstanceProjectionContract.Stats + ItemStatRangeSchema","5回合","候选区间：4回合 ～ 5回合","PASS"
"GeneratedInstance","I027","orange","stat","耗念","ItemInstanceProjectionContract.Stats + ItemStatRangeSchema","4点","候选区间：4点 ～ 5点","PASS"
"GeneratedInstance","I027","orange","affix","破盾提升","ItemInstanceProjectionContract.Affixes + ItemAffixPoolAndRangeSchema","+16.81%","Debug retains slot/affix/profile/raw/formatted/range","PASS"
"GeneratedInstance","I027","orange","affix","耗念效率","ItemInstanceProjectionContract.Affixes + ItemAffixPoolAndRangeSchema","+17.15%","Debug retains slot/affix/profile/raw/formatted/range","PASS"
"GeneratedInstance","I027","orange","identity","太白斩煞印","ItemInnerDataCatalog + ItemInstanceProjectionContract identity","Chinese header/meta","itemInstanceId/baseItemId/rarity/generation trace","PASS"
"GeneratedInstance","I027","orange","core","核心效果","eligibleCoreEffectIds + visibleCoreEffectIds + candidate descriptors","visible names and hidden count","all eligible/visible IDs","PASS"
"GeneratedInstance","I027","orange","build","Build","buildQualification + read-only Build snapshot","qualification/count/stage + missing payload placeholder","qualification/build ids/count/state","PASS"
"GeneratedInstance","I028","white","stat","破盾","ItemInstanceProjectionContract.Stats + ItemStatRangeSchema","13","候选区间：9 ～ 13","PASS"
"GeneratedInstance","I028","white","stat","控制","ItemInstanceProjectionContract.Stats + ItemStatRangeSchema","1点","候选区间：1点 ～ 3点","PASS"
"GeneratedInstance","I028","white","stat","冷却","ItemInstanceProjectionContract.Stats + ItemStatRangeSchema","5回合","候选区间：4回合 ～ 5回合","PASS"
"GeneratedInstance","I028","white","stat","耗念","ItemInstanceProjectionContract.Stats + ItemStatRangeSchema","5点","候选区间：5点 ～ 6点","PASS"
"GeneratedInstance","I028","white","affix","控制提升","ItemInstanceProjectionContract.Affixes + ItemAffixPoolAndRangeSchema","+2点","Debug retains slot/affix/profile/raw/formatted/range","PASS"
"GeneratedInstance","I028","white","affix","耗念效率","ItemInstanceProjectionContract.Affixes + ItemAffixPoolAndRangeSchema","+3.55%","Debug retains slot/affix/profile/raw/formatted/range","PASS"
"GeneratedInstance","I028","white","identity","断煞令","ItemInnerDataCatalog + ItemInstanceProjectionContract identity","Chinese header/meta","itemInstanceId/baseItemId/rarity/generation trace","PASS"
"GeneratedInstance","I028","white","core","核心效果","eligibleCoreEffectIds + visibleCoreEffectIds + candidate descriptors","visible names and hidden count","all eligible/visible IDs","PASS"
"GeneratedInstance","I028","white","build","Build","buildQualification + read-only Build snapshot","qualification/count/stage + missing payload placeholder","qualification/build ids/count/state","PASS"
"GeneratedInstance","I028","green","stat","破盾","ItemInstanceProjectionContract.Stats + ItemStatRangeSchema","17","候选区间：12 ～ 17","PASS"
"GeneratedInstance","I028","green","stat","控制","ItemInstanceProjectionContract.Stats + ItemStatRangeSchema","6点","候选区间：3点 ～ 6点","PASS"
"GeneratedInstance","I028","green","stat","冷却","ItemInstanceProjectionContract.Stats + ItemStatRangeSchema","4回合","候选区间：4回合 ～ 4回合","PASS"
"GeneratedInstance","I028","green","stat","耗念","ItemInstanceProjectionContract.Stats + ItemStatRangeSchema","5点","候选区间：5点 ～ 5点","PASS"
"GeneratedInstance","I028","green","affix","控制提升","ItemInstanceProjectionContract.Affixes + ItemAffixPoolAndRangeSchema","+3点","Debug retains slot/affix/profile/raw/formatted/range","PASS"
"GeneratedInstance","I028","green","affix","耗念效率","ItemInstanceProjectionContract.Affixes + ItemAffixPoolAndRangeSchema","+5.97%","Debug retains slot/affix/profile/raw/formatted/range","PASS"
"GeneratedInstance","I028","green","identity","断煞令","ItemInnerDataCatalog + ItemInstanceProjectionContract identity","Chinese header/meta","itemInstanceId/baseItemId/rarity/generation trace","PASS"
"GeneratedInstance","I028","green","core","核心效果","eligibleCoreEffectIds + visibleCoreEffectIds + candidate descriptors","visible names and hidden count","all eligible/visible IDs","PASS"
"GeneratedInstance","I028","green","build","Build","buildQualification + read-only Build snapshot","qualification/count/stage + missing payload placeholder","qualification/build ids/count/state","PASS"
"GeneratedInstance","I028","blue","stat","破盾","ItemInstanceProjectionContract.Stats + ItemStatRangeSchema","18","候选区间：16 ～ 20","PASS"
"GeneratedInstance","I028","blue","stat","控制","ItemInstanceProjectionContract.Stats + ItemStatRangeSchema","5点","候选区间：5点 ～ 8点","PASS"
"GeneratedInstance","I028","blue","stat","冷却","ItemInstanceProjectionContract.Stats + ItemStatRangeSchema","4回合","候选区间：3回合 ～ 4回合","PASS"
"GeneratedInstance","I028","blue","stat","耗念","ItemInstanceProjectionContract.Stats + ItemStatRangeSchema","5点","候选区间：4点 ～ 5点","PASS"
"GeneratedInstance","I028","blue","affix","控制提升","ItemInstanceProjectionContract.Affixes + ItemAffixPoolAndRangeSchema","+5点","Debug retains slot/affix/profile/raw/formatted/range","PASS"
"GeneratedInstance","I028","blue","affix","耗念效率","ItemInstanceProjectionContract.Affixes + ItemAffixPoolAndRangeSchema","+7.32%","Debug retains slot/affix/profile/raw/formatted/range","PASS"
"GeneratedInstance","I028","blue","identity","断煞令","ItemInnerDataCatalog + ItemInstanceProjectionContract identity","Chinese header/meta","itemInstanceId/baseItemId/rarity/generation trace","PASS"
"GeneratedInstance","I028","blue","core","核心效果","eligibleCoreEffectIds + visibleCoreEffectIds + candidate descriptors","visible names and hidden count","all eligible/visible IDs","PASS"
"GeneratedInstance","I028","blue","build","Build","buildQualification + read-only Build snapshot","qualification/count/stage + missing payload placeholder","qualification/build ids/count/state","PASS"
"GeneratedInstance","I028","purple","stat","破盾","ItemInstanceProjectionContract.Stats + ItemStatRangeSchema","19","候选区间：19 ～ 22","PASS"
"GeneratedInstance","I028","purple","stat","控制","ItemInstanceProjectionContract.Stats + ItemStatRangeSchema","9点","候选区间：7点 ～ 9点","PASS"
"GeneratedInstance","I028","purple","stat","冷却","ItemInstanceProjectionContract.Stats + ItemStatRangeSchema","3回合","候选区间：2回合 ～ 3回合","PASS"
"GeneratedInstance","I028","purple","stat","耗念","ItemInstanceProjectionContract.Stats + ItemStatRangeSchema","4点","候选区间：3点 ～ 4点","PASS"
"GeneratedInstance","I028","purple","affix","控制提升","ItemInstanceProjectionContract.Affixes + ItemAffixPoolAndRangeSchema","+8点","Debug retains slot/affix/profile/raw/formatted/range","PASS"
"GeneratedInstance","I028","purple","affix","破盾提升","ItemInstanceProjectionContract.Affixes + ItemAffixPoolAndRangeSchema","+10.9%","Debug retains slot/affix/profile/raw/formatted/range","PASS"
"GeneratedInstance","I028","purple","identity","断煞令","ItemInnerDataCatalog + ItemInstanceProjectionContract identity","Chinese header/meta","itemInstanceId/baseItemId/rarity/generation trace","PASS"
"GeneratedInstance","I028","purple","core","核心效果","eligibleCoreEffectIds + visibleCoreEffectIds + candidate descriptors","visible names and hidden count","all eligible/visible IDs","PASS"
"GeneratedInstance","I028","purple","build","Build","buildQualification + read-only Build snapshot","qualification/count/stage + missing payload placeholder","qualification/build ids/count/state","PASS"
"GeneratedInstance","I028","orange","stat","破盾","ItemInstanceProjectionContract.Stats + ItemStatRangeSchema","24","候选区间：22 ～ 24","PASS"
"GeneratedInstance","I028","orange","stat","控制","ItemInstanceProjectionContract.Stats + ItemStatRangeSchema","10点","候选区间：9点 ～ 10点","PASS"
"GeneratedInstance","I028","orange","stat","冷却","ItemInstanceProjectionContract.Stats + ItemStatRangeSchema","2回合","候选区间：2回合 ～ 3回合","PASS"
"GeneratedInstance","I028","orange","stat","耗念","ItemInstanceProjectionContract.Stats + ItemStatRangeSchema","4点","候选区间：3点 ～ 4点","PASS"
"GeneratedInstance","I028","orange","affix","控制提升","ItemInstanceProjectionContract.Affixes + ItemAffixPoolAndRangeSchema","+10点","Debug retains slot/affix/profile/raw/formatted/range","PASS"
"GeneratedInstance","I028","orange","affix","破盾提升","ItemInstanceProjectionContract.Affixes + ItemAffixPoolAndRangeSchema","+15.56%","Debug retains slot/affix/profile/raw/formatted/range","PASS"
"GeneratedInstance","I028","orange","identity","断煞令","ItemInnerDataCatalog + ItemInstanceProjectionContract identity","Chinese header/meta","itemInstanceId/baseItemId/rarity/generation trace","PASS"
"GeneratedInstance","I028","orange","core","核心效果","eligibleCoreEffectIds + visibleCoreEffectIds + candidate descriptors","visible names and hidden count","all eligible/visible IDs","PASS"
"GeneratedInstance","I028","orange","build","Build","buildQualification + read-only Build snapshot","qualification/count/stage + missing payload placeholder","qualification/build ids/count/state","PASS"
"GeneratedInstance","I029","white","stat","破盾","ItemInstanceProjectionContract.Stats + ItemStatRangeSchema","12","候选区间：10 ～ 15","PASS"
"GeneratedInstance","I029","white","stat","控制","ItemInstanceProjectionContract.Stats + ItemStatRangeSchema","3点","候选区间：1点 ～ 3点","PASS"
"GeneratedInstance","I029","white","stat","冷却","ItemInstanceProjectionContract.Stats + ItemStatRangeSchema","6回合","候选区间：5回合 ～ 6回合","PASS"
"GeneratedInstance","I029","white","stat","耗念","ItemInstanceProjectionContract.Stats + ItemStatRangeSchema","6点","候选区间：6点 ～ 7点","PASS"
"GeneratedInstance","I029","white","affix","控制提升","ItemInstanceProjectionContract.Affixes + ItemAffixPoolAndRangeSchema","+1点","Debug retains slot/affix/profile/raw/formatted/range","PASS"
"GeneratedInstance","I029","white","affix","冷却缩减","ItemInstanceProjectionContract.Affixes + ItemAffixPoolAndRangeSchema","+3.62%","Debug retains slot/affix/profile/raw/formatted/range","PASS"
"GeneratedInstance","I029","white","identity","照煞镜","ItemInnerDataCatalog + ItemInstanceProjectionContract identity","Chinese header/meta","itemInstanceId/baseItemId/rarity/generation trace","PASS"
"GeneratedInstance","I029","white","core","核心效果","eligibleCoreEffectIds + visibleCoreEffectIds + candidate descriptors","visible names and hidden count","all eligible/visible IDs","PASS"
"GeneratedInstance","I029","white","build","Build","buildQualification + read-only Build snapshot","qualification/count/stage + missing payload placeholder","qualification/build ids/count/state","PASS"
"GeneratedInstance","I029","green","stat","破盾","ItemInstanceProjectionContract.Stats + ItemStatRangeSchema","17","候选区间：14 ～ 19","PASS"
"GeneratedInstance","I029","green","stat","控制","ItemInstanceProjectionContract.Stats + ItemStatRangeSchema","3点","候选区间：3点 ～ 6点","PASS"
"GeneratedInstance","I029","green","stat","冷却","ItemInstanceProjectionContract.Stats + ItemStatRangeSchema","5回合","候选区间：5回合 ～ 5回合","PASS"
"GeneratedInstance","I029","green","stat","耗念","ItemInstanceProjectionContract.Stats + ItemStatRangeSchema","6点","候选区间：5点 ～ 6点","PASS"
"GeneratedInstance","I029","green","affix","控制提升","ItemInstanceProjectionContract.Affixes + ItemAffixPoolAndRangeSchema","+5点","Debug retains slot/affix/profile/raw/formatted/range","PASS"
"GeneratedInstance","I029","green","affix","破盾提升","ItemInstanceProjectionContract.Affixes + ItemAffixPoolAndRangeSchema","+4.42%","Debug retains slot/affix/profile/raw/formatted/range","PASS"
"GeneratedInstance","I029","green","identity","照煞镜","ItemInnerDataCatalog + ItemInstanceProjectionContract identity","Chinese header/meta","itemInstanceId/baseItemId/rarity/generation trace","PASS"
"GeneratedInstance","I029","green","core","核心效果","eligibleCoreEffectIds + visibleCoreEffectIds + candidate descriptors","visible names and hidden count","all eligible/visible IDs","PASS"
"GeneratedInstance","I029","green","build","Build","buildQualification + read-only Build snapshot","qualification/count/stage + missing payload placeholder","qualification/build ids/count/state","PASS"
"GeneratedInstance","I029","blue","stat","破盾","ItemInstanceProjectionContract.Stats + ItemStatRangeSchema","19","候选区间：18 ～ 24","PASS"
"GeneratedInstance","I029","blue","stat","控制","ItemInstanceProjectionContract.Stats + ItemStatRangeSchema","5点","候选区间：5点 ～ 8点","PASS"
"GeneratedInstance","I029","blue","stat","冷却","ItemInstanceProjectionContract.Stats + ItemStatRangeSchema","5回合","候选区间：4回合 ～ 5回合","PASS"
"GeneratedInstance","I029","blue","stat","耗念","ItemInstanceProjectionContract.Stats + ItemStatRangeSchema","5点","候选区间：4点 ～ 5点","PASS"
"GeneratedInstance","I029","blue","affix","控制提升","ItemInstanceProjectionContract.Affixes + ItemAffixPoolAndRangeSchema","+7点","Debug retains slot/affix/profile/raw/formatted/range","PASS"
"GeneratedInstance","I029","blue","affix","冷却缩减","ItemInstanceProjectionContract.Affixes + ItemAffixPoolAndRangeSchema","+6.14%","Debug retains slot/affix/profile/raw/formatted/range","PASS"
"GeneratedInstance","I029","blue","identity","照煞镜","ItemInnerDataCatalog + ItemInstanceProjectionContract identity","Chinese header/meta","itemInstanceId/baseItemId/rarity/generation trace","PASS"
"GeneratedInstance","I029","blue","core","核心效果","eligibleCoreEffectIds + visibleCoreEffectIds + candidate descriptors","visible names and hidden count","all eligible/visible IDs","PASS"
"GeneratedInstance","I029","blue","build","Build","buildQualification + read-only Build snapshot","qualification/count/stage + missing payload placeholder","qualification/build ids/count/state","PASS"
"GeneratedInstance","I029","purple","stat","破盾","ItemInstanceProjectionContract.Stats + ItemStatRangeSchema","26","候选区间：22 ～ 26","PASS"
"GeneratedInstance","I029","purple","stat","控制","ItemInstanceProjectionContract.Stats + ItemStatRangeSchema","9点","候选区间：7点 ～ 9点","PASS"
"GeneratedInstance","I029","purple","stat","冷却","ItemInstanceProjectionContract.Stats + ItemStatRangeSchema","4回合","候选区间：3回合 ～ 4回合","PASS"
"GeneratedInstance","I029","purple","stat","耗念","ItemInstanceProjectionContract.Stats + ItemStatRangeSchema","3点","候选区间：3点 ～ 4点","PASS"
"GeneratedInstance","I029","purple","affix","控制提升","ItemInstanceProjectionContract.Affixes + ItemAffixPoolAndRangeSchema","+8点","Debug retains slot/affix/profile/raw/formatted/range","PASS"
"GeneratedInstance","I029","purple","affix","耗念效率","ItemInstanceProjectionContract.Affixes + ItemAffixPoolAndRangeSchema","+12.86%","Debug retains slot/affix/profile/raw/formatted/range","PASS"
"GeneratedInstance","I029","purple","identity","照煞镜","ItemInnerDataCatalog + ItemInstanceProjectionContract identity","Chinese header/meta","itemInstanceId/baseItemId/rarity/generation trace","PASS"
"GeneratedInstance","I029","purple","core","核心效果","eligibleCoreEffectIds + visibleCoreEffectIds + candidate descriptors","visible names and hidden count","all eligible/visible IDs","PASS"
"GeneratedInstance","I029","purple","build","Build","buildQualification + read-only Build snapshot","qualification/count/stage + missing payload placeholder","qualification/build ids/count/state","PASS"
"GeneratedInstance","I029","orange","stat","破盾","ItemInstanceProjectionContract.Stats + ItemStatRangeSchema","27","候选区间：25 ～ 28","PASS"
"GeneratedInstance","I029","orange","stat","控制","ItemInstanceProjectionContract.Stats + ItemStatRangeSchema","9点","候选区间：9点 ～ 10点","PASS"
"GeneratedInstance","I029","orange","stat","冷却","ItemInstanceProjectionContract.Stats + ItemStatRangeSchema","4回合","候选区间：3回合 ～ 4回合","PASS"
"GeneratedInstance","I029","orange","stat","耗念","ItemInstanceProjectionContract.Stats + ItemStatRangeSchema","3点","候选区间：3点 ～ 4点","PASS"
"GeneratedInstance","I029","orange","affix","控制提升","ItemInstanceProjectionContract.Affixes + ItemAffixPoolAndRangeSchema","+10点","Debug retains slot/affix/profile/raw/formatted/range","PASS"
"GeneratedInstance","I029","orange","affix","破盾提升","ItemInstanceProjectionContract.Affixes + ItemAffixPoolAndRangeSchema","+12.46%","Debug retains slot/affix/profile/raw/formatted/range","PASS"
"GeneratedInstance","I029","orange","identity","照煞镜","ItemInnerDataCatalog + ItemInstanceProjectionContract identity","Chinese header/meta","itemInstanceId/baseItemId/rarity/generation trace","PASS"
"GeneratedInstance","I029","orange","core","核心效果","eligibleCoreEffectIds + visibleCoreEffectIds + candidate descriptors","visible names and hidden count","all eligible/visible IDs","PASS"
"GeneratedInstance","I029","orange","build","Build","buildQualification + read-only Build snapshot","qualification/count/stage + missing payload placeholder","qualification/build ids/count/state","PASS"
"GeneratedInstance","I030","white","stat","控制","ItemInstanceProjectionContract.Stats + ItemStatRangeSchema","2点","候选区间：1点 ～ 3点","PASS"
"GeneratedInstance","I030","white","stat","冷却","ItemInstanceProjectionContract.Stats + ItemStatRangeSchema","7回合","候选区间：7回合 ～ 8回合","PASS"
"GeneratedInstance","I030","white","stat","伤害","ItemInstanceProjectionContract.Stats + ItemStatRangeSchema","25","候选区间：24 ～ 34","PASS"
"GeneratedInstance","I030","white","stat","耗念","ItemInstanceProjectionContract.Stats + ItemStatRangeSchema","8点","候选区间：8点 ～ 9点","PASS"
"GeneratedInstance","I030","white","affix","伤害提升","ItemInstanceProjectionContract.Affixes + ItemAffixPoolAndRangeSchema","+2.76%","Debug retains slot/affix/profile/raw/formatted/range","PASS"
"GeneratedInstance","I030","white","affix","控制提升","ItemInstanceProjectionContract.Affixes + ItemAffixPoolAndRangeSchema","+3点","Debug retains slot/affix/profile/raw/formatted/range","PASS"
"GeneratedInstance","I030","white","identity","桃木剑","ItemInnerDataCatalog + ItemInstanceProjectionContract identity","Chinese header/meta","itemInstanceId/baseItemId/rarity/generation trace","PASS"
"GeneratedInstance","I030","white","core","核心效果","eligibleCoreEffectIds + visibleCoreEffectIds + candidate descriptors","visible names and hidden count","all eligible/visible IDs","PASS"
"GeneratedInstance","I030","white","build","Build","buildQualification + read-only Build snapshot","qualification/count/stage + missing payload placeholder","qualification/build ids/count/state","PASS"
"GeneratedInstance","I030","green","stat","控制","ItemInstanceProjectionContract.Stats + ItemStatRangeSchema","5点","候选区间：3点 ～ 6点","PASS"
"GeneratedInstance","I030","green","stat","冷却","ItemInstanceProjectionContract.Stats + ItemStatRangeSchema","7回合","候选区间：7回合 ～ 7回合","PASS"
"GeneratedInstance","I030","green","stat","伤害","ItemInstanceProjectionContract.Stats + ItemStatRangeSchema","38","候选区间：32 ～ 44","PASS"
"GeneratedInstance","I030","green","stat","耗念","ItemInstanceProjectionContract.Stats + ItemStatRangeSchema","7点","候选区间：7点 ～ 8点","PASS"
"GeneratedInstance","I030","green","affix","伤害提升","ItemInstanceProjectionContract.Affixes + ItemAffixPoolAndRangeSchema","+5.65%","Debug retains slot/affix/profile/raw/formatted/range","PASS"
"GeneratedInstance","I030","green","affix","控制提升","ItemInstanceProjectionContract.Affixes + ItemAffixPoolAndRangeSchema","+4点","Debug retains slot/affix/profile/raw/formatted/range","PASS"
"GeneratedInstance","I030","green","identity","桃木剑","ItemInnerDataCatalog + ItemInstanceProjectionContract identity","Chinese header/meta","itemInstanceId/baseItemId/rarity/generation trace","PASS"
"GeneratedInstance","I030","green","core","核心效果","eligibleCoreEffectIds + visibleCoreEffectIds + candidate descriptors","visible names and hidden count","all eligible/visible IDs","PASS"
"GeneratedInstance","I030","green","build","Build","buildQualification + read-only Build snapshot","qualification/count/stage + missing payload placeholder","qualification/build ids/count/state","PASS"
"GeneratedInstance","I030","blue","stat","控制","ItemInstanceProjectionContract.Stats + ItemStatRangeSchema","6点","候选区间：5点 ～ 8点","PASS"
"GeneratedInstance","I030","blue","stat","冷却","ItemInstanceProjectionContract.Stats + ItemStatRangeSchema","6回合","候选区间：6回合 ～ 7回合","PASS"
"GeneratedInstance","I030","blue","stat","伤害","ItemInstanceProjectionContract.Stats + ItemStatRangeSchema","46","候选区间：42 ～ 54","PASS"
"GeneratedInstance","I030","blue","stat","耗念","ItemInstanceProjectionContract.Stats + ItemStatRangeSchema","7点","候选区间：6点 ～ 7点","PASS"
"GeneratedInstance","I030","blue","affix","伤害提升","ItemInstanceProjectionContract.Affixes + ItemAffixPoolAndRangeSchema","+5.71%","Debug retains slot/affix/profile/raw/formatted/range","PASS"
"GeneratedInstance","I030","blue","affix","冷却缩减","ItemInstanceProjectionContract.Affixes + ItemAffixPoolAndRangeSchema","+6.43%","Debug retains slot/affix/profile/raw/formatted/range","PASS"
"GeneratedInstance","I030","blue","identity","桃木剑","ItemInnerDataCatalog + ItemInstanceProjectionContract identity","Chinese header/meta","itemInstanceId/baseItemId/rarity/generation trace","PASS"
"GeneratedInstance","I030","blue","core","核心效果","eligibleCoreEffectIds + visibleCoreEffectIds + candidate descriptors","visible names and hidden count","all eligible/visible IDs","PASS"
"GeneratedInstance","I030","blue","build","Build","buildQualification + read-only Build snapshot","qualification/count/stage + missing payload placeholder","qualification/build ids/count/state","PASS"
"GeneratedInstance","I030","purple","stat","控制","ItemInstanceProjectionContract.Stats + ItemStatRangeSchema","9点","候选区间：7点 ～ 9点","PASS"
"GeneratedInstance","I030","purple","stat","冷却","ItemInstanceProjectionContract.Stats + ItemStatRangeSchema","6回合","候选区间：5回合 ～ 6回合","PASS"
"GeneratedInstance","I030","purple","stat","伤害","ItemInstanceProjectionContract.Stats + ItemStatRangeSchema","54","候选区间：50 ～ 60","PASS"
"GeneratedInstance","I030","purple","stat","耗念","ItemInstanceProjectionContract.Stats + ItemStatRangeSchema","6点","候选区间：5点 ～ 6点","PASS"
"GeneratedInstance","I030","purple","affix","伤害提升","ItemInstanceProjectionContract.Affixes + ItemAffixPoolAndRangeSchema","+9.41%","Debug retains slot/affix/profile/raw/formatted/range","PASS"
"GeneratedInstance","I030","purple","affix","冷却缩减","ItemInstanceProjectionContract.Affixes + ItemAffixPoolAndRangeSchema","+10.03%","Debug retains slot/affix/profile/raw/formatted/range","PASS"
"GeneratedInstance","I030","purple","identity","桃木剑","ItemInnerDataCatalog + ItemInstanceProjectionContract identity","Chinese header/meta","itemInstanceId/baseItemId/rarity/generation trace","PASS"
"GeneratedInstance","I030","purple","core","核心效果","eligibleCoreEffectIds + visibleCoreEffectIds + candidate descriptors","visible names and hidden count","all eligible/visible IDs","PASS"
"GeneratedInstance","I030","purple","build","Build","buildQualification + read-only Build snapshot","qualification/count/stage + missing payload placeholder","qualification/build ids/count/state","PASS"
"GeneratedInstance","I030","orange","stat","控制","ItemInstanceProjectionContract.Stats + ItemStatRangeSchema","9点","候选区间：9点 ～ 10点","PASS"
"GeneratedInstance","I030","orange","stat","冷却","ItemInstanceProjectionContract.Stats + ItemStatRangeSchema","5回合","候选区间：5回合 ～ 6回合","PASS"
"GeneratedInstance","I030","orange","stat","伤害","ItemInstanceProjectionContract.Stats + ItemStatRangeSchema","60","候选区间：58 ～ 64","PASS"
"GeneratedInstance","I030","orange","stat","耗念","ItemInstanceProjectionContract.Stats + ItemStatRangeSchema","5点","候选区间：5点 ～ 6点","PASS"
"GeneratedInstance","I030","orange","affix","伤害提升","ItemInstanceProjectionContract.Affixes + ItemAffixPoolAndRangeSchema","+12.85%","Debug retains slot/affix/profile/raw/formatted/range","PASS"
"GeneratedInstance","I030","orange","affix","控制提升","ItemInstanceProjectionContract.Affixes + ItemAffixPoolAndRangeSchema","+10点","Debug retains slot/affix/profile/raw/formatted/range","PASS"
"GeneratedInstance","I030","orange","identity","桃木剑","ItemInnerDataCatalog + ItemInstanceProjectionContract identity","Chinese header/meta","itemInstanceId/baseItemId/rarity/generation trace","PASS"
"GeneratedInstance","I030","orange","core","核心效果","eligibleCoreEffectIds + visibleCoreEffectIds + candidate descriptors","visible names and hidden count","all eligible/visible IDs","PASS"
"GeneratedInstance","I030","orange","build","Build","buildQualification + read-only Build snapshot","qualification/count/stage + missing payload placeholder","qualification/build ids/count/state","PASS"
