caseId,baseItemId,rarity,rootSeed,itemInstanceId,expected,result,actual
"catalog-asset","","",0,"","Workbench catalog asset exists","PASS","present"
"ordinary-list-30","","",0,"","30 ordinary base items","PASS","30"
"ordinary-list-excludes-I031","","",0,"","I031 excluded","PASS","I001|I002|I003|I004|I005|I006|I007|I008|I009|I010|I011|I012|I013|I014|I015|I016|I017|I018|I019|I020|I021|I022|I023|I024|I025|I026|I027|I028|I029|I030"
"base-query-I001","","",0,"","catalog base item query succeeds","PASS","I001"
"candidate-I001@white","","",0,"","candidate instance generated","PASS","Success:wb_i001_white_77041201"
"projection-I001@white","","",0,"","exact read-only projection","PASS","wb_i001_white_77041201"
"viewmodel-I001@white","","",0,"","15 prefab player slots + 3 debug candidate sections; empty/test slots hidden","PASS","15/3"
"stat-range-I001@white-0","I001","white",77041201,"wb_i001_white_77041201","candidate range readable with final roll","PASS","range index 0"
"stat-range-I001@white-1","I001","white",77041201,"wb_i001_white_77041201","candidate range readable with final roll","PASS","range index 1"
"stat-range-I001@white-2","I001","white",77041201,"wb_i001_white_77041201","candidate range readable with final roll","PASS","range index 2"
"stat-range-I001@white-3","I001","white",77041201,"wb_i001_white_77041201","candidate range readable with final roll","PASS","range index 3"
"determinism-I001@white","","",0,"","same base+rarity+seed is identical","PASS","wb_i001_white_77041201"
"seed-switch-I001@white","","",0,"","explicit seed change creates a distinct legal instance","PASS","wb_i001_white_77041202"
"candidate-I001@green","","",0,"","candidate instance generated","PASS","Success:wb_i001_green_77041201"
"projection-I001@green","","",0,"","exact read-only projection","PASS","wb_i001_green_77041201"
"viewmodel-I001@green","","",0,"","15 prefab player slots + 3 debug candidate sections; empty/test slots hidden","PASS","15/3"
"stat-range-I001@green-0","I001","green",77041201,"wb_i001_green_77041201","candidate range readable with final roll","PASS","range index 0"
"stat-range-I001@green-1","I001","green",77041201,"wb_i001_green_77041201","candidate range readable with final roll","PASS","range index 1"
"stat-range-I001@green-2","I001","green",77041201,"wb_i001_green_77041201","candidate range readable with final roll","PASS","range index 2"
"stat-range-I001@green-3","I001","green",77041201,"wb_i001_green_77041201","candidate range readable with final roll","PASS","range index 3"
"determinism-I001@green","","",0,"","same base+rarity+seed is identical","PASS","wb_i001_green_77041201"
"seed-switch-I001@green","","",0,"","explicit seed change creates a distinct legal instance","PASS","wb_i001_green_77041202"
"candidate-I001@blue","","",0,"","candidate instance generated","PASS","Success:wb_i001_blue_77041201"
"projection-I001@blue","","",0,"","exact read-only projection","PASS","wb_i001_blue_77041201"
"viewmodel-I001@blue","","",0,"","15 prefab player slots + 3 debug candidate sections; empty/test slots hidden","PASS","15/3"
"stat-range-I001@blue-0","I001","blue",77041201,"wb_i001_blue_77041201","candidate range readable with final roll","PASS","range index 0"
"stat-range-I001@blue-1","I001","blue",77041201,"wb_i001_blue_77041201","candidate range readable with final roll","PASS","range index 1"
"stat-range-I001@blue-2","I001","blue",77041201,"wb_i001_blue_77041201","candidate range readable with final roll","PASS","range index 2"
"stat-range-I001@blue-3","I001","blue",77041201,"wb_i001_blue_77041201","candidate range readable with final roll","PASS","range index 3"
"determinism-I001@blue","","",0,"","same base+rarity+seed is identical","PASS","wb_i001_blue_77041201"
"seed-switch-I001@blue","","",0,"","explicit seed change creates a distinct legal instance","PASS","wb_i001_blue_77041202"
"candidate-I001@purple","","",0,"","candidate instance generated","PASS","Success:wb_i001_purple_77041201"
"projection-I001@purple","","",0,"","exact read-only projection","PASS","wb_i001_purple_77041201"
"viewmodel-I001@purple","","",0,"","15 prefab player slots + 3 debug candidate sections; empty/test slots hidden","PASS","15/3"
"stat-range-I001@purple-0","I001","purple",77041201,"wb_i001_purple_77041201","candidate range readable with final roll","PASS","range index 0"
"stat-range-I001@purple-1","I001","purple",77041201,"wb_i001_purple_77041201","candidate range readable with final roll","PASS","range index 1"
"stat-range-I001@purple-2","I001","purple",77041201,"wb_i001_purple_77041201","candidate range readable with final roll","PASS","range index 2"
"stat-range-I001@purple-3","I001","purple",77041201,"wb_i001_purple_77041201","candidate range readable with final roll","PASS","range index 3"
"determinism-I001@purple","","",0,"","same base+rarity+seed is identical","PASS","wb_i001_purple_77041201"
"seed-switch-I001@purple","","",0,"","explicit seed change creates a distinct legal instance","PASS","wb_i001_purple_77041202"
"candidate-I001@orange","","",0,"","candidate instance generated","PASS","Success:wb_i001_orange_77041201"
"projection-I001@orange","","",0,"","exact read-only projection","PASS","wb_i001_orange_77041201"
"viewmodel-I001@orange","","",0,"","15 prefab player slots + 3 debug candidate sections; empty/test slots hidden","PASS","15/3"
"stat-range-I001@orange-0","I001","orange",77041201,"wb_i001_orange_77041201","candidate range readable with final roll","PASS","range index 0"
"stat-range-I001@orange-1","I001","orange",77041201,"wb_i001_orange_77041201","candidate range readable with final roll","PASS","range index 1"
"stat-range-I001@orange-2","I001","orange",77041201,"wb_i001_orange_77041201","candidate range readable with final roll","PASS","range index 2"
"stat-range-I001@orange-3","I001","orange",77041201,"wb_i001_orange_77041201","candidate range readable with final roll","PASS","range index 3"
"determinism-I001@orange","","",0,"","same base+rarity+seed is identical","PASS","wb_i001_orange_77041201"
"seed-switch-I001@orange","","",0,"","explicit seed change creates a distinct legal instance","PASS","wb_i001_orange_77041202"
"base-query-I002","","",0,"","catalog base item query succeeds","PASS","I002"
"candidate-I002@white","","",0,"","candidate instance generated","PASS","Success:wb_i002_white_77041201"
"projection-I002@white","","",0,"","exact read-only projection","PASS","wb_i002_white_77041201"
"viewmodel-I002@white","","",0,"","15 prefab player slots + 3 debug candidate sections; empty/test slots hidden","PASS","15/3"
"stat-range-I002@white-0","I002","white",77041201,"wb_i002_white_77041201","candidate range readable with final roll","PASS","range index 0"
"stat-range-I002@white-1","I002","white",77041201,"wb_i002_white_77041201","candidate range readable with final roll","PASS","range index 1"
"stat-range-I002@white-2","I002","white",77041201,"wb_i002_white_77041201","candidate range readable with final roll","PASS","range index 2"
"stat-range-I002@white-3","I002","white",77041201,"wb_i002_white_77041201","candidate range readable with final roll","PASS","range index 3"
"determinism-I002@white","","",0,"","same base+rarity+seed is identical","PASS","wb_i002_white_77041201"
"seed-switch-I002@white","","",0,"","explicit seed change creates a distinct legal instance","PASS","wb_i002_white_77041202"
"candidate-I002@green","","",0,"","candidate instance generated","PASS","Success:wb_i002_green_77041201"
"projection-I002@green","","",0,"","exact read-only projection","PASS","wb_i002_green_77041201"
"viewmodel-I002@green","","",0,"","15 prefab player slots + 3 debug candidate sections; empty/test slots hidden","PASS","15/3"
"stat-range-I002@green-0","I002","green",77041201,"wb_i002_green_77041201","candidate range readable with final roll","PASS","range index 0"
"stat-range-I002@green-1","I002","green",77041201,"wb_i002_green_77041201","candidate range readable with final roll","PASS","range index 1"
"stat-range-I002@green-2","I002","green",77041201,"wb_i002_green_77041201","candidate range readable with final roll","PASS","range index 2"
"stat-range-I002@green-3","I002","green",77041201,"wb_i002_green_77041201","candidate range readable with final roll","PASS","range index 3"
"determinism-I002@green","","",0,"","same base+rarity+seed is identical","PASS","wb_i002_green_77041201"
"seed-switch-I002@green","","",0,"","explicit seed change creates a distinct legal instance","PASS","wb_i002_green_77041202"
"candidate-I002@blue","","",0,"","candidate instance generated","PASS","Success:wb_i002_blue_77041201"
"projection-I002@blue","","",0,"","exact read-only projection","PASS","wb_i002_blue_77041201"
"viewmodel-I002@blue","","",0,"","15 prefab player slots + 3 debug candidate sections; empty/test slots hidden","PASS","15/3"
"stat-range-I002@blue-0","I002","blue",77041201,"wb_i002_blue_77041201","candidate range readable with final roll","PASS","range index 0"
"stat-range-I002@blue-1","I002","blue",77041201,"wb_i002_blue_77041201","candidate range readable with final roll","PASS","range index 1"
"stat-range-I002@blue-2","I002","blue",77041201,"wb_i002_blue_77041201","candidate range readable with final roll","PASS","range index 2"
"stat-range-I002@blue-3","I002","blue",77041201,"wb_i002_blue_77041201","candidate range readable with final roll","PASS","range index 3"
"determinism-I002@blue","","",0,"","same base+rarity+seed is identical","PASS","wb_i002_blue_77041201"
"seed-switch-I002@blue","","",0,"","explicit seed change creates a distinct legal instance","PASS","wb_i002_blue_77041202"
"candidate-I002@purple","","",0,"","candidate instance generated","PASS","Success:wb_i002_purple_77041201"
"projection-I002@purple","","",0,"","exact read-only projection","PASS","wb_i002_purple_77041201"
"viewmodel-I002@purple","","",0,"","15 prefab player slots + 3 debug candidate sections; empty/test slots hidden","PASS","15/3"
"stat-range-I002@purple-0","I002","purple",77041201,"wb_i002_purple_77041201","candidate range readable with final roll","PASS","range index 0"
"stat-range-I002@purple-1","I002","purple",77041201,"wb_i002_purple_77041201","candidate range readable with final roll","PASS","range index 1"
"stat-range-I002@purple-2","I002","purple",77041201,"wb_i002_purple_77041201","candidate range readable with final roll","PASS","range index 2"
"stat-range-I002@purple-3","I002","purple",77041201,"wb_i002_purple_77041201","candidate range readable with final roll","PASS","range index 3"
"determinism-I002@purple","","",0,"","same base+rarity+seed is identical","PASS","wb_i002_purple_77041201"
"seed-switch-I002@purple","","",0,"","explicit seed change creates a distinct legal instance","PASS","wb_i002_purple_77041202"
"candidate-I002@orange","","",0,"","candidate instance generated","PASS","Success:wb_i002_orange_77041201"
"projection-I002@orange","","",0,"","exact read-only projection","PASS","wb_i002_orange_77041201"
"viewmodel-I002@orange","","",0,"","15 prefab player slots + 3 debug candidate sections; empty/test slots hidden","PASS","15/3"
"stat-range-I002@orange-0","I002","orange",77041201,"wb_i002_orange_77041201","candidate range readable with final roll","PASS","range index 0"
"stat-range-I002@orange-1","I002","orange",77041201,"wb_i002_orange_77041201","candidate range readable with final roll","PASS","range index 1"
"stat-range-I002@orange-2","I002","orange",77041201,"wb_i002_orange_77041201","candidate range readable with final roll","PASS","range index 2"
"stat-range-I002@orange-3","I002","orange",77041201,"wb_i002_orange_77041201","candidate range readable with final roll","PASS","range index 3"
"determinism-I002@orange","","",0,"","same base+rarity+seed is identical","PASS","wb_i002_orange_77041201"
"seed-switch-I002@orange","","",0,"","explicit seed change creates a distinct legal instance","PASS","wb_i002_orange_77041202"
"base-query-I003","","",0,"","catalog base item query succeeds","PASS","I003"
"candidate-I003@white","","",0,"","candidate instance generated","PASS","Success:wb_i003_white_77041201"
"projection-I003@white","","",0,"","exact read-only projection","PASS","wb_i003_white_77041201"
"viewmodel-I003@white","","",0,"","15 prefab player slots + 3 debug candidate sections; empty/test slots hidden","PASS","15/3"
"stat-range-I003@white-0","I003","white",77041201,"wb_i003_white_77041201","candidate range readable with final roll","PASS","range index 0"
"stat-range-I003@white-1","I003","white",77041201,"wb_i003_white_77041201","candidate range readable with final roll","PASS","range index 1"
"stat-range-I003@white-2","I003","white",77041201,"wb_i003_white_77041201","candidate range readable with final roll","PASS","range index 2"
"stat-range-I003@white-3","I003","white",77041201,"wb_i003_white_77041201","candidate range readable with final roll","PASS","range index 3"
"determinism-I003@white","","",0,"","same base+rarity+seed is identical","PASS","wb_i003_white_77041201"
"seed-switch-I003@white","","",0,"","explicit seed change creates a distinct legal instance","PASS","wb_i003_white_77041202"
"candidate-I003@green","","",0,"","candidate instance generated","PASS","Success:wb_i003_green_77041201"
"projection-I003@green","","",0,"","exact read-only projection","PASS","wb_i003_green_77041201"
"viewmodel-I003@green","","",0,"","15 prefab player slots + 3 debug candidate sections; empty/test slots hidden","PASS","15/3"
"stat-range-I003@green-0","I003","green",77041201,"wb_i003_green_77041201","candidate range readable with final roll","PASS","range index 0"
"stat-range-I003@green-1","I003","green",77041201,"wb_i003_green_77041201","candidate range readable with final roll","PASS","range index 1"
"stat-range-I003@green-2","I003","green",77041201,"wb_i003_green_77041201","candidate range readable with final roll","PASS","range index 2"
"stat-range-I003@green-3","I003","green",77041201,"wb_i003_green_77041201","candidate range readable with final roll","PASS","range index 3"
"determinism-I003@green","","",0,"","same base+rarity+seed is identical","PASS","wb_i003_green_77041201"
"seed-switch-I003@green","","",0,"","explicit seed change creates a distinct legal instance","PASS","wb_i003_green_77041202"
"candidate-I003@blue","","",0,"","candidate instance generated","PASS","Success:wb_i003_blue_77041201"
"projection-I003@blue","","",0,"","exact read-only projection","PASS","wb_i003_blue_77041201"
"viewmodel-I003@blue","","",0,"","15 prefab player slots + 3 debug candidate sections; empty/test slots hidden","PASS","15/3"
"stat-range-I003@blue-0","I003","blue",77041201,"wb_i003_blue_77041201","candidate range readable with final roll","PASS","range index 0"
"stat-range-I003@blue-1","I003","blue",77041201,"wb_i003_blue_77041201","candidate range readable with final roll","PASS","range index 1"
"stat-range-I003@blue-2","I003","blue",77041201,"wb_i003_blue_77041201","candidate range readable with final roll","PASS","range index 2"
"stat-range-I003@blue-3","I003","blue",77041201,"wb_i003_blue_77041201","candidate range readable with final roll","PASS","range index 3"
"determinism-I003@blue","","",0,"","same base+rarity+seed is identical","PASS","wb_i003_blue_77041201"
"seed-switch-I003@blue","","",0,"","explicit seed change creates a distinct legal instance","PASS","wb_i003_blue_77041202"
"candidate-I003@purple","","",0,"","candidate instance generated","PASS","Success:wb_i003_purple_77041201"
"projection-I003@purple","","",0,"","exact read-only projection","PASS","wb_i003_purple_77041201"
"viewmodel-I003@purple","","",0,"","15 prefab player slots + 3 debug candidate sections; empty/test slots hidden","PASS","15/3"
"stat-range-I003@purple-0","I003","purple",77041201,"wb_i003_purple_77041201","candidate range readable with final roll","PASS","range index 0"
"stat-range-I003@purple-1","I003","purple",77041201,"wb_i003_purple_77041201","candidate range readable with final roll","PASS","range index 1"
"stat-range-I003@purple-2","I003","purple",77041201,"wb_i003_purple_77041201","candidate range readable with final roll","PASS","range index 2"
"stat-range-I003@purple-3","I003","purple",77041201,"wb_i003_purple_77041201","candidate range readable with final roll","PASS","range index 3"
"determinism-I003@purple","","",0,"","same base+rarity+seed is identical","PASS","wb_i003_purple_77041201"
"seed-switch-I003@purple","","",0,"","explicit seed change creates a distinct legal instance","PASS","wb_i003_purple_77041202"
"candidate-I003@orange","","",0,"","candidate instance generated","PASS","Success:wb_i003_orange_77041201"
"projection-I003@orange","","",0,"","exact read-only projection","PASS","wb_i003_orange_77041201"
"viewmodel-I003@orange","","",0,"","15 prefab player slots + 3 debug candidate sections; empty/test slots hidden","PASS","15/3"
"stat-range-I003@orange-0","I003","orange",77041201,"wb_i003_orange_77041201","candidate range readable with final roll","PASS","range index 0"
"stat-range-I003@orange-1","I003","orange",77041201,"wb_i003_orange_77041201","candidate range readable with final roll","PASS","range index 1"
"stat-range-I003@orange-2","I003","orange",77041201,"wb_i003_orange_77041201","candidate range readable with final roll","PASS","range index 2"
"stat-range-I003@orange-3","I003","orange",77041201,"wb_i003_orange_77041201","candidate range readable with final roll","PASS","range index 3"
"determinism-I003@orange","","",0,"","same base+rarity+seed is identical","PASS","wb_i003_orange_77041201"
"seed-switch-I003@orange","","",0,"","explicit seed change creates a distinct legal instance","PASS","wb_i003_orange_77041202"
"base-query-I004","","",0,"","catalog base item query succeeds","PASS","I004"
"candidate-I004@white","","",0,"","candidate instance generated","PASS","Success:wb_i004_white_77041201"
"projection-I004@white","","",0,"","exact read-only projection","PASS","wb_i004_white_77041201"
"viewmodel-I004@white","","",0,"","15 prefab player slots + 3 debug candidate sections; empty/test slots hidden","PASS","15/3"
"stat-range-I004@white-0","I004","white",77041201,"wb_i004_white_77041201","candidate range readable with final roll","PASS","range index 0"
"stat-range-I004@white-1","I004","white",77041201,"wb_i004_white_77041201","candidate range readable with final roll","PASS","range index 1"
"stat-range-I004@white-2","I004","white",77041201,"wb_i004_white_77041201","candidate range readable with final roll","PASS","range index 2"
"stat-range-I004@white-3","I004","white",77041201,"wb_i004_white_77041201","candidate range readable with final roll","PASS","range index 3"
"determinism-I004@white","","",0,"","same base+rarity+seed is identical","PASS","wb_i004_white_77041201"
"seed-switch-I004@white","","",0,"","explicit seed change creates a distinct legal instance","PASS","wb_i004_white_77041202"
"candidate-I004@green","","",0,"","candidate instance generated","PASS","Success:wb_i004_green_77041201"
"projection-I004@green","","",0,"","exact read-only projection","PASS","wb_i004_green_77041201"
"viewmodel-I004@green","","",0,"","15 prefab player slots + 3 debug candidate sections; empty/test slots hidden","PASS","15/3"
"stat-range-I004@green-0","I004","green",77041201,"wb_i004_green_77041201","candidate range readable with final roll","PASS","range index 0"
"stat-range-I004@green-1","I004","green",77041201,"wb_i004_green_77041201","candidate range readable with final roll","PASS","range index 1"
"stat-range-I004@green-2","I004","green",77041201,"wb_i004_green_77041201","candidate range readable with final roll","PASS","range index 2"
"stat-range-I004@green-3","I004","green",77041201,"wb_i004_green_77041201","candidate range readable with final roll","PASS","range index 3"
"determinism-I004@green","","",0,"","same base+rarity+seed is identical","PASS","wb_i004_green_77041201"
"seed-switch-I004@green","","",0,"","explicit seed change creates a distinct legal instance","PASS","wb_i004_green_77041202"
"candidate-I004@blue","","",0,"","candidate instance generated","PASS","Success:wb_i004_blue_77041201"
"projection-I004@blue","","",0,"","exact read-only projection","PASS","wb_i004_blue_77041201"
"viewmodel-I004@blue","","",0,"","15 prefab player slots + 3 debug candidate sections; empty/test slots hidden","PASS","15/3"
"stat-range-I004@blue-0","I004","blue",77041201,"wb_i004_blue_77041201","candidate range readable with final roll","PASS","range index 0"
"stat-range-I004@blue-1","I004","blue",77041201,"wb_i004_blue_77041201","candidate range readable with final roll","PASS","range index 1"
"stat-range-I004@blue-2","I004","blue",77041201,"wb_i004_blue_77041201","candidate range readable with final roll","PASS","range index 2"
"stat-range-I004@blue-3","I004","blue",77041201,"wb_i004_blue_77041201","candidate range readable with final roll","PASS","range index 3"
"determinism-I004@blue","","",0,"","same base+rarity+seed is identical","PASS","wb_i004_blue_77041201"
"seed-switch-I004@blue","","",0,"","explicit seed change creates a distinct legal instance","PASS","wb_i004_blue_77041202"
"candidate-I004@purple","","",0,"","candidate instance generated","PASS","Success:wb_i004_purple_77041201"
"projection-I004@purple","","",0,"","exact read-only projection","PASS","wb_i004_purple_77041201"
"viewmodel-I004@purple","","",0,"","15 prefab player slots + 3 debug candidate sections; empty/test slots hidden","PASS","15/3"
"stat-range-I004@purple-0","I004","purple",77041201,"wb_i004_purple_77041201","candidate range readable with final roll","PASS","range index 0"
"stat-range-I004@purple-1","I004","purple",77041201,"wb_i004_purple_77041201","candidate range readable with final roll","PASS","range index 1"
"stat-range-I004@purple-2","I004","purple",77041201,"wb_i004_purple_77041201","candidate range readable with final roll","PASS","range index 2"
"stat-range-I004@purple-3","I004","purple",77041201,"wb_i004_purple_77041201","candidate range readable with final roll","PASS","range index 3"
"determinism-I004@purple","","",0,"","same base+rarity+seed is identical","PASS","wb_i004_purple_77041201"
"seed-switch-I004@purple","","",0,"","explicit seed change creates a distinct legal instance","PASS","wb_i004_purple_77041202"
"candidate-I004@orange","","",0,"","candidate instance generated","PASS","Success:wb_i004_orange_77041201"
"projection-I004@orange","","",0,"","exact read-only projection","PASS","wb_i004_orange_77041201"
"viewmodel-I004@orange","","",0,"","15 prefab player slots + 3 debug candidate sections; empty/test slots hidden","PASS","15/3"
"stat-range-I004@orange-0","I004","orange",77041201,"wb_i004_orange_77041201","candidate range readable with final roll","PASS","range index 0"
"stat-range-I004@orange-1","I004","orange",77041201,"wb_i004_orange_77041201","candidate range readable with final roll","PASS","range index 1"
"stat-range-I004@orange-2","I004","orange",77041201,"wb_i004_orange_77041201","candidate range readable with final roll","PASS","range index 2"
"stat-range-I004@orange-3","I004","orange",77041201,"wb_i004_orange_77041201","candidate range readable with final roll","PASS","range index 3"
"determinism-I004@orange","","",0,"","same base+rarity+seed is identical","PASS","wb_i004_orange_77041201"
"seed-switch-I004@orange","","",0,"","explicit seed change creates a distinct legal instance","PASS","wb_i004_orange_77041202"
"base-query-I005","","",0,"","catalog base item query succeeds","PASS","I005"
"candidate-I005@white","","",0,"","candidate instance generated","PASS","Success:wb_i005_white_77041201"
"projection-I005@white","","",0,"","exact read-only projection","PASS","wb_i005_white_77041201"
"viewmodel-I005@white","","",0,"","15 prefab player slots + 3 debug candidate sections; empty/test slots hidden","PASS","15/3"
"stat-range-I005@white-0","I005","white",77041201,"wb_i005_white_77041201","candidate range readable with final roll","PASS","range index 0"
"stat-range-I005@white-1","I005","white",77041201,"wb_i005_white_77041201","candidate range readable with final roll","PASS","range index 1"
"stat-range-I005@white-2","I005","white",77041201,"wb_i005_white_77041201","candidate range readable with final roll","PASS","range index 2"
"stat-range-I005@white-3","I005","white",77041201,"wb_i005_white_77041201","candidate range readable with final roll","PASS","range index 3"
"determinism-I005@white","","",0,"","same base+rarity+seed is identical","PASS","wb_i005_white_77041201"
"seed-switch-I005@white","","",0,"","explicit seed change creates a distinct legal instance","PASS","wb_i005_white_77041202"
"candidate-I005@green","","",0,"","candidate instance generated","PASS","Success:wb_i005_green_77041201"
"projection-I005@green","","",0,"","exact read-only projection","PASS","wb_i005_green_77041201"
"viewmodel-I005@green","","",0,"","15 prefab player slots + 3 debug candidate sections; empty/test slots hidden","PASS","15/3"
"stat-range-I005@green-0","I005","green",77041201,"wb_i005_green_77041201","candidate range readable with final roll","PASS","range index 0"
"stat-range-I005@green-1","I005","green",77041201,"wb_i005_green_77041201","candidate range readable with final roll","PASS","range index 1"
"stat-range-I005@green-2","I005","green",77041201,"wb_i005_green_77041201","candidate range readable with final roll","PASS","range index 2"
"stat-range-I005@green-3","I005","green",77041201,"wb_i005_green_77041201","candidate range readable with final roll","PASS","range index 3"
"determinism-I005@green","","",0,"","same base+rarity+seed is identical","PASS","wb_i005_green_77041201"
"seed-switch-I005@green","","",0,"","explicit seed change creates a distinct legal instance","PASS","wb_i005_green_77041202"
"candidate-I005@blue","","",0,"","candidate instance generated","PASS","Success:wb_i005_blue_77041201"
"projection-I005@blue","","",0,"","exact read-only projection","PASS","wb_i005_blue_77041201"
"viewmodel-I005@blue","","",0,"","15 prefab player slots + 3 debug candidate sections; empty/test slots hidden","PASS","15/3"
"stat-range-I005@blue-0","I005","blue",77041201,"wb_i005_blue_77041201","candidate range readable with final roll","PASS","range index 0"
"stat-range-I005@blue-1","I005","blue",77041201,"wb_i005_blue_77041201","candidate range readable with final roll","PASS","range index 1"
"stat-range-I005@blue-2","I005","blue",77041201,"wb_i005_blue_77041201","candidate range readable with final roll","PASS","range index 2"
"stat-range-I005@blue-3","I005","blue",77041201,"wb_i005_blue_77041201","candidate range readable with final roll","PASS","range index 3"
"determinism-I005@blue","","",0,"","same base+rarity+seed is identical","PASS","wb_i005_blue_77041201"
"seed-switch-I005@blue","","",0,"","explicit seed change creates a distinct legal instance","PASS","wb_i005_blue_77041202"
"candidate-I005@purple","","",0,"","candidate instance generated","PASS","Success:wb_i005_purple_77041201"
"projection-I005@purple","","",0,"","exact read-only projection","PASS","wb_i005_purple_77041201"
"viewmodel-I005@purple","","",0,"","15 prefab player slots + 3 debug candidate sections; empty/test slots hidden","PASS","15/3"
"stat-range-I005@purple-0","I005","purple",77041201,"wb_i005_purple_77041201","candidate range readable with final roll","PASS","range index 0"
"stat-range-I005@purple-1","I005","purple",77041201,"wb_i005_purple_77041201","candidate range readable with final roll","PASS","range index 1"
"stat-range-I005@purple-2","I005","purple",77041201,"wb_i005_purple_77041201","candidate range readable with final roll","PASS","range index 2"
"stat-range-I005@purple-3","I005","purple",77041201,"wb_i005_purple_77041201","candidate range readable with final roll","PASS","range index 3"
"determinism-I005@purple","","",0,"","same base+rarity+seed is identical","PASS","wb_i005_purple_77041201"
"seed-switch-I005@purple","","",0,"","explicit seed change creates a distinct legal instance","PASS","wb_i005_purple_77041202"
"candidate-I005@orange","","",0,"","candidate instance generated","PASS","Success:wb_i005_orange_77041201"
"projection-I005@orange","","",0,"","exact read-only projection","PASS","wb_i005_orange_77041201"
"viewmodel-I005@orange","","",0,"","15 prefab player slots + 3 debug candidate sections; empty/test slots hidden","PASS","15/3"
"stat-range-I005@orange-0","I005","orange",77041201,"wb_i005_orange_77041201","candidate range readable with final roll","PASS","range index 0"
"stat-range-I005@orange-1","I005","orange",77041201,"wb_i005_orange_77041201","candidate range readable with final roll","PASS","range index 1"
"stat-range-I005@orange-2","I005","orange",77041201,"wb_i005_orange_77041201","candidate range readable with final roll","PASS","range index 2"
"stat-range-I005@orange-3","I005","orange",77041201,"wb_i005_orange_77041201","candidate range readable with final roll","PASS","range index 3"
"determinism-I005@orange","","",0,"","same base+rarity+seed is identical","PASS","wb_i005_orange_77041201"
"seed-switch-I005@orange","","",0,"","explicit seed change creates a distinct legal instance","PASS","wb_i005_orange_77041202"
"base-query-I006","","",0,"","catalog base item query succeeds","PASS","I006"
"candidate-I006@white","","",0,"","candidate instance generated","PASS","Success:wb_i006_white_77041201"
"projection-I006@white","","",0,"","exact read-only projection","PASS","wb_i006_white_77041201"
"viewmodel-I006@white","","",0,"","15 prefab player slots + 3 debug candidate sections; empty/test slots hidden","PASS","15/3"
"stat-range-I006@white-0","I006","white",77041201,"wb_i006_white_77041201","candidate range readable with final roll","PASS","range index 0"
"stat-range-I006@white-1","I006","white",77041201,"wb_i006_white_77041201","candidate range readable with final roll","PASS","range index 1"
"stat-range-I006@white-2","I006","white",77041201,"wb_i006_white_77041201","candidate range readable with final roll","PASS","range index 2"
"stat-range-I006@white-3","I006","white",77041201,"wb_i006_white_77041201","candidate range readable with final roll","PASS","range index 3"
"determinism-I006@white","","",0,"","same base+rarity+seed is identical","PASS","wb_i006_white_77041201"
"seed-switch-I006@white","","",0,"","explicit seed change creates a distinct legal instance","PASS","wb_i006_white_77041202"
"candidate-I006@green","","",0,"","candidate instance generated","PASS","Success:wb_i006_green_77041201"
"projection-I006@green","","",0,"","exact read-only projection","PASS","wb_i006_green_77041201"
"viewmodel-I006@green","","",0,"","15 prefab player slots + 3 debug candidate sections; empty/test slots hidden","PASS","15/3"
"stat-range-I006@green-0","I006","green",77041201,"wb_i006_green_77041201","candidate range readable with final roll","PASS","range index 0"
"stat-range-I006@green-1","I006","green",77041201,"wb_i006_green_77041201","candidate range readable with final roll","PASS","range index 1"
"stat-range-I006@green-2","I006","green",77041201,"wb_i006_green_77041201","candidate range readable with final roll","PASS","range index 2"
"stat-range-I006@green-3","I006","green",77041201,"wb_i006_green_77041201","candidate range readable with final roll","PASS","range index 3"
"determinism-I006@green","","",0,"","same base+rarity+seed is identical","PASS","wb_i006_green_77041201"
"seed-switch-I006@green","","",0,"","explicit seed change creates a distinct legal instance","PASS","wb_i006_green_77041202"
"candidate-I006@blue","","",0,"","candidate instance generated","PASS","Success:wb_i006_blue_77041201"
"projection-I006@blue","","",0,"","exact read-only projection","PASS","wb_i006_blue_77041201"
"viewmodel-I006@blue","","",0,"","15 prefab player slots + 3 debug candidate sections; empty/test slots hidden","PASS","15/3"
"stat-range-I006@blue-0","I006","blue",77041201,"wb_i006_blue_77041201","candidate range readable with final roll","PASS","range index 0"
"stat-range-I006@blue-1","I006","blue",77041201,"wb_i006_blue_77041201","candidate range readable with final roll","PASS","range index 1"
"stat-range-I006@blue-2","I006","blue",77041201,"wb_i006_blue_77041201","candidate range readable with final roll","PASS","range index 2"
"stat-range-I006@blue-3","I006","blue",77041201,"wb_i006_blue_77041201","candidate range readable with final roll","PASS","range index 3"
"determinism-I006@blue","","",0,"","same base+rarity+seed is identical","PASS","wb_i006_blue_77041201"
"seed-switch-I006@blue","","",0,"","explicit seed change creates a distinct legal instance","PASS","wb_i006_blue_77041202"
"candidate-I006@purple","","",0,"","candidate instance generated","PASS","Success:wb_i006_purple_77041201"
"projection-I006@purple","","",0,"","exact read-only projection","PASS","wb_i006_purple_77041201"
"viewmodel-I006@purple","","",0,"","15 prefab player slots + 3 debug candidate sections; empty/test slots hidden","PASS","15/3"
"stat-range-I006@purple-0","I006","purple",77041201,"wb_i006_purple_77041201","candidate range readable with final roll","PASS","range index 0"
"stat-range-I006@purple-1","I006","purple",77041201,"wb_i006_purple_77041201","candidate range readable with final roll","PASS","range index 1"
"stat-range-I006@purple-2","I006","purple",77041201,"wb_i006_purple_77041201","candidate range readable with final roll","PASS","range index 2"
"stat-range-I006@purple-3","I006","purple",77041201,"wb_i006_purple_77041201","candidate range readable with final roll","PASS","range index 3"
"determinism-I006@purple","","",0,"","same base+rarity+seed is identical","PASS","wb_i006_purple_77041201"
"seed-switch-I006@purple","","",0,"","explicit seed change creates a distinct legal instance","PASS","wb_i006_purple_77041202"
"candidate-I006@orange","","",0,"","candidate instance generated","PASS","Success:wb_i006_orange_77041201"
"projection-I006@orange","","",0,"","exact read-only projection","PASS","wb_i006_orange_77041201"
"viewmodel-I006@orange","","",0,"","15 prefab player slots + 3 debug candidate sections; empty/test slots hidden","PASS","15/3"
"stat-range-I006@orange-0","I006","orange",77041201,"wb_i006_orange_77041201","candidate range readable with final roll","PASS","range index 0"
"stat-range-I006@orange-1","I006","orange",77041201,"wb_i006_orange_77041201","candidate range readable with final roll","PASS","range index 1"
"stat-range-I006@orange-2","I006","orange",77041201,"wb_i006_orange_77041201","candidate range readable with final roll","PASS","range index 2"
"stat-range-I006@orange-3","I006","orange",77041201,"wb_i006_orange_77041201","candidate range readable with final roll","PASS","range index 3"
"determinism-I006@orange","","",0,"","same base+rarity+seed is identical","PASS","wb_i006_orange_77041201"
"seed-switch-I006@orange","","",0,"","explicit seed change creates a distinct legal instance","PASS","wb_i006_orange_77041202"
"base-query-I007","","",0,"","catalog base item query succeeds","PASS","I007"
"candidate-I007@white","","",0,"","candidate instance generated","PASS","Success:wb_i007_white_77041201"
"projection-I007@white","","",0,"","exact read-only projection","PASS","wb_i007_white_77041201"
"viewmodel-I007@white","","",0,"","15 prefab player slots + 3 debug candidate sections; empty/test slots hidden","PASS","15/3"
"stat-range-I007@white-0","I007","white",77041201,"wb_i007_white_77041201","candidate range readable with final roll","PASS","range index 0"
"stat-range-I007@white-1","I007","white",77041201,"wb_i007_white_77041201","candidate range readable with final roll","PASS","range index 1"
"stat-range-I007@white-2","I007","white",77041201,"wb_i007_white_77041201","candidate range readable with final roll","PASS","range index 2"
"stat-range-I007@white-3","I007","white",77041201,"wb_i007_white_77041201","candidate range readable with final roll","PASS","range index 3"
"determinism-I007@white","","",0,"","same base+rarity+seed is identical","PASS","wb_i007_white_77041201"
"seed-switch-I007@white","","",0,"","explicit seed change creates a distinct legal instance","PASS","wb_i007_white_77041202"
"candidate-I007@green","","",0,"","candidate instance generated","PASS","Success:wb_i007_green_77041201"
"projection-I007@green","","",0,"","exact read-only projection","PASS","wb_i007_green_77041201"
"viewmodel-I007@green","","",0,"","15 prefab player slots + 3 debug candidate sections; empty/test slots hidden","PASS","15/3"
"stat-range-I007@green-0","I007","green",77041201,"wb_i007_green_77041201","candidate range readable with final roll","PASS","range index 0"
"stat-range-I007@green-1","I007","green",77041201,"wb_i007_green_77041201","candidate range readable with final roll","PASS","range index 1"
"stat-range-I007@green-2","I007","green",77041201,"wb_i007_green_77041201","candidate range readable with final roll","PASS","range index 2"
"stat-range-I007@green-3","I007","green",77041201,"wb_i007_green_77041201","candidate range readable with final roll","PASS","range index 3"
"determinism-I007@green","","",0,"","same base+rarity+seed is identical","PASS","wb_i007_green_77041201"
"seed-switch-I007@green","","",0,"","explicit seed change creates a distinct legal instance","PASS","wb_i007_green_77041202"
"candidate-I007@blue","","",0,"","candidate instance generated","PASS","Success:wb_i007_blue_77041201"
"projection-I007@blue","","",0,"","exact read-only projection","PASS","wb_i007_blue_77041201"
"viewmodel-I007@blue","","",0,"","15 prefab player slots + 3 debug candidate sections; empty/test slots hidden","PASS","15/3"
"stat-range-I007@blue-0","I007","blue",77041201,"wb_i007_blue_77041201","candidate range readable with final roll","PASS","range index 0"
"stat-range-I007@blue-1","I007","blue",77041201,"wb_i007_blue_77041201","candidate range readable with final roll","PASS","range index 1"
"stat-range-I007@blue-2","I007","blue",77041201,"wb_i007_blue_77041201","candidate range readable with final roll","PASS","range index 2"
"stat-range-I007@blue-3","I007","blue",77041201,"wb_i007_blue_77041201","candidate range readable with final roll","PASS","range index 3"
"determinism-I007@blue","","",0,"","same base+rarity+seed is identical","PASS","wb_i007_blue_77041201"
"seed-switch-I007@blue","","",0,"","explicit seed change creates a distinct legal instance","PASS","wb_i007_blue_77041202"
"candidate-I007@purple","","",0,"","candidate instance generated","PASS","Success:wb_i007_purple_77041201"
"projection-I007@purple","","",0,"","exact read-only projection","PASS","wb_i007_purple_77041201"
"viewmodel-I007@purple","","",0,"","15 prefab player slots + 3 debug candidate sections; empty/test slots hidden","PASS","15/3"
"stat-range-I007@purple-0","I007","purple",77041201,"wb_i007_purple_77041201","candidate range readable with final roll","PASS","range index 0"
"stat-range-I007@purple-1","I007","purple",77041201,"wb_i007_purple_77041201","candidate range readable with final roll","PASS","range index 1"
"stat-range-I007@purple-2","I007","purple",77041201,"wb_i007_purple_77041201","candidate range readable with final roll","PASS","range index 2"
"stat-range-I007@purple-3","I007","purple",77041201,"wb_i007_purple_77041201","candidate range readable with final roll","PASS","range index 3"
"determinism-I007@purple","","",0,"","same base+rarity+seed is identical","PASS","wb_i007_purple_77041201"
"seed-switch-I007@purple","","",0,"","explicit seed change creates a distinct legal instance","PASS","wb_i007_purple_77041202"
"candidate-I007@orange","","",0,"","candidate instance generated","PASS","Success:wb_i007_orange_77041201"
"projection-I007@orange","","",0,"","exact read-only projection","PASS","wb_i007_orange_77041201"
"viewmodel-I007@orange","","",0,"","15 prefab player slots + 3 debug candidate sections; empty/test slots hidden","PASS","15/3"
"stat-range-I007@orange-0","I007","orange",77041201,"wb_i007_orange_77041201","candidate range readable with final roll","PASS","range index 0"
"stat-range-I007@orange-1","I007","orange",77041201,"wb_i007_orange_77041201","candidate range readable with final roll","PASS","range index 1"
"stat-range-I007@orange-2","I007","orange",77041201,"wb_i007_orange_77041201","candidate range readable with final roll","PASS","range index 2"
"stat-range-I007@orange-3","I007","orange",77041201,"wb_i007_orange_77041201","candidate range readable with final roll","PASS","range index 3"
"determinism-I007@orange","","",0,"","same base+rarity+seed is identical","PASS","wb_i007_orange_77041201"
"seed-switch-I007@orange","","",0,"","explicit seed change creates a distinct legal instance","PASS","wb_i007_orange_77041202"
"base-query-I008","","",0,"","catalog base item query succeeds","PASS","I008"
"candidate-I008@white","","",0,"","candidate instance generated","PASS","Success:wb_i008_white_77041201"
"projection-I008@white","","",0,"","exact read-only projection","PASS","wb_i008_white_77041201"
"viewmodel-I008@white","","",0,"","15 prefab player slots + 3 debug candidate sections; empty/test slots hidden","PASS","15/3"
"stat-range-I008@white-0","I008","white",77041201,"wb_i008_white_77041201","candidate range readable with final roll","PASS","range index 0"
"stat-range-I008@white-1","I008","white",77041201,"wb_i008_white_77041201","candidate range readable with final roll","PASS","range index 1"
"stat-range-I008@white-2","I008","white",77041201,"wb_i008_white_77041201","candidate range readable with final roll","PASS","range index 2"
"stat-range-I008@white-3","I008","white",77041201,"wb_i008_white_77041201","candidate range readable with final roll","PASS","range index 3"
"determinism-I008@white","","",0,"","same base+rarity+seed is identical","PASS","wb_i008_white_77041201"
"seed-switch-I008@white","","",0,"","explicit seed change creates a distinct legal instance","PASS","wb_i008_white_77041202"
"candidate-I008@green","","",0,"","candidate instance generated","PASS","Success:wb_i008_green_77041201"
"projection-I008@green","","",0,"","exact read-only projection","PASS","wb_i008_green_77041201"
"viewmodel-I008@green","","",0,"","15 prefab player slots + 3 debug candidate sections; empty/test slots hidden","PASS","15/3"
"stat-range-I008@green-0","I008","green",77041201,"wb_i008_green_77041201","candidate range readable with final roll","PASS","range index 0"
"stat-range-I008@green-1","I008","green",77041201,"wb_i008_green_77041201","candidate range readable with final roll","PASS","range index 1"
"stat-range-I008@green-2","I008","green",77041201,"wb_i008_green_77041201","candidate range readable with final roll","PASS","range index 2"
"stat-range-I008@green-3","I008","green",77041201,"wb_i008_green_77041201","candidate range readable with final roll","PASS","range index 3"
"determinism-I008@green","","",0,"","same base+rarity+seed is identical","PASS","wb_i008_green_77041201"
"seed-switch-I008@green","","",0,"","explicit seed change creates a distinct legal instance","PASS","wb_i008_green_77041202"
"candidate-I008@blue","","",0,"","candidate instance generated","PASS","Success:wb_i008_blue_77041201"
"projection-I008@blue","","",0,"","exact read-only projection","PASS","wb_i008_blue_77041201"
"viewmodel-I008@blue","","",0,"","15 prefab player slots + 3 debug candidate sections; empty/test slots hidden","PASS","15/3"
"stat-range-I008@blue-0","I008","blue",77041201,"wb_i008_blue_77041201","candidate range readable with final roll","PASS","range index 0"
"stat-range-I008@blue-1","I008","blue",77041201,"wb_i008_blue_77041201","candidate range readable with final roll","PASS","range index 1"
"stat-range-I008@blue-2","I008","blue",77041201,"wb_i008_blue_77041201","candidate range readable with final roll","PASS","range index 2"
"stat-range-I008@blue-3","I008","blue",77041201,"wb_i008_blue_77041201","candidate range readable with final roll","PASS","range index 3"
"determinism-I008@blue","","",0,"","same base+rarity+seed is identical","PASS","wb_i008_blue_77041201"
"seed-switch-I008@blue","","",0,"","explicit seed change creates a distinct legal instance","PASS","wb_i008_blue_77041202"
"candidate-I008@purple","","",0,"","candidate instance generated","PASS","Success:wb_i008_purple_77041201"
"projection-I008@purple","","",0,"","exact read-only projection","PASS","wb_i008_purple_77041201"
"viewmodel-I008@purple","","",0,"","15 prefab player slots + 3 debug candidate sections; empty/test slots hidden","PASS","15/3"
"stat-range-I008@purple-0","I008","purple",77041201,"wb_i008_purple_77041201","candidate range readable with final roll","PASS","range index 0"
"stat-range-I008@purple-1","I008","purple",77041201,"wb_i008_purple_77041201","candidate range readable with final roll","PASS","range index 1"
"stat-range-I008@purple-2","I008","purple",77041201,"wb_i008_purple_77041201","candidate range readable with final roll","PASS","range index 2"
"stat-range-I008@purple-3","I008","purple",77041201,"wb_i008_purple_77041201","candidate range readable with final roll","PASS","range index 3"
"determinism-I008@purple","","",0,"","same base+rarity+seed is identical","PASS","wb_i008_purple_77041201"
"seed-switch-I008@purple","","",0,"","explicit seed change creates a distinct legal instance","PASS","wb_i008_purple_77041202"
"candidate-I008@orange","","",0,"","candidate instance generated","PASS","Success:wb_i008_orange_77041201"
"projection-I008@orange","","",0,"","exact read-only projection","PASS","wb_i008_orange_77041201"
"viewmodel-I008@orange","","",0,"","15 prefab player slots + 3 debug candidate sections; empty/test slots hidden","PASS","15/3"
"stat-range-I008@orange-0","I008","orange",77041201,"wb_i008_orange_77041201","candidate range readable with final roll","PASS","range index 0"
"stat-range-I008@orange-1","I008","orange",77041201,"wb_i008_orange_77041201","candidate range readable with final roll","PASS","range index 1"
"stat-range-I008@orange-2","I008","orange",77041201,"wb_i008_orange_77041201","candidate range readable with final roll","PASS","range index 2"
"stat-range-I008@orange-3","I008","orange",77041201,"wb_i008_orange_77041201","candidate range readable with final roll","PASS","range index 3"
"determinism-I008@orange","","",0,"","same base+rarity+seed is identical","PASS","wb_i008_orange_77041201"
"seed-switch-I008@orange","","",0,"","explicit seed change creates a distinct legal instance","PASS","wb_i008_orange_77041202"
"base-query-I009","","",0,"","catalog base item query succeeds","PASS","I009"
"candidate-I009@white","","",0,"","candidate instance generated","PASS","Success:wb_i009_white_77041201"
"projection-I009@white","","",0,"","exact read-only projection","PASS","wb_i009_white_77041201"
"viewmodel-I009@white","","",0,"","15 prefab player slots + 3 debug candidate sections; empty/test slots hidden","PASS","15/3"
"stat-range-I009@white-0","I009","white",77041201,"wb_i009_white_77041201","candidate range readable with final roll","PASS","range index 0"
"stat-range-I009@white-1","I009","white",77041201,"wb_i009_white_77041201","candidate range readable with final roll","PASS","range index 1"
"stat-range-I009@white-2","I009","white",77041201,"wb_i009_white_77041201","candidate range readable with final roll","PASS","range index 2"
"stat-range-I009@white-3","I009","white",77041201,"wb_i009_white_77041201","candidate range readable with final roll","PASS","range index 3"
"determinism-I009@white","","",0,"","same base+rarity+seed is identical","PASS","wb_i009_white_77041201"
"seed-switch-I009@white","","",0,"","explicit seed change creates a distinct legal instance","PASS","wb_i009_white_77041202"
"candidate-I009@green","","",0,"","candidate instance generated","PASS","Success:wb_i009_green_77041201"
"projection-I009@green","","",0,"","exact read-only projection","PASS","wb_i009_green_77041201"
"viewmodel-I009@green","","",0,"","15 prefab player slots + 3 debug candidate sections; empty/test slots hidden","PASS","15/3"
"stat-range-I009@green-0","I009","green",77041201,"wb_i009_green_77041201","candidate range readable with final roll","PASS","range index 0"
"stat-range-I009@green-1","I009","green",77041201,"wb_i009_green_77041201","candidate range readable with final roll","PASS","range index 1"
"stat-range-I009@green-2","I009","green",77041201,"wb_i009_green_77041201","candidate range readable with final roll","PASS","range index 2"
"stat-range-I009@green-3","I009","green",77041201,"wb_i009_green_77041201","candidate range readable with final roll","PASS","range index 3"
"determinism-I009@green","","",0,"","same base+rarity+seed is identical","PASS","wb_i009_green_77041201"
"seed-switch-I009@green","","",0,"","explicit seed change creates a distinct legal instance","PASS","wb_i009_green_77041202"
"candidate-I009@blue","","",0,"","candidate instance generated","PASS","Success:wb_i009_blue_77041201"
"projection-I009@blue","","",0,"","exact read-only projection","PASS","wb_i009_blue_77041201"
"viewmodel-I009@blue","","",0,"","15 prefab player slots + 3 debug candidate sections; empty/test slots hidden","PASS","15/3"
"stat-range-I009@blue-0","I009","blue",77041201,"wb_i009_blue_77041201","candidate range readable with final roll","PASS","range index 0"
"stat-range-I009@blue-1","I009","blue",77041201,"wb_i009_blue_77041201","candidate range readable with final roll","PASS","range index 1"
"stat-range-I009@blue-2","I009","blue",77041201,"wb_i009_blue_77041201","candidate range readable with final roll","PASS","range index 2"
"stat-range-I009@blue-3","I009","blue",77041201,"wb_i009_blue_77041201","candidate range readable with final roll","PASS","range index 3"
"determinism-I009@blue","","",0,"","same base+rarity+seed is identical","PASS","wb_i009_blue_77041201"
"seed-switch-I009@blue","","",0,"","explicit seed change creates a distinct legal instance","PASS","wb_i009_blue_77041202"
"candidate-I009@purple","","",0,"","candidate instance generated","PASS","Success:wb_i009_purple_77041201"
"projection-I009@purple","","",0,"","exact read-only projection","PASS","wb_i009_purple_77041201"
"viewmodel-I009@purple","","",0,"","15 prefab player slots + 3 debug candidate sections; empty/test slots hidden","PASS","15/3"
"stat-range-I009@purple-0","I009","purple",77041201,"wb_i009_purple_77041201","candidate range readable with final roll","PASS","range index 0"
"stat-range-I009@purple-1","I009","purple",77041201,"wb_i009_purple_77041201","candidate range readable with final roll","PASS","range index 1"
"stat-range-I009@purple-2","I009","purple",77041201,"wb_i009_purple_77041201","candidate range readable with final roll","PASS","range index 2"
"stat-range-I009@purple-3","I009","purple",77041201,"wb_i009_purple_77041201","candidate range readable with final roll","PASS","range index 3"
"determinism-I009@purple","","",0,"","same base+rarity+seed is identical","PASS","wb_i009_purple_77041201"
"seed-switch-I009@purple","","",0,"","explicit seed change creates a distinct legal instance","PASS","wb_i009_purple_77041202"
"candidate-I009@orange","","",0,"","candidate instance generated","PASS","Success:wb_i009_orange_77041201"
"projection-I009@orange","","",0,"","exact read-only projection","PASS","wb_i009_orange_77041201"
"viewmodel-I009@orange","","",0,"","15 prefab player slots + 3 debug candidate sections; empty/test slots hidden","PASS","15/3"
"stat-range-I009@orange-0","I009","orange",77041201,"wb_i009_orange_77041201","candidate range readable with final roll","PASS","range index 0"
"stat-range-I009@orange-1","I009","orange",77041201,"wb_i009_orange_77041201","candidate range readable with final roll","PASS","range index 1"
"stat-range-I009@orange-2","I009","orange",77041201,"wb_i009_orange_77041201","candidate range readable with final roll","PASS","range index 2"
"stat-range-I009@orange-3","I009","orange",77041201,"wb_i009_orange_77041201","candidate range readable with final roll","PASS","range index 3"
"determinism-I009@orange","","",0,"","same base+rarity+seed is identical","PASS","wb_i009_orange_77041201"
"seed-switch-I009@orange","","",0,"","explicit seed change creates a distinct legal instance","PASS","wb_i009_orange_77041202"
"base-query-I010","","",0,"","catalog base item query succeeds","PASS","I010"
"candidate-I010@white","","",0,"","candidate instance generated","PASS","Success:wb_i010_white_77041201"
"projection-I010@white","","",0,"","exact read-only projection","PASS","wb_i010_white_77041201"
"viewmodel-I010@white","","",0,"","15 prefab player slots + 3 debug candidate sections; empty/test slots hidden","PASS","15/3"
"stat-range-I010@white-0","I010","white",77041201,"wb_i010_white_77041201","candidate range readable with final roll","PASS","range index 0"
"stat-range-I010@white-1","I010","white",77041201,"wb_i010_white_77041201","candidate range readable with final roll","PASS","range index 1"
"stat-range-I010@white-2","I010","white",77041201,"wb_i010_white_77041201","candidate range readable with final roll","PASS","range index 2"
"stat-range-I010@white-3","I010","white",77041201,"wb_i010_white_77041201","candidate range readable with final roll","PASS","range index 3"
"determinism-I010@white","","",0,"","same base+rarity+seed is identical","PASS","wb_i010_white_77041201"
"seed-switch-I010@white","","",0,"","explicit seed change creates a distinct legal instance","PASS","wb_i010_white_77041202"
"candidate-I010@green","","",0,"","candidate instance generated","PASS","Success:wb_i010_green_77041201"
"projection-I010@green","","",0,"","exact read-only projection","PASS","wb_i010_green_77041201"
"viewmodel-I010@green","","",0,"","15 prefab player slots + 3 debug candidate sections; empty/test slots hidden","PASS","15/3"
"stat-range-I010@green-0","I010","green",77041201,"wb_i010_green_77041201","candidate range readable with final roll","PASS","range index 0"
"stat-range-I010@green-1","I010","green",77041201,"wb_i010_green_77041201","candidate range readable with final roll","PASS","range index 1"
"stat-range-I010@green-2","I010","green",77041201,"wb_i010_green_77041201","candidate range readable with final roll","PASS","range index 2"
"stat-range-I010@green-3","I010","green",77041201,"wb_i010_green_77041201","candidate range readable with final roll","PASS","range index 3"
"determinism-I010@green","","",0,"","same base+rarity+seed is identical","PASS","wb_i010_green_77041201"
"seed-switch-I010@green","","",0,"","explicit seed change creates a distinct legal instance","PASS","wb_i010_green_77041202"
"candidate-I010@blue","","",0,"","candidate instance generated","PASS","Success:wb_i010_blue_77041201"
"projection-I010@blue","","",0,"","exact read-only projection","PASS","wb_i010_blue_77041201"
"viewmodel-I010@blue","","",0,"","15 prefab player slots + 3 debug candidate sections; empty/test slots hidden","PASS","15/3"
"stat-range-I010@blue-0","I010","blue",77041201,"wb_i010_blue_77041201","candidate range readable with final roll","PASS","range index 0"
"stat-range-I010@blue-1","I010","blue",77041201,"wb_i010_blue_77041201","candidate range readable with final roll","PASS","range index 1"
"stat-range-I010@blue-2","I010","blue",77041201,"wb_i010_blue_77041201","candidate range readable with final roll","PASS","range index 2"
"stat-range-I010@blue-3","I010","blue",77041201,"wb_i010_blue_77041201","candidate range readable with final roll","PASS","range index 3"
"determinism-I010@blue","","",0,"","same base+rarity+seed is identical","PASS","wb_i010_blue_77041201"
"seed-switch-I010@blue","","",0,"","explicit seed change creates a distinct legal instance","PASS","wb_i010_blue_77041202"
"candidate-I010@purple","","",0,"","candidate instance generated","PASS","Success:wb_i010_purple_77041201"
"projection-I010@purple","","",0,"","exact read-only projection","PASS","wb_i010_purple_77041201"
"viewmodel-I010@purple","","",0,"","15 prefab player slots + 3 debug candidate sections; empty/test slots hidden","PASS","15/3"
"stat-range-I010@purple-0","I010","purple",77041201,"wb_i010_purple_77041201","candidate range readable with final roll","PASS","range index 0"
"stat-range-I010@purple-1","I010","purple",77041201,"wb_i010_purple_77041201","candidate range readable with final roll","PASS","range index 1"
"stat-range-I010@purple-2","I010","purple",77041201,"wb_i010_purple_77041201","candidate range readable with final roll","PASS","range index 2"
"stat-range-I010@purple-3","I010","purple",77041201,"wb_i010_purple_77041201","candidate range readable with final roll","PASS","range index 3"
"determinism-I010@purple","","",0,"","same base+rarity+seed is identical","PASS","wb_i010_purple_77041201"
"seed-switch-I010@purple","","",0,"","explicit seed change creates a distinct legal instance","PASS","wb_i010_purple_77041202"
"candidate-I010@orange","","",0,"","candidate instance generated","PASS","Success:wb_i010_orange_77041201"
"projection-I010@orange","","",0,"","exact read-only projection","PASS","wb_i010_orange_77041201"
"viewmodel-I010@orange","","",0,"","15 prefab player slots + 3 debug candidate sections; empty/test slots hidden","PASS","15/3"
"stat-range-I010@orange-0","I010","orange",77041201,"wb_i010_orange_77041201","candidate range readable with final roll","PASS","range index 0"
"stat-range-I010@orange-1","I010","orange",77041201,"wb_i010_orange_77041201","candidate range readable with final roll","PASS","range index 1"
"stat-range-I010@orange-2","I010","orange",77041201,"wb_i010_orange_77041201","candidate range readable with final roll","PASS","range index 2"
"stat-range-I010@orange-3","I010","orange",77041201,"wb_i010_orange_77041201","candidate range readable with final roll","PASS","range index 3"
"determinism-I010@orange","","",0,"","same base+rarity+seed is identical","PASS","wb_i010_orange_77041201"
"seed-switch-I010@orange","","",0,"","explicit seed change creates a distinct legal instance","PASS","wb_i010_orange_77041202"
"base-query-I011","","",0,"","catalog base item query succeeds","PASS","I011"
"candidate-I011@white","","",0,"","candidate instance generated","PASS","Success:wb_i011_white_77041201"
"projection-I011@white","","",0,"","exact read-only projection","PASS","wb_i011_white_77041201"
"viewmodel-I011@white","","",0,"","15 prefab player slots + 3 debug candidate sections; empty/test slots hidden","PASS","15/3"
"stat-range-I011@white-0","I011","white",77041201,"wb_i011_white_77041201","candidate range readable with final roll","PASS","range index 0"
"stat-range-I011@white-1","I011","white",77041201,"wb_i011_white_77041201","candidate range readable with final roll","PASS","range index 1"
"stat-range-I011@white-2","I011","white",77041201,"wb_i011_white_77041201","candidate range readable with final roll","PASS","range index 2"
"stat-range-I011@white-3","I011","white",77041201,"wb_i011_white_77041201","candidate range readable with final roll","PASS","range index 3"
"determinism-I011@white","","",0,"","same base+rarity+seed is identical","PASS","wb_i011_white_77041201"
"seed-switch-I011@white","","",0,"","explicit seed change creates a distinct legal instance","PASS","wb_i011_white_77041202"
"candidate-I011@green","","",0,"","candidate instance generated","PASS","Success:wb_i011_green_77041201"
"projection-I011@green","","",0,"","exact read-only projection","PASS","wb_i011_green_77041201"
"viewmodel-I011@green","","",0,"","15 prefab player slots + 3 debug candidate sections; empty/test slots hidden","PASS","15/3"
"stat-range-I011@green-0","I011","green",77041201,"wb_i011_green_77041201","candidate range readable with final roll","PASS","range index 0"
"stat-range-I011@green-1","I011","green",77041201,"wb_i011_green_77041201","candidate range readable with final roll","PASS","range index 1"
"stat-range-I011@green-2","I011","green",77041201,"wb_i011_green_77041201","candidate range readable with final roll","PASS","range index 2"
"stat-range-I011@green-3","I011","green",77041201,"wb_i011_green_77041201","candidate range readable with final roll","PASS","range index 3"
"determinism-I011@green","","",0,"","same base+rarity+seed is identical","PASS","wb_i011_green_77041201"
"seed-switch-I011@green","","",0,"","explicit seed change creates a distinct legal instance","PASS","wb_i011_green_77041202"
"candidate-I011@blue","","",0,"","candidate instance generated","PASS","Success:wb_i011_blue_77041201"
"projection-I011@blue","","",0,"","exact read-only projection","PASS","wb_i011_blue_77041201"
"viewmodel-I011@blue","","",0,"","15 prefab player slots + 3 debug candidate sections; empty/test slots hidden","PASS","15/3"
"stat-range-I011@blue-0","I011","blue",77041201,"wb_i011_blue_77041201","candidate range readable with final roll","PASS","range index 0"
"stat-range-I011@blue-1","I011","blue",77041201,"wb_i011_blue_77041201","candidate range readable with final roll","PASS","range index 1"
"stat-range-I011@blue-2","I011","blue",77041201,"wb_i011_blue_77041201","candidate range readable with final roll","PASS","range index 2"
"stat-range-I011@blue-3","I011","blue",77041201,"wb_i011_blue_77041201","candidate range readable with final roll","PASS","range index 3"
"determinism-I011@blue","","",0,"","same base+rarity+seed is identical","PASS","wb_i011_blue_77041201"
"seed-switch-I011@blue","","",0,"","explicit seed change creates a distinct legal instance","PASS","wb_i011_blue_77041202"
"candidate-I011@purple","","",0,"","candidate instance generated","PASS","Success:wb_i011_purple_77041201"
"projection-I011@purple","","",0,"","exact read-only projection","PASS","wb_i011_purple_77041201"
"viewmodel-I011@purple","","",0,"","15 prefab player slots + 3 debug candidate sections; empty/test slots hidden","PASS","15/3"
"stat-range-I011@purple-0","I011","purple",77041201,"wb_i011_purple_77041201","candidate range readable with final roll","PASS","range index 0"
"stat-range-I011@purple-1","I011","purple",77041201,"wb_i011_purple_77041201","candidate range readable with final roll","PASS","range index 1"
"stat-range-I011@purple-2","I011","purple",77041201,"wb_i011_purple_77041201","candidate range readable with final roll","PASS","range index 2"
"stat-range-I011@purple-3","I011","purple",77041201,"wb_i011_purple_77041201","candidate range readable with final roll","PASS","range index 3"
"determinism-I011@purple","","",0,"","same base+rarity+seed is identical","PASS","wb_i011_purple_77041201"
"seed-switch-I011@purple","","",0,"","explicit seed change creates a distinct legal instance","PASS","wb_i011_purple_77041202"
"candidate-I011@orange","","",0,"","candidate instance generated","PASS","Success:wb_i011_orange_77041201"
"projection-I011@orange","","",0,"","exact read-only projection","PASS","wb_i011_orange_77041201"
"viewmodel-I011@orange","","",0,"","15 prefab player slots + 3 debug candidate sections; empty/test slots hidden","PASS","15/3"
"stat-range-I011@orange-0","I011","orange",77041201,"wb_i011_orange_77041201","candidate range readable with final roll","PASS","range index 0"
"stat-range-I011@orange-1","I011","orange",77041201,"wb_i011_orange_77041201","candidate range readable with final roll","PASS","range index 1"
"stat-range-I011@orange-2","I011","orange",77041201,"wb_i011_orange_77041201","candidate range readable with final roll","PASS","range index 2"
"stat-range-I011@orange-3","I011","orange",77041201,"wb_i011_orange_77041201","candidate range readable with final roll","PASS","range index 3"
"determinism-I011@orange","","",0,"","same base+rarity+seed is identical","PASS","wb_i011_orange_77041201"
"seed-switch-I011@orange","","",0,"","explicit seed change creates a distinct legal instance","PASS","wb_i011_orange_77041202"
"base-query-I012","","",0,"","catalog base item query succeeds","PASS","I012"
"candidate-I012@white","","",0,"","candidate instance generated","PASS","Success:wb_i012_white_77041201"
"projection-I012@white","","",0,"","exact read-only projection","PASS","wb_i012_white_77041201"
"viewmodel-I012@white","","",0,"","15 prefab player slots + 3 debug candidate sections; empty/test slots hidden","PASS","15/3"
"stat-range-I012@white-0","I012","white",77041201,"wb_i012_white_77041201","candidate range readable with final roll","PASS","range index 0"
"stat-range-I012@white-1","I012","white",77041201,"wb_i012_white_77041201","candidate range readable with final roll","PASS","range index 1"
"stat-range-I012@white-2","I012","white",77041201,"wb_i012_white_77041201","candidate range readable with final roll","PASS","range index 2"
"stat-range-I012@white-3","I012","white",77041201,"wb_i012_white_77041201","candidate range readable with final roll","PASS","range index 3"
"determinism-I012@white","","",0,"","same base+rarity+seed is identical","PASS","wb_i012_white_77041201"
"seed-switch-I012@white","","",0,"","explicit seed change creates a distinct legal instance","PASS","wb_i012_white_77041202"
"candidate-I012@green","","",0,"","candidate instance generated","PASS","Success:wb_i012_green_77041201"
"projection-I012@green","","",0,"","exact read-only projection","PASS","wb_i012_green_77041201"
"viewmodel-I012@green","","",0,"","15 prefab player slots + 3 debug candidate sections; empty/test slots hidden","PASS","15/3"
"stat-range-I012@green-0","I012","green",77041201,"wb_i012_green_77041201","candidate range readable with final roll","PASS","range index 0"
"stat-range-I012@green-1","I012","green",77041201,"wb_i012_green_77041201","candidate range readable with final roll","PASS","range index 1"
"stat-range-I012@green-2","I012","green",77041201,"wb_i012_green_77041201","candidate range readable with final roll","PASS","range index 2"
"stat-range-I012@green-3","I012","green",77041201,"wb_i012_green_77041201","candidate range readable with final roll","PASS","range index 3"
"determinism-I012@green","","",0,"","same base+rarity+seed is identical","PASS","wb_i012_green_77041201"
"seed-switch-I012@green","","",0,"","explicit seed change creates a distinct legal instance","PASS","wb_i012_green_77041202"
"candidate-I012@blue","","",0,"","candidate instance generated","PASS","Success:wb_i012_blue_77041201"
"projection-I012@blue","","",0,"","exact read-only projection","PASS","wb_i012_blue_77041201"
"viewmodel-I012@blue","","",0,"","15 prefab player slots + 3 debug candidate sections; empty/test slots hidden","PASS","15/3"
"stat-range-I012@blue-0","I012","blue",77041201,"wb_i012_blue_77041201","candidate range readable with final roll","PASS","range index 0"
"stat-range-I012@blue-1","I012","blue",77041201,"wb_i012_blue_77041201","candidate range readable with final roll","PASS","range index 1"
"stat-range-I012@blue-2","I012","blue",77041201,"wb_i012_blue_77041201","candidate range readable with final roll","PASS","range index 2"
"stat-range-I012@blue-3","I012","blue",77041201,"wb_i012_blue_77041201","candidate range readable with final roll","PASS","range index 3"
"determinism-I012@blue","","",0,"","same base+rarity+seed is identical","PASS","wb_i012_blue_77041201"
"seed-switch-I012@blue","","",0,"","explicit seed change creates a distinct legal instance","PASS","wb_i012_blue_77041202"
"candidate-I012@purple","","",0,"","candidate instance generated","PASS","Success:wb_i012_purple_77041201"
"projection-I012@purple","","",0,"","exact read-only projection","PASS","wb_i012_purple_77041201"
"viewmodel-I012@purple","","",0,"","15 prefab player slots + 3 debug candidate sections; empty/test slots hidden","PASS","15/3"
"stat-range-I012@purple-0","I012","purple",77041201,"wb_i012_purple_77041201","candidate range readable with final roll","PASS","range index 0"
"stat-range-I012@purple-1","I012","purple",77041201,"wb_i012_purple_77041201","candidate range readable with final roll","PASS","range index 1"
"stat-range-I012@purple-2","I012","purple",77041201,"wb_i012_purple_77041201","candidate range readable with final roll","PASS","range index 2"
"stat-range-I012@purple-3","I012","purple",77041201,"wb_i012_purple_77041201","candidate range readable with final roll","PASS","range index 3"
"determinism-I012@purple","","",0,"","same base+rarity+seed is identical","PASS","wb_i012_purple_77041201"
"seed-switch-I012@purple","","",0,"","explicit seed change creates a distinct legal instance","PASS","wb_i012_purple_77041202"
"candidate-I012@orange","","",0,"","candidate instance generated","PASS","Success:wb_i012_orange_77041201"
"projection-I012@orange","","",0,"","exact read-only projection","PASS","wb_i012_orange_77041201"
"viewmodel-I012@orange","","",0,"","15 prefab player slots + 3 debug candidate sections; empty/test slots hidden","PASS","15/3"
"stat-range-I012@orange-0","I012","orange",77041201,"wb_i012_orange_77041201","candidate range readable with final roll","PASS","range index 0"
"stat-range-I012@orange-1","I012","orange",77041201,"wb_i012_orange_77041201","candidate range readable with final roll","PASS","range index 1"
"stat-range-I012@orange-2","I012","orange",77041201,"wb_i012_orange_77041201","candidate range readable with final roll","PASS","range index 2"
"stat-range-I012@orange-3","I012","orange",77041201,"wb_i012_orange_77041201","candidate range readable with final roll","PASS","range index 3"
"determinism-I012@orange","","",0,"","same base+rarity+seed is identical","PASS","wb_i012_orange_77041201"
"seed-switch-I012@orange","","",0,"","explicit seed change creates a distinct legal instance","PASS","wb_i012_orange_77041202"
"base-query-I013","","",0,"","catalog base item query succeeds","PASS","I013"
"candidate-I013@white","","",0,"","candidate instance generated","PASS","Success:wb_i013_white_77041201"
"projection-I013@white","","",0,"","exact read-only projection","PASS","wb_i013_white_77041201"
"viewmodel-I013@white","","",0,"","15 prefab player slots + 3 debug candidate sections; empty/test slots hidden","PASS","15/3"
"stat-range-I013@white-0","I013","white",77041201,"wb_i013_white_77041201","candidate range readable with final roll","PASS","range index 0"
"stat-range-I013@white-1","I013","white",77041201,"wb_i013_white_77041201","candidate range readable with final roll","PASS","range index 1"
"stat-range-I013@white-2","I013","white",77041201,"wb_i013_white_77041201","candidate range readable with final roll","PASS","range index 2"
"stat-range-I013@white-3","I013","white",77041201,"wb_i013_white_77041201","candidate range readable with final roll","PASS","range index 3"
"determinism-I013@white","","",0,"","same base+rarity+seed is identical","PASS","wb_i013_white_77041201"
"seed-switch-I013@white","","",0,"","explicit seed change creates a distinct legal instance","PASS","wb_i013_white_77041202"
"candidate-I013@green","","",0,"","candidate instance generated","PASS","Success:wb_i013_green_77041201"
"projection-I013@green","","",0,"","exact read-only projection","PASS","wb_i013_green_77041201"
"viewmodel-I013@green","","",0,"","15 prefab player slots + 3 debug candidate sections; empty/test slots hidden","PASS","15/3"
"stat-range-I013@green-0","I013","green",77041201,"wb_i013_green_77041201","candidate range readable with final roll","PASS","range index 0"
"stat-range-I013@green-1","I013","green",77041201,"wb_i013_green_77041201","candidate range readable with final roll","PASS","range index 1"
"stat-range-I013@green-2","I013","green",77041201,"wb_i013_green_77041201","candidate range readable with final roll","PASS","range index 2"
"stat-range-I013@green-3","I013","green",77041201,"wb_i013_green_77041201","candidate range readable with final roll","PASS","range index 3"
"determinism-I013@green","","",0,"","same base+rarity+seed is identical","PASS","wb_i013_green_77041201"
"seed-switch-I013@green","","",0,"","explicit seed change creates a distinct legal instance","PASS","wb_i013_green_77041202"
"candidate-I013@blue","","",0,"","candidate instance generated","PASS","Success:wb_i013_blue_77041201"
"projection-I013@blue","","",0,"","exact read-only projection","PASS","wb_i013_blue_77041201"
"viewmodel-I013@blue","","",0,"","15 prefab player slots + 3 debug candidate sections; empty/test slots hidden","PASS","15/3"
"stat-range-I013@blue-0","I013","blue",77041201,"wb_i013_blue_77041201","candidate range readable with final roll","PASS","range index 0"
"stat-range-I013@blue-1","I013","blue",77041201,"wb_i013_blue_77041201","candidate range readable with final roll","PASS","range index 1"
"stat-range-I013@blue-2","I013","blue",77041201,"wb_i013_blue_77041201","candidate range readable with final roll","PASS","range index 2"
"stat-range-I013@blue-3","I013","blue",77041201,"wb_i013_blue_77041201","candidate range readable with final roll","PASS","range index 3"
"determinism-I013@blue","","",0,"","same base+rarity+seed is identical","PASS","wb_i013_blue_77041201"
"seed-switch-I013@blue","","",0,"","explicit seed change creates a distinct legal instance","PASS","wb_i013_blue_77041202"
"candidate-I013@purple","","",0,"","candidate instance generated","PASS","Success:wb_i013_purple_77041201"
"projection-I013@purple","","",0,"","exact read-only projection","PASS","wb_i013_purple_77041201"
"viewmodel-I013@purple","","",0,"","15 prefab player slots + 3 debug candidate sections; empty/test slots hidden","PASS","15/3"
"stat-range-I013@purple-0","I013","purple",77041201,"wb_i013_purple_77041201","candidate range readable with final roll","PASS","range index 0"
"stat-range-I013@purple-1","I013","purple",77041201,"wb_i013_purple_77041201","candidate range readable with final roll","PASS","range index 1"
"stat-range-I013@purple-2","I013","purple",77041201,"wb_i013_purple_77041201","candidate range readable with final roll","PASS","range index 2"
"stat-range-I013@purple-3","I013","purple",77041201,"wb_i013_purple_77041201","candidate range readable with final roll","PASS","range index 3"
"determinism-I013@purple","","",0,"","same base+rarity+seed is identical","PASS","wb_i013_purple_77041201"
"seed-switch-I013@purple","","",0,"","explicit seed change creates a distinct legal instance","PASS","wb_i013_purple_77041202"
"candidate-I013@orange","","",0,"","candidate instance generated","PASS","Success:wb_i013_orange_77041201"
"projection-I013@orange","","",0,"","exact read-only projection","PASS","wb_i013_orange_77041201"
"viewmodel-I013@orange","","",0,"","15 prefab player slots + 3 debug candidate sections; empty/test slots hidden","PASS","15/3"
"stat-range-I013@orange-0","I013","orange",77041201,"wb_i013_orange_77041201","candidate range readable with final roll","PASS","range index 0"
"stat-range-I013@orange-1","I013","orange",77041201,"wb_i013_orange_77041201","candidate range readable with final roll","PASS","range index 1"
"stat-range-I013@orange-2","I013","orange",77041201,"wb_i013_orange_77041201","candidate range readable with final roll","PASS","range index 2"
"stat-range-I013@orange-3","I013","orange",77041201,"wb_i013_orange_77041201","candidate range readable with final roll","PASS","range index 3"
"determinism-I013@orange","","",0,"","same base+rarity+seed is identical","PASS","wb_i013_orange_77041201"
"seed-switch-I013@orange","","",0,"","explicit seed change creates a distinct legal instance","PASS","wb_i013_orange_77041202"
"base-query-I014","","",0,"","catalog base item query succeeds","PASS","I014"
"candidate-I014@white","","",0,"","candidate instance generated","PASS","Success:wb_i014_white_77041201"
"projection-I014@white","","",0,"","exact read-only projection","PASS","wb_i014_white_77041201"
"viewmodel-I014@white","","",0,"","15 prefab player slots + 3 debug candidate sections; empty/test slots hidden","PASS","15/3"
"stat-range-I014@white-0","I014","white",77041201,"wb_i014_white_77041201","candidate range readable with final roll","PASS","range index 0"
"stat-range-I014@white-1","I014","white",77041201,"wb_i014_white_77041201","candidate range readable with final roll","PASS","range index 1"
"stat-range-I014@white-2","I014","white",77041201,"wb_i014_white_77041201","candidate range readable with final roll","PASS","range index 2"
"stat-range-I014@white-3","I014","white",77041201,"wb_i014_white_77041201","candidate range readable with final roll","PASS","range index 3"
"determinism-I014@white","","",0,"","same base+rarity+seed is identical","PASS","wb_i014_white_77041201"
"seed-switch-I014@white","","",0,"","explicit seed change creates a distinct legal instance","PASS","wb_i014_white_77041202"
"candidate-I014@green","","",0,"","candidate instance generated","PASS","Success:wb_i014_green_77041201"
"projection-I014@green","","",0,"","exact read-only projection","PASS","wb_i014_green_77041201"
"viewmodel-I014@green","","",0,"","15 prefab player slots + 3 debug candidate sections; empty/test slots hidden","PASS","15/3"
"stat-range-I014@green-0","I014","green",77041201,"wb_i014_green_77041201","candidate range readable with final roll","PASS","range index 0"
"stat-range-I014@green-1","I014","green",77041201,"wb_i014_green_77041201","candidate range readable with final roll","PASS","range index 1"
"stat-range-I014@green-2","I014","green",77041201,"wb_i014_green_77041201","candidate range readable with final roll","PASS","range index 2"
"stat-range-I014@green-3","I014","green",77041201,"wb_i014_green_77041201","candidate range readable with final roll","PASS","range index 3"
"determinism-I014@green","","",0,"","same base+rarity+seed is identical","PASS","wb_i014_green_77041201"
"seed-switch-I014@green","","",0,"","explicit seed change creates a distinct legal instance","PASS","wb_i014_green_77041202"
"candidate-I014@blue","","",0,"","candidate instance generated","PASS","Success:wb_i014_blue_77041201"
"projection-I014@blue","","",0,"","exact read-only projection","PASS","wb_i014_blue_77041201"
"viewmodel-I014@blue","","",0,"","15 prefab player slots + 3 debug candidate sections; empty/test slots hidden","PASS","15/3"
"stat-range-I014@blue-0","I014","blue",77041201,"wb_i014_blue_77041201","candidate range readable with final roll","PASS","range index 0"
"stat-range-I014@blue-1","I014","blue",77041201,"wb_i014_blue_77041201","candidate range readable with final roll","PASS","range index 1"
"stat-range-I014@blue-2","I014","blue",77041201,"wb_i014_blue_77041201","candidate range readable with final roll","PASS","range index 2"
"stat-range-I014@blue-3","I014","blue",77041201,"wb_i014_blue_77041201","candidate range readable with final roll","PASS","range index 3"
"determinism-I014@blue","","",0,"","same base+rarity+seed is identical","PASS","wb_i014_blue_77041201"
"seed-switch-I014@blue","","",0,"","explicit seed change creates a distinct legal instance","PASS","wb_i014_blue_77041202"
"candidate-I014@purple","","",0,"","candidate instance generated","PASS","Success:wb_i014_purple_77041201"
"projection-I014@purple","","",0,"","exact read-only projection","PASS","wb_i014_purple_77041201"
"viewmodel-I014@purple","","",0,"","15 prefab player slots + 3 debug candidate sections; empty/test slots hidden","PASS","15/3"
"stat-range-I014@purple-0","I014","purple",77041201,"wb_i014_purple_77041201","candidate range readable with final roll","PASS","range index 0"
"stat-range-I014@purple-1","I014","purple",77041201,"wb_i014_purple_77041201","candidate range readable with final roll","PASS","range index 1"
"stat-range-I014@purple-2","I014","purple",77041201,"wb_i014_purple_77041201","candidate range readable with final roll","PASS","range index 2"
"stat-range-I014@purple-3","I014","purple",77041201,"wb_i014_purple_77041201","candidate range readable with final roll","PASS","range index 3"
"determinism-I014@purple","","",0,"","same base+rarity+seed is identical","PASS","wb_i014_purple_77041201"
"seed-switch-I014@purple","","",0,"","explicit seed change creates a distinct legal instance","PASS","wb_i014_purple_77041202"
"candidate-I014@orange","","",0,"","candidate instance generated","PASS","Success:wb_i014_orange_77041201"
"projection-I014@orange","","",0,"","exact read-only projection","PASS","wb_i014_orange_77041201"
"viewmodel-I014@orange","","",0,"","15 prefab player slots + 3 debug candidate sections; empty/test slots hidden","PASS","15/3"
"stat-range-I014@orange-0","I014","orange",77041201,"wb_i014_orange_77041201","candidate range readable with final roll","PASS","range index 0"
"stat-range-I014@orange-1","I014","orange",77041201,"wb_i014_orange_77041201","candidate range readable with final roll","PASS","range index 1"
"stat-range-I014@orange-2","I014","orange",77041201,"wb_i014_orange_77041201","candidate range readable with final roll","PASS","range index 2"
"stat-range-I014@orange-3","I014","orange",77041201,"wb_i014_orange_77041201","candidate range readable with final roll","PASS","range index 3"
"determinism-I014@orange","","",0,"","same base+rarity+seed is identical","PASS","wb_i014_orange_77041201"
"seed-switch-I014@orange","","",0,"","explicit seed change creates a distinct legal instance","PASS","wb_i014_orange_77041202"
"base-query-I015","","",0,"","catalog base item query succeeds","PASS","I015"
"candidate-I015@white","","",0,"","candidate instance generated","PASS","Success:wb_i015_white_77041201"
"projection-I015@white","","",0,"","exact read-only projection","PASS","wb_i015_white_77041201"
"viewmodel-I015@white","","",0,"","15 prefab player slots + 3 debug candidate sections; empty/test slots hidden","PASS","15/3"
"stat-range-I015@white-0","I015","white",77041201,"wb_i015_white_77041201","candidate range readable with final roll","PASS","range index 0"
"stat-range-I015@white-1","I015","white",77041201,"wb_i015_white_77041201","candidate range readable with final roll","PASS","range index 1"
"stat-range-I015@white-2","I015","white",77041201,"wb_i015_white_77041201","candidate range readable with final roll","PASS","range index 2"
"stat-range-I015@white-3","I015","white",77041201,"wb_i015_white_77041201","candidate range readable with final roll","PASS","range index 3"
"determinism-I015@white","","",0,"","same base+rarity+seed is identical","PASS","wb_i015_white_77041201"
"seed-switch-I015@white","","",0,"","explicit seed change creates a distinct legal instance","PASS","wb_i015_white_77041202"
"candidate-I015@green","","",0,"","candidate instance generated","PASS","Success:wb_i015_green_77041201"
"projection-I015@green","","",0,"","exact read-only projection","PASS","wb_i015_green_77041201"
"viewmodel-I015@green","","",0,"","15 prefab player slots + 3 debug candidate sections; empty/test slots hidden","PASS","15/3"
"stat-range-I015@green-0","I015","green",77041201,"wb_i015_green_77041201","candidate range readable with final roll","PASS","range index 0"
"stat-range-I015@green-1","I015","green",77041201,"wb_i015_green_77041201","candidate range readable with final roll","PASS","range index 1"
"stat-range-I015@green-2","I015","green",77041201,"wb_i015_green_77041201","candidate range readable with final roll","PASS","range index 2"
"stat-range-I015@green-3","I015","green",77041201,"wb_i015_green_77041201","candidate range readable with final roll","PASS","range index 3"
"determinism-I015@green","","",0,"","same base+rarity+seed is identical","PASS","wb_i015_green_77041201"
"seed-switch-I015@green","","",0,"","explicit seed change creates a distinct legal instance","PASS","wb_i015_green_77041202"
"candidate-I015@blue","","",0,"","candidate instance generated","PASS","Success:wb_i015_blue_77041201"
"projection-I015@blue","","",0,"","exact read-only projection","PASS","wb_i015_blue_77041201"
"viewmodel-I015@blue","","",0,"","15 prefab player slots + 3 debug candidate sections; empty/test slots hidden","PASS","15/3"
"stat-range-I015@blue-0","I015","blue",77041201,"wb_i015_blue_77041201","candidate range readable with final roll","PASS","range index 0"
"stat-range-I015@blue-1","I015","blue",77041201,"wb_i015_blue_77041201","candidate range readable with final roll","PASS","range index 1"
"stat-range-I015@blue-2","I015","blue",77041201,"wb_i015_blue_77041201","candidate range readable with final roll","PASS","range index 2"
"stat-range-I015@blue-3","I015","blue",77041201,"wb_i015_blue_77041201","candidate range readable with final roll","PASS","range index 3"
"determinism-I015@blue","","",0,"","same base+rarity+seed is identical","PASS","wb_i015_blue_77041201"
"seed-switch-I015@blue","","",0,"","explicit seed change creates a distinct legal instance","PASS","wb_i015_blue_77041202"
"candidate-I015@purple","","",0,"","candidate instance generated","PASS","Success:wb_i015_purple_77041201"
"projection-I015@purple","","",0,"","exact read-only projection","PASS","wb_i015_purple_77041201"
"viewmodel-I015@purple","","",0,"","15 prefab player slots + 3 debug candidate sections; empty/test slots hidden","PASS","15/3"
"stat-range-I015@purple-0","I015","purple",77041201,"wb_i015_purple_77041201","candidate range readable with final roll","PASS","range index 0"
"stat-range-I015@purple-1","I015","purple",77041201,"wb_i015_purple_77041201","candidate range readable with final roll","PASS","range index 1"
"stat-range-I015@purple-2","I015","purple",77041201,"wb_i015_purple_77041201","candidate range readable with final roll","PASS","range index 2"
"stat-range-I015@purple-3","I015","purple",77041201,"wb_i015_purple_77041201","candidate range readable with final roll","PASS","range index 3"
"determinism-I015@purple","","",0,"","same base+rarity+seed is identical","PASS","wb_i015_purple_77041201"
"seed-switch-I015@purple","","",0,"","explicit seed change creates a distinct legal instance","PASS","wb_i015_purple_77041202"
"candidate-I015@orange","","",0,"","candidate instance generated","PASS","Success:wb_i015_orange_77041201"
"projection-I015@orange","","",0,"","exact read-only projection","PASS","wb_i015_orange_77041201"
"viewmodel-I015@orange","","",0,"","15 prefab player slots + 3 debug candidate sections; empty/test slots hidden","PASS","15/3"
"stat-range-I015@orange-0","I015","orange",77041201,"wb_i015_orange_77041201","candidate range readable with final roll","PASS","range index 0"
"stat-range-I015@orange-1","I015","orange",77041201,"wb_i015_orange_77041201","candidate range readable with final roll","PASS","range index 1"
"stat-range-I015@orange-2","I015","orange",77041201,"wb_i015_orange_77041201","candidate range readable with final roll","PASS","range index 2"
"stat-range-I015@orange-3","I015","orange",77041201,"wb_i015_orange_77041201","candidate range readable with final roll","PASS","range index 3"
"determinism-I015@orange","","",0,"","same base+rarity+seed is identical","PASS","wb_i015_orange_77041201"
"seed-switch-I015@orange","","",0,"","explicit seed change creates a distinct legal instance","PASS","wb_i015_orange_77041202"
"base-query-I016","","",0,"","catalog base item query succeeds","PASS","I016"
"candidate-I016@white","","",0,"","candidate instance generated","PASS","Success:wb_i016_white_77041201"
"projection-I016@white","","",0,"","exact read-only projection","PASS","wb_i016_white_77041201"
"viewmodel-I016@white","","",0,"","15 prefab player slots + 3 debug candidate sections; empty/test slots hidden","PASS","15/3"
"stat-range-I016@white-0","I016","white",77041201,"wb_i016_white_77041201","candidate range readable with final roll","PASS","range index 0"
"stat-range-I016@white-1","I016","white",77041201,"wb_i016_white_77041201","candidate range readable with final roll","PASS","range index 1"
"stat-range-I016@white-2","I016","white",77041201,"wb_i016_white_77041201","candidate range readable with final roll","PASS","range index 2"
"stat-range-I016@white-3","I016","white",77041201,"wb_i016_white_77041201","candidate range readable with final roll","PASS","range index 3"
"determinism-I016@white","","",0,"","same base+rarity+seed is identical","PASS","wb_i016_white_77041201"
"seed-switch-I016@white","","",0,"","explicit seed change creates a distinct legal instance","PASS","wb_i016_white_77041202"
"candidate-I016@green","","",0,"","candidate instance generated","PASS","Success:wb_i016_green_77041201"
"projection-I016@green","","",0,"","exact read-only projection","PASS","wb_i016_green_77041201"
"viewmodel-I016@green","","",0,"","15 prefab player slots + 3 debug candidate sections; empty/test slots hidden","PASS","15/3"
"stat-range-I016@green-0","I016","green",77041201,"wb_i016_green_77041201","candidate range readable with final roll","PASS","range index 0"
"stat-range-I016@green-1","I016","green",77041201,"wb_i016_green_77041201","candidate range readable with final roll","PASS","range index 1"
"stat-range-I016@green-2","I016","green",77041201,"wb_i016_green_77041201","candidate range readable with final roll","PASS","range index 2"
"stat-range-I016@green-3","I016","green",77041201,"wb_i016_green_77041201","candidate range readable with final roll","PASS","range index 3"
"determinism-I016@green","","",0,"","same base+rarity+seed is identical","PASS","wb_i016_green_77041201"
"seed-switch-I016@green","","",0,"","explicit seed change creates a distinct legal instance","PASS","wb_i016_green_77041202"
"candidate-I016@blue","","",0,"","candidate instance generated","PASS","Success:wb_i016_blue_77041201"
"projection-I016@blue","","",0,"","exact read-only projection","PASS","wb_i016_blue_77041201"
"viewmodel-I016@blue","","",0,"","15 prefab player slots + 3 debug candidate sections; empty/test slots hidden","PASS","15/3"
"stat-range-I016@blue-0","I016","blue",77041201,"wb_i016_blue_77041201","candidate range readable with final roll","PASS","range index 0"
"stat-range-I016@blue-1","I016","blue",77041201,"wb_i016_blue_77041201","candidate range readable with final roll","PASS","range index 1"
"stat-range-I016@blue-2","I016","blue",77041201,"wb_i016_blue_77041201","candidate range readable with final roll","PASS","range index 2"
"stat-range-I016@blue-3","I016","blue",77041201,"wb_i016_blue_77041201","candidate range readable with final roll","PASS","range index 3"
"determinism-I016@blue","","",0,"","same base+rarity+seed is identical","PASS","wb_i016_blue_77041201"
"seed-switch-I016@blue","","",0,"","explicit seed change creates a distinct legal instance","PASS","wb_i016_blue_77041202"
"candidate-I016@purple","","",0,"","candidate instance generated","PASS","Success:wb_i016_purple_77041201"
"projection-I016@purple","","",0,"","exact read-only projection","PASS","wb_i016_purple_77041201"
"viewmodel-I016@purple","","",0,"","15 prefab player slots + 3 debug candidate sections; empty/test slots hidden","PASS","15/3"
"stat-range-I016@purple-0","I016","purple",77041201,"wb_i016_purple_77041201","candidate range readable with final roll","PASS","range index 0"
"stat-range-I016@purple-1","I016","purple",77041201,"wb_i016_purple_77041201","candidate range readable with final roll","PASS","range index 1"
"stat-range-I016@purple-2","I016","purple",77041201,"wb_i016_purple_77041201","candidate range readable with final roll","PASS","range index 2"
"stat-range-I016@purple-3","I016","purple",77041201,"wb_i016_purple_77041201","candidate range readable with final roll","PASS","range index 3"
"determinism-I016@purple","","",0,"","same base+rarity+seed is identical","PASS","wb_i016_purple_77041201"
"seed-switch-I016@purple","","",0,"","explicit seed change creates a distinct legal instance","PASS","wb_i016_purple_77041202"
"candidate-I016@orange","","",0,"","candidate instance generated","PASS","Success:wb_i016_orange_77041201"
"projection-I016@orange","","",0,"","exact read-only projection","PASS","wb_i016_orange_77041201"
"viewmodel-I016@orange","","",0,"","15 prefab player slots + 3 debug candidate sections; empty/test slots hidden","PASS","15/3"
"stat-range-I016@orange-0","I016","orange",77041201,"wb_i016_orange_77041201","candidate range readable with final roll","PASS","range index 0"
"stat-range-I016@orange-1","I016","orange",77041201,"wb_i016_orange_77041201","candidate range readable with final roll","PASS","range index 1"
"stat-range-I016@orange-2","I016","orange",77041201,"wb_i016_orange_77041201","candidate range readable with final roll","PASS","range index 2"
"stat-range-I016@orange-3","I016","orange",77041201,"wb_i016_orange_77041201","candidate range readable with final roll","PASS","range index 3"
"determinism-I016@orange","","",0,"","same base+rarity+seed is identical","PASS","wb_i016_orange_77041201"
"seed-switch-I016@orange","","",0,"","explicit seed change creates a distinct legal instance","PASS","wb_i016_orange_77041202"
"base-query-I017","","",0,"","catalog base item query succeeds","PASS","I017"
"candidate-I017@white","","",0,"","candidate instance generated","PASS","Success:wb_i017_white_77041201"
"projection-I017@white","","",0,"","exact read-only projection","PASS","wb_i017_white_77041201"
"viewmodel-I017@white","","",0,"","15 prefab player slots + 3 debug candidate sections; empty/test slots hidden","PASS","15/3"
"stat-range-I017@white-0","I017","white",77041201,"wb_i017_white_77041201","candidate range readable with final roll","PASS","range index 0"
"stat-range-I017@white-1","I017","white",77041201,"wb_i017_white_77041201","candidate range readable with final roll","PASS","range index 1"
"stat-range-I017@white-2","I017","white",77041201,"wb_i017_white_77041201","candidate range readable with final roll","PASS","range index 2"
"stat-range-I017@white-3","I017","white",77041201,"wb_i017_white_77041201","candidate range readable with final roll","PASS","range index 3"
"determinism-I017@white","","",0,"","same base+rarity+seed is identical","PASS","wb_i017_white_77041201"
"seed-switch-I017@white","","",0,"","explicit seed change creates a distinct legal instance","PASS","wb_i017_white_77041202"
"candidate-I017@green","","",0,"","candidate instance generated","PASS","Success:wb_i017_green_77041201"
"projection-I017@green","","",0,"","exact read-only projection","PASS","wb_i017_green_77041201"
"viewmodel-I017@green","","",0,"","15 prefab player slots + 3 debug candidate sections; empty/test slots hidden","PASS","15/3"
"stat-range-I017@green-0","I017","green",77041201,"wb_i017_green_77041201","candidate range readable with final roll","PASS","range index 0"
"stat-range-I017@green-1","I017","green",77041201,"wb_i017_green_77041201","candidate range readable with final roll","PASS","range index 1"
"stat-range-I017@green-2","I017","green",77041201,"wb_i017_green_77041201","candidate range readable with final roll","PASS","range index 2"
"stat-range-I017@green-3","I017","green",77041201,"wb_i017_green_77041201","candidate range readable with final roll","PASS","range index 3"
"determinism-I017@green","","",0,"","same base+rarity+seed is identical","PASS","wb_i017_green_77041201"
"seed-switch-I017@green","","",0,"","explicit seed change creates a distinct legal instance","PASS","wb_i017_green_77041202"
"candidate-I017@blue","","",0,"","candidate instance generated","PASS","Success:wb_i017_blue_77041201"
"projection-I017@blue","","",0,"","exact read-only projection","PASS","wb_i017_blue_77041201"
"viewmodel-I017@blue","","",0,"","15 prefab player slots + 3 debug candidate sections; empty/test slots hidden","PASS","15/3"
"stat-range-I017@blue-0","I017","blue",77041201,"wb_i017_blue_77041201","candidate range readable with final roll","PASS","range index 0"
"stat-range-I017@blue-1","I017","blue",77041201,"wb_i017_blue_77041201","candidate range readable with final roll","PASS","range index 1"
"stat-range-I017@blue-2","I017","blue",77041201,"wb_i017_blue_77041201","candidate range readable with final roll","PASS","range index 2"
"stat-range-I017@blue-3","I017","blue",77041201,"wb_i017_blue_77041201","candidate range readable with final roll","PASS","range index 3"
"determinism-I017@blue","","",0,"","same base+rarity+seed is identical","PASS","wb_i017_blue_77041201"
"seed-switch-I017@blue","","",0,"","explicit seed change creates a distinct legal instance","PASS","wb_i017_blue_77041202"
"candidate-I017@purple","","",0,"","candidate instance generated","PASS","Success:wb_i017_purple_77041201"
"projection-I017@purple","","",0,"","exact read-only projection","PASS","wb_i017_purple_77041201"
"viewmodel-I017@purple","","",0,"","15 prefab player slots + 3 debug candidate sections; empty/test slots hidden","PASS","15/3"
"stat-range-I017@purple-0","I017","purple",77041201,"wb_i017_purple_77041201","candidate range readable with final roll","PASS","range index 0"
"stat-range-I017@purple-1","I017","purple",77041201,"wb_i017_purple_77041201","candidate range readable with final roll","PASS","range index 1"
"stat-range-I017@purple-2","I017","purple",77041201,"wb_i017_purple_77041201","candidate range readable with final roll","PASS","range index 2"
"stat-range-I017@purple-3","I017","purple",77041201,"wb_i017_purple_77041201","candidate range readable with final roll","PASS","range index 3"
"determinism-I017@purple","","",0,"","same base+rarity+seed is identical","PASS","wb_i017_purple_77041201"
"seed-switch-I017@purple","","",0,"","explicit seed change creates a distinct legal instance","PASS","wb_i017_purple_77041202"
"candidate-I017@orange","","",0,"","candidate instance generated","PASS","Success:wb_i017_orange_77041201"
"projection-I017@orange","","",0,"","exact read-only projection","PASS","wb_i017_orange_77041201"
"viewmodel-I017@orange","","",0,"","15 prefab player slots + 3 debug candidate sections; empty/test slots hidden","PASS","15/3"
"stat-range-I017@orange-0","I017","orange",77041201,"wb_i017_orange_77041201","candidate range readable with final roll","PASS","range index 0"
"stat-range-I017@orange-1","I017","orange",77041201,"wb_i017_orange_77041201","candidate range readable with final roll","PASS","range index 1"
"stat-range-I017@orange-2","I017","orange",77041201,"wb_i017_orange_77041201","candidate range readable with final roll","PASS","range index 2"
"stat-range-I017@orange-3","I017","orange",77041201,"wb_i017_orange_77041201","candidate range readable with final roll","PASS","range index 3"
"determinism-I017@orange","","",0,"","same base+rarity+seed is identical","PASS","wb_i017_orange_77041201"
"seed-switch-I017@orange","","",0,"","explicit seed change creates a distinct legal instance","PASS","wb_i017_orange_77041202"
"base-query-I018","","",0,"","catalog base item query succeeds","PASS","I018"
"candidate-I018@white","","",0,"","candidate instance generated","PASS","Success:wb_i018_white_77041201"
"projection-I018@white","","",0,"","exact read-only projection","PASS","wb_i018_white_77041201"
"viewmodel-I018@white","","",0,"","15 prefab player slots + 3 debug candidate sections; empty/test slots hidden","PASS","15/3"
"stat-range-I018@white-0","I018","white",77041201,"wb_i018_white_77041201","candidate range readable with final roll","PASS","range index 0"
"stat-range-I018@white-1","I018","white",77041201,"wb_i018_white_77041201","candidate range readable with final roll","PASS","range index 1"
"stat-range-I018@white-2","I018","white",77041201,"wb_i018_white_77041201","candidate range readable with final roll","PASS","range index 2"
"stat-range-I018@white-3","I018","white",77041201,"wb_i018_white_77041201","candidate range readable with final roll","PASS","range index 3"
"determinism-I018@white","","",0,"","same base+rarity+seed is identical","PASS","wb_i018_white_77041201"
"seed-switch-I018@white","","",0,"","explicit seed change creates a distinct legal instance","PASS","wb_i018_white_77041202"
"candidate-I018@green","","",0,"","candidate instance generated","PASS","Success:wb_i018_green_77041201"
"projection-I018@green","","",0,"","exact read-only projection","PASS","wb_i018_green_77041201"
"viewmodel-I018@green","","",0,"","15 prefab player slots + 3 debug candidate sections; empty/test slots hidden","PASS","15/3"
"stat-range-I018@green-0","I018","green",77041201,"wb_i018_green_77041201","candidate range readable with final roll","PASS","range index 0"
"stat-range-I018@green-1","I018","green",77041201,"wb_i018_green_77041201","candidate range readable with final roll","PASS","range index 1"
"stat-range-I018@green-2","I018","green",77041201,"wb_i018_green_77041201","candidate range readable with final roll","PASS","range index 2"
"stat-range-I018@green-3","I018","green",77041201,"wb_i018_green_77041201","candidate range readable with final roll","PASS","range index 3"
"determinism-I018@green","","",0,"","same base+rarity+seed is identical","PASS","wb_i018_green_77041201"
"seed-switch-I018@green","","",0,"","explicit seed change creates a distinct legal instance","PASS","wb_i018_green_77041202"
"candidate-I018@blue","","",0,"","candidate instance generated","PASS","Success:wb_i018_blue_77041201"
"projection-I018@blue","","",0,"","exact read-only projection","PASS","wb_i018_blue_77041201"
"viewmodel-I018@blue","","",0,"","15 prefab player slots + 3 debug candidate sections; empty/test slots hidden","PASS","15/3"
"stat-range-I018@blue-0","I018","blue",77041201,"wb_i018_blue_77041201","candidate range readable with final roll","PASS","range index 0"
"stat-range-I018@blue-1","I018","blue",77041201,"wb_i018_blue_77041201","candidate range readable with final roll","PASS","range index 1"
"stat-range-I018@blue-2","I018","blue",77041201,"wb_i018_blue_77041201","candidate range readable with final roll","PASS","range index 2"
"stat-range-I018@blue-3","I018","blue",77041201,"wb_i018_blue_77041201","candidate range readable with final roll","PASS","range index 3"
"determinism-I018@blue","","",0,"","same base+rarity+seed is identical","PASS","wb_i018_blue_77041201"
"seed-switch-I018@blue","","",0,"","explicit seed change creates a distinct legal instance","PASS","wb_i018_blue_77041202"
"candidate-I018@purple","","",0,"","candidate instance generated","PASS","Success:wb_i018_purple_77041201"
"projection-I018@purple","","",0,"","exact read-only projection","PASS","wb_i018_purple_77041201"
"viewmodel-I018@purple","","",0,"","15 prefab player slots + 3 debug candidate sections; empty/test slots hidden","PASS","15/3"
"stat-range-I018@purple-0","I018","purple",77041201,"wb_i018_purple_77041201","candidate range readable with final roll","PASS","range index 0"
"stat-range-I018@purple-1","I018","purple",77041201,"wb_i018_purple_77041201","candidate range readable with final roll","PASS","range index 1"
"stat-range-I018@purple-2","I018","purple",77041201,"wb_i018_purple_77041201","candidate range readable with final roll","PASS","range index 2"
"stat-range-I018@purple-3","I018","purple",77041201,"wb_i018_purple_77041201","candidate range readable with final roll","PASS","range index 3"
"determinism-I018@purple","","",0,"","same base+rarity+seed is identical","PASS","wb_i018_purple_77041201"
"seed-switch-I018@purple","","",0,"","explicit seed change creates a distinct legal instance","PASS","wb_i018_purple_77041202"
"candidate-I018@orange","","",0,"","candidate instance generated","PASS","Success:wb_i018_orange_77041201"
"projection-I018@orange","","",0,"","exact read-only projection","PASS","wb_i018_orange_77041201"
"viewmodel-I018@orange","","",0,"","15 prefab player slots + 3 debug candidate sections; empty/test slots hidden","PASS","15/3"
"stat-range-I018@orange-0","I018","orange",77041201,"wb_i018_orange_77041201","candidate range readable with final roll","PASS","range index 0"
"stat-range-I018@orange-1","I018","orange",77041201,"wb_i018_orange_77041201","candidate range readable with final roll","PASS","range index 1"
"stat-range-I018@orange-2","I018","orange",77041201,"wb_i018_orange_77041201","candidate range readable with final roll","PASS","range index 2"
"stat-range-I018@orange-3","I018","orange",77041201,"wb_i018_orange_77041201","candidate range readable with final roll","PASS","range index 3"
"determinism-I018@orange","","",0,"","same base+rarity+seed is identical","PASS","wb_i018_orange_77041201"
"seed-switch-I018@orange","","",0,"","explicit seed change creates a distinct legal instance","PASS","wb_i018_orange_77041202"
"base-query-I019","","",0,"","catalog base item query succeeds","PASS","I019"
"candidate-I019@white","","",0,"","candidate instance generated","PASS","Success:wb_i019_white_77041201"
"projection-I019@white","","",0,"","exact read-only projection","PASS","wb_i019_white_77041201"
"viewmodel-I019@white","","",0,"","15 prefab player slots + 3 debug candidate sections; empty/test slots hidden","PASS","15/3"
"stat-range-I019@white-0","I019","white",77041201,"wb_i019_white_77041201","candidate range readable with final roll","PASS","range index 0"
"stat-range-I019@white-1","I019","white",77041201,"wb_i019_white_77041201","candidate range readable with final roll","PASS","range index 1"
"stat-range-I019@white-2","I019","white",77041201,"wb_i019_white_77041201","candidate range readable with final roll","PASS","range index 2"
"stat-range-I019@white-3","I019","white",77041201,"wb_i019_white_77041201","candidate range readable with final roll","PASS","range index 3"
"determinism-I019@white","","",0,"","same base+rarity+seed is identical","PASS","wb_i019_white_77041201"
"seed-switch-I019@white","","",0,"","explicit seed change creates a distinct legal instance","PASS","wb_i019_white_77041202"
"candidate-I019@green","","",0,"","candidate instance generated","PASS","Success:wb_i019_green_77041201"
"projection-I019@green","","",0,"","exact read-only projection","PASS","wb_i019_green_77041201"
"viewmodel-I019@green","","",0,"","15 prefab player slots + 3 debug candidate sections; empty/test slots hidden","PASS","15/3"
"stat-range-I019@green-0","I019","green",77041201,"wb_i019_green_77041201","candidate range readable with final roll","PASS","range index 0"
"stat-range-I019@green-1","I019","green",77041201,"wb_i019_green_77041201","candidate range readable with final roll","PASS","range index 1"
"stat-range-I019@green-2","I019","green",77041201,"wb_i019_green_77041201","candidate range readable with final roll","PASS","range index 2"
"stat-range-I019@green-3","I019","green",77041201,"wb_i019_green_77041201","candidate range readable with final roll","PASS","range index 3"
"determinism-I019@green","","",0,"","same base+rarity+seed is identical","PASS","wb_i019_green_77041201"
"seed-switch-I019@green","","",0,"","explicit seed change creates a distinct legal instance","PASS","wb_i019_green_77041202"
"candidate-I019@blue","","",0,"","candidate instance generated","PASS","Success:wb_i019_blue_77041201"
"projection-I019@blue","","",0,"","exact read-only projection","PASS","wb_i019_blue_77041201"
"viewmodel-I019@blue","","",0,"","15 prefab player slots + 3 debug candidate sections; empty/test slots hidden","PASS","15/3"
"stat-range-I019@blue-0","I019","blue",77041201,"wb_i019_blue_77041201","candidate range readable with final roll","PASS","range index 0"
"stat-range-I019@blue-1","I019","blue",77041201,"wb_i019_blue_77041201","candidate range readable with final roll","PASS","range index 1"
"stat-range-I019@blue-2","I019","blue",77041201,"wb_i019_blue_77041201","candidate range readable with final roll","PASS","range index 2"
"stat-range-I019@blue-3","I019","blue",77041201,"wb_i019_blue_77041201","candidate range readable with final roll","PASS","range index 3"
"determinism-I019@blue","","",0,"","same base+rarity+seed is identical","PASS","wb_i019_blue_77041201"
"seed-switch-I019@blue","","",0,"","explicit seed change creates a distinct legal instance","PASS","wb_i019_blue_77041202"
"candidate-I019@purple","","",0,"","candidate instance generated","PASS","Success:wb_i019_purple_77041201"
"projection-I019@purple","","",0,"","exact read-only projection","PASS","wb_i019_purple_77041201"
"viewmodel-I019@purple","","",0,"","15 prefab player slots + 3 debug candidate sections; empty/test slots hidden","PASS","15/3"
"stat-range-I019@purple-0","I019","purple",77041201,"wb_i019_purple_77041201","candidate range readable with final roll","PASS","range index 0"
"stat-range-I019@purple-1","I019","purple",77041201,"wb_i019_purple_77041201","candidate range readable with final roll","PASS","range index 1"
"stat-range-I019@purple-2","I019","purple",77041201,"wb_i019_purple_77041201","candidate range readable with final roll","PASS","range index 2"
"stat-range-I019@purple-3","I019","purple",77041201,"wb_i019_purple_77041201","candidate range readable with final roll","PASS","range index 3"
"determinism-I019@purple","","",0,"","same base+rarity+seed is identical","PASS","wb_i019_purple_77041201"
"seed-switch-I019@purple","","",0,"","explicit seed change creates a distinct legal instance","PASS","wb_i019_purple_77041202"
"candidate-I019@orange","","",0,"","candidate instance generated","PASS","Success:wb_i019_orange_77041201"
"projection-I019@orange","","",0,"","exact read-only projection","PASS","wb_i019_orange_77041201"
"viewmodel-I019@orange","","",0,"","15 prefab player slots + 3 debug candidate sections; empty/test slots hidden","PASS","15/3"
"stat-range-I019@orange-0","I019","orange",77041201,"wb_i019_orange_77041201","candidate range readable with final roll","PASS","range index 0"
"stat-range-I019@orange-1","I019","orange",77041201,"wb_i019_orange_77041201","candidate range readable with final roll","PASS","range index 1"
"stat-range-I019@orange-2","I019","orange",77041201,"wb_i019_orange_77041201","candidate range readable with final roll","PASS","range index 2"
"stat-range-I019@orange-3","I019","orange",77041201,"wb_i019_orange_77041201","candidate range readable with final roll","PASS","range index 3"
"determinism-I019@orange","","",0,"","same base+rarity+seed is identical","PASS","wb_i019_orange_77041201"
"seed-switch-I019@orange","","",0,"","explicit seed change creates a distinct legal instance","PASS","wb_i019_orange_77041202"
"base-query-I020","","",0,"","catalog base item query succeeds","PASS","I020"
"candidate-I020@white","","",0,"","candidate instance generated","PASS","Success:wb_i020_white_77041201"
"projection-I020@white","","",0,"","exact read-only projection","PASS","wb_i020_white_77041201"
"viewmodel-I020@white","","",0,"","15 prefab player slots + 3 debug candidate sections; empty/test slots hidden","PASS","15/3"
"stat-range-I020@white-0","I020","white",77041201,"wb_i020_white_77041201","candidate range readable with final roll","PASS","range index 0"
"stat-range-I020@white-1","I020","white",77041201,"wb_i020_white_77041201","candidate range readable with final roll","PASS","range index 1"
"stat-range-I020@white-2","I020","white",77041201,"wb_i020_white_77041201","candidate range readable with final roll","PASS","range index 2"
"stat-range-I020@white-3","I020","white",77041201,"wb_i020_white_77041201","candidate range readable with final roll","PASS","range index 3"
"determinism-I020@white","","",0,"","same base+rarity+seed is identical","PASS","wb_i020_white_77041201"
"seed-switch-I020@white","","",0,"","explicit seed change creates a distinct legal instance","PASS","wb_i020_white_77041202"
"candidate-I020@green","","",0,"","candidate instance generated","PASS","Success:wb_i020_green_77041201"
"projection-I020@green","","",0,"","exact read-only projection","PASS","wb_i020_green_77041201"
"viewmodel-I020@green","","",0,"","15 prefab player slots + 3 debug candidate sections; empty/test slots hidden","PASS","15/3"
"stat-range-I020@green-0","I020","green",77041201,"wb_i020_green_77041201","candidate range readable with final roll","PASS","range index 0"
"stat-range-I020@green-1","I020","green",77041201,"wb_i020_green_77041201","candidate range readable with final roll","PASS","range index 1"
"stat-range-I020@green-2","I020","green",77041201,"wb_i020_green_77041201","candidate range readable with final roll","PASS","range index 2"
"stat-range-I020@green-3","I020","green",77041201,"wb_i020_green_77041201","candidate range readable with final roll","PASS","range index 3"
"determinism-I020@green","","",0,"","same base+rarity+seed is identical","PASS","wb_i020_green_77041201"
"seed-switch-I020@green","","",0,"","explicit seed change creates a distinct legal instance","PASS","wb_i020_green_77041202"
"candidate-I020@blue","","",0,"","candidate instance generated","PASS","Success:wb_i020_blue_77041201"
"projection-I020@blue","","",0,"","exact read-only projection","PASS","wb_i020_blue_77041201"
"viewmodel-I020@blue","","",0,"","15 prefab player slots + 3 debug candidate sections; empty/test slots hidden","PASS","15/3"
"stat-range-I020@blue-0","I020","blue",77041201,"wb_i020_blue_77041201","candidate range readable with final roll","PASS","range index 0"
"stat-range-I020@blue-1","I020","blue",77041201,"wb_i020_blue_77041201","candidate range readable with final roll","PASS","range index 1"
"stat-range-I020@blue-2","I020","blue",77041201,"wb_i020_blue_77041201","candidate range readable with final roll","PASS","range index 2"
"stat-range-I020@blue-3","I020","blue",77041201,"wb_i020_blue_77041201","candidate range readable with final roll","PASS","range index 3"
"determinism-I020@blue","","",0,"","same base+rarity+seed is identical","PASS","wb_i020_blue_77041201"
"seed-switch-I020@blue","","",0,"","explicit seed change creates a distinct legal instance","PASS","wb_i020_blue_77041202"
"candidate-I020@purple","","",0,"","candidate instance generated","PASS","Success:wb_i020_purple_77041201"
"projection-I020@purple","","",0,"","exact read-only projection","PASS","wb_i020_purple_77041201"
"viewmodel-I020@purple","","",0,"","15 prefab player slots + 3 debug candidate sections; empty/test slots hidden","PASS","15/3"
"stat-range-I020@purple-0","I020","purple",77041201,"wb_i020_purple_77041201","candidate range readable with final roll","PASS","range index 0"
"stat-range-I020@purple-1","I020","purple",77041201,"wb_i020_purple_77041201","candidate range readable with final roll","PASS","range index 1"
"stat-range-I020@purple-2","I020","purple",77041201,"wb_i020_purple_77041201","candidate range readable with final roll","PASS","range index 2"
"stat-range-I020@purple-3","I020","purple",77041201,"wb_i020_purple_77041201","candidate range readable with final roll","PASS","range index 3"
"determinism-I020@purple","","",0,"","same base+rarity+seed is identical","PASS","wb_i020_purple_77041201"
"seed-switch-I020@purple","","",0,"","explicit seed change creates a distinct legal instance","PASS","wb_i020_purple_77041202"
"candidate-I020@orange","","",0,"","candidate instance generated","PASS","Success:wb_i020_orange_77041201"
"projection-I020@orange","","",0,"","exact read-only projection","PASS","wb_i020_orange_77041201"
"viewmodel-I020@orange","","",0,"","15 prefab player slots + 3 debug candidate sections; empty/test slots hidden","PASS","15/3"
"stat-range-I020@orange-0","I020","orange",77041201,"wb_i020_orange_77041201","candidate range readable with final roll","PASS","range index 0"
"stat-range-I020@orange-1","I020","orange",77041201,"wb_i020_orange_77041201","candidate range readable with final roll","PASS","range index 1"
"stat-range-I020@orange-2","I020","orange",77041201,"wb_i020_orange_77041201","candidate range readable with final roll","PASS","range index 2"
"stat-range-I020@orange-3","I020","orange",77041201,"wb_i020_orange_77041201","candidate range readable with final roll","PASS","range index 3"
"determinism-I020@orange","","",0,"","same base+rarity+seed is identical","PASS","wb_i020_orange_77041201"
"seed-switch-I020@orange","","",0,"","explicit seed change creates a distinct legal instance","PASS","wb_i020_orange_77041202"
"base-query-I021","","",0,"","catalog base item query succeeds","PASS","I021"
"candidate-I021@white","","",0,"","candidate instance generated","PASS","Success:wb_i021_white_77041201"
"projection-I021@white","","",0,"","exact read-only projection","PASS","wb_i021_white_77041201"
"viewmodel-I021@white","","",0,"","15 prefab player slots + 3 debug candidate sections; empty/test slots hidden","PASS","15/3"
"stat-range-I021@white-0","I021","white",77041201,"wb_i021_white_77041201","candidate range readable with final roll","PASS","range index 0"
"stat-range-I021@white-1","I021","white",77041201,"wb_i021_white_77041201","candidate range readable with final roll","PASS","range index 1"
"stat-range-I021@white-2","I021","white",77041201,"wb_i021_white_77041201","candidate range readable with final roll","PASS","range index 2"
"stat-range-I021@white-3","I021","white",77041201,"wb_i021_white_77041201","candidate range readable with final roll","PASS","range index 3"
"determinism-I021@white","","",0,"","same base+rarity+seed is identical","PASS","wb_i021_white_77041201"
"seed-switch-I021@white","","",0,"","explicit seed change creates a distinct legal instance","PASS","wb_i021_white_77041202"
"candidate-I021@green","","",0,"","candidate instance generated","PASS","Success:wb_i021_green_77041201"
"projection-I021@green","","",0,"","exact read-only projection","PASS","wb_i021_green_77041201"
"viewmodel-I021@green","","",0,"","15 prefab player slots + 3 debug candidate sections; empty/test slots hidden","PASS","15/3"
"stat-range-I021@green-0","I021","green",77041201,"wb_i021_green_77041201","candidate range readable with final roll","PASS","range index 0"
"stat-range-I021@green-1","I021","green",77041201,"wb_i021_green_77041201","candidate range readable with final roll","PASS","range index 1"
"stat-range-I021@green-2","I021","green",77041201,"wb_i021_green_77041201","candidate range readable with final roll","PASS","range index 2"
"stat-range-I021@green-3","I021","green",77041201,"wb_i021_green_77041201","candidate range readable with final roll","PASS","range index 3"
"determinism-I021@green","","",0,"","same base+rarity+seed is identical","PASS","wb_i021_green_77041201"
"seed-switch-I021@green","","",0,"","explicit seed change creates a distinct legal instance","PASS","wb_i021_green_77041202"
"candidate-I021@blue","","",0,"","candidate instance generated","PASS","Success:wb_i021_blue_77041201"
"projection-I021@blue","","",0,"","exact read-only projection","PASS","wb_i021_blue_77041201"
"viewmodel-I021@blue","","",0,"","15 prefab player slots + 3 debug candidate sections; empty/test slots hidden","PASS","15/3"
"stat-range-I021@blue-0","I021","blue",77041201,"wb_i021_blue_77041201","candidate range readable with final roll","PASS","range index 0"
"stat-range-I021@blue-1","I021","blue",77041201,"wb_i021_blue_77041201","candidate range readable with final roll","PASS","range index 1"
"stat-range-I021@blue-2","I021","blue",77041201,"wb_i021_blue_77041201","candidate range readable with final roll","PASS","range index 2"
"stat-range-I021@blue-3","I021","blue",77041201,"wb_i021_blue_77041201","candidate range readable with final roll","PASS","range index 3"
"determinism-I021@blue","","",0,"","same base+rarity+seed is identical","PASS","wb_i021_blue_77041201"
"seed-switch-I021@blue","","",0,"","explicit seed change creates a distinct legal instance","PASS","wb_i021_blue_77041202"
"candidate-I021@purple","","",0,"","candidate instance generated","PASS","Success:wb_i021_purple_77041201"
"projection-I021@purple","","",0,"","exact read-only projection","PASS","wb_i021_purple_77041201"
"viewmodel-I021@purple","","",0,"","15 prefab player slots + 3 debug candidate sections; empty/test slots hidden","PASS","15/3"
"stat-range-I021@purple-0","I021","purple",77041201,"wb_i021_purple_77041201","candidate range readable with final roll","PASS","range index 0"
"stat-range-I021@purple-1","I021","purple",77041201,"wb_i021_purple_77041201","candidate range readable with final roll","PASS","range index 1"
"stat-range-I021@purple-2","I021","purple",77041201,"wb_i021_purple_77041201","candidate range readable with final roll","PASS","range index 2"
"stat-range-I021@purple-3","I021","purple",77041201,"wb_i021_purple_77041201","candidate range readable with final roll","PASS","range index 3"
"determinism-I021@purple","","",0,"","same base+rarity+seed is identical","PASS","wb_i021_purple_77041201"
"seed-switch-I021@purple","","",0,"","explicit seed change creates a distinct legal instance","PASS","wb_i021_purple_77041202"
"candidate-I021@orange","","",0,"","candidate instance generated","PASS","Success:wb_i021_orange_77041201"
"projection-I021@orange","","",0,"","exact read-only projection","PASS","wb_i021_orange_77041201"
"viewmodel-I021@orange","","",0,"","15 prefab player slots + 3 debug candidate sections; empty/test slots hidden","PASS","15/3"
"stat-range-I021@orange-0","I021","orange",77041201,"wb_i021_orange_77041201","candidate range readable with final roll","PASS","range index 0"
"stat-range-I021@orange-1","I021","orange",77041201,"wb_i021_orange_77041201","candidate range readable with final roll","PASS","range index 1"
"stat-range-I021@orange-2","I021","orange",77041201,"wb_i021_orange_77041201","candidate range readable with final roll","PASS","range index 2"
"stat-range-I021@orange-3","I021","orange",77041201,"wb_i021_orange_77041201","candidate range readable with final roll","PASS","range index 3"
"determinism-I021@orange","","",0,"","same base+rarity+seed is identical","PASS","wb_i021_orange_77041201"
"seed-switch-I021@orange","","",0,"","explicit seed change creates a distinct legal instance","PASS","wb_i021_orange_77041202"
"base-query-I022","","",0,"","catalog base item query succeeds","PASS","I022"
"candidate-I022@white","","",0,"","candidate instance generated","PASS","Success:wb_i022_white_77041201"
"projection-I022@white","","",0,"","exact read-only projection","PASS","wb_i022_white_77041201"
"viewmodel-I022@white","","",0,"","15 prefab player slots + 3 debug candidate sections; empty/test slots hidden","PASS","15/3"
"stat-range-I022@white-0","I022","white",77041201,"wb_i022_white_77041201","candidate range readable with final roll","PASS","range index 0"
"stat-range-I022@white-1","I022","white",77041201,"wb_i022_white_77041201","candidate range readable with final roll","PASS","range index 1"
"stat-range-I022@white-2","I022","white",77041201,"wb_i022_white_77041201","candidate range readable with final roll","PASS","range index 2"
"stat-range-I022@white-3","I022","white",77041201,"wb_i022_white_77041201","candidate range readable with final roll","PASS","range index 3"
"determinism-I022@white","","",0,"","same base+rarity+seed is identical","PASS","wb_i022_white_77041201"
"seed-switch-I022@white","","",0,"","explicit seed change creates a distinct legal instance","PASS","wb_i022_white_77041202"
"candidate-I022@green","","",0,"","candidate instance generated","PASS","Success:wb_i022_green_77041201"
"projection-I022@green","","",0,"","exact read-only projection","PASS","wb_i022_green_77041201"
"viewmodel-I022@green","","",0,"","15 prefab player slots + 3 debug candidate sections; empty/test slots hidden","PASS","15/3"
"stat-range-I022@green-0","I022","green",77041201,"wb_i022_green_77041201","candidate range readable with final roll","PASS","range index 0"
"stat-range-I022@green-1","I022","green",77041201,"wb_i022_green_77041201","candidate range readable with final roll","PASS","range index 1"
"stat-range-I022@green-2","I022","green",77041201,"wb_i022_green_77041201","candidate range readable with final roll","PASS","range index 2"
"stat-range-I022@green-3","I022","green",77041201,"wb_i022_green_77041201","candidate range readable with final roll","PASS","range index 3"
"determinism-I022@green","","",0,"","same base+rarity+seed is identical","PASS","wb_i022_green_77041201"
"seed-switch-I022@green","","",0,"","explicit seed change creates a distinct legal instance","PASS","wb_i022_green_77041202"
"candidate-I022@blue","","",0,"","candidate instance generated","PASS","Success:wb_i022_blue_77041201"
"projection-I022@blue","","",0,"","exact read-only projection","PASS","wb_i022_blue_77041201"
"viewmodel-I022@blue","","",0,"","15 prefab player slots + 3 debug candidate sections; empty/test slots hidden","PASS","15/3"
"stat-range-I022@blue-0","I022","blue",77041201,"wb_i022_blue_77041201","candidate range readable with final roll","PASS","range index 0"
"stat-range-I022@blue-1","I022","blue",77041201,"wb_i022_blue_77041201","candidate range readable with final roll","PASS","range index 1"
"stat-range-I022@blue-2","I022","blue",77041201,"wb_i022_blue_77041201","candidate range readable with final roll","PASS","range index 2"
"stat-range-I022@blue-3","I022","blue",77041201,"wb_i022_blue_77041201","candidate range readable with final roll","PASS","range index 3"
"determinism-I022@blue","","",0,"","same base+rarity+seed is identical","PASS","wb_i022_blue_77041201"
"seed-switch-I022@blue","","",0,"","explicit seed change creates a distinct legal instance","PASS","wb_i022_blue_77041202"
"candidate-I022@purple","","",0,"","candidate instance generated","PASS","Success:wb_i022_purple_77041201"
"projection-I022@purple","","",0,"","exact read-only projection","PASS","wb_i022_purple_77041201"
"viewmodel-I022@purple","","",0,"","15 prefab player slots + 3 debug candidate sections; empty/test slots hidden","PASS","15/3"
"stat-range-I022@purple-0","I022","purple",77041201,"wb_i022_purple_77041201","candidate range readable with final roll","PASS","range index 0"
"stat-range-I022@purple-1","I022","purple",77041201,"wb_i022_purple_77041201","candidate range readable with final roll","PASS","range index 1"
"stat-range-I022@purple-2","I022","purple",77041201,"wb_i022_purple_77041201","candidate range readable with final roll","PASS","range index 2"
"stat-range-I022@purple-3","I022","purple",77041201,"wb_i022_purple_77041201","candidate range readable with final roll","PASS","range index 3"
"determinism-I022@purple","","",0,"","same base+rarity+seed is identical","PASS","wb_i022_purple_77041201"
"seed-switch-I022@purple","","",0,"","explicit seed change creates a distinct legal instance","PASS","wb_i022_purple_77041202"
"candidate-I022@orange","","",0,"","candidate instance generated","PASS","Success:wb_i022_orange_77041201"
"projection-I022@orange","","",0,"","exact read-only projection","PASS","wb_i022_orange_77041201"
"viewmodel-I022@orange","","",0,"","15 prefab player slots + 3 debug candidate sections; empty/test slots hidden","PASS","15/3"
"stat-range-I022@orange-0","I022","orange",77041201,"wb_i022_orange_77041201","candidate range readable with final roll","PASS","range index 0"
"stat-range-I022@orange-1","I022","orange",77041201,"wb_i022_orange_77041201","candidate range readable with final roll","PASS","range index 1"
"stat-range-I022@orange-2","I022","orange",77041201,"wb_i022_orange_77041201","candidate range readable with final roll","PASS","range index 2"
"stat-range-I022@orange-3","I022","orange",77041201,"wb_i022_orange_77041201","candidate range readable with final roll","PASS","range index 3"
"determinism-I022@orange","","",0,"","same base+rarity+seed is identical","PASS","wb_i022_orange_77041201"
"seed-switch-I022@orange","","",0,"","explicit seed change creates a distinct legal instance","PASS","wb_i022_orange_77041202"
"base-query-I023","","",0,"","catalog base item query succeeds","PASS","I023"
"candidate-I023@white","","",0,"","candidate instance generated","PASS","Success:wb_i023_white_77041201"
"projection-I023@white","","",0,"","exact read-only projection","PASS","wb_i023_white_77041201"
"viewmodel-I023@white","","",0,"","15 prefab player slots + 3 debug candidate sections; empty/test slots hidden","PASS","15/3"
"stat-range-I023@white-0","I023","white",77041201,"wb_i023_white_77041201","candidate range readable with final roll","PASS","range index 0"
"stat-range-I023@white-1","I023","white",77041201,"wb_i023_white_77041201","candidate range readable with final roll","PASS","range index 1"
"stat-range-I023@white-2","I023","white",77041201,"wb_i023_white_77041201","candidate range readable with final roll","PASS","range index 2"
"stat-range-I023@white-3","I023","white",77041201,"wb_i023_white_77041201","candidate range readable with final roll","PASS","range index 3"
"determinism-I023@white","","",0,"","same base+rarity+seed is identical","PASS","wb_i023_white_77041201"
"seed-switch-I023@white","","",0,"","explicit seed change creates a distinct legal instance","PASS","wb_i023_white_77041202"
"candidate-I023@green","","",0,"","candidate instance generated","PASS","Success:wb_i023_green_77041201"
"projection-I023@green","","",0,"","exact read-only projection","PASS","wb_i023_green_77041201"
"viewmodel-I023@green","","",0,"","15 prefab player slots + 3 debug candidate sections; empty/test slots hidden","PASS","15/3"
"stat-range-I023@green-0","I023","green",77041201,"wb_i023_green_77041201","candidate range readable with final roll","PASS","range index 0"
"stat-range-I023@green-1","I023","green",77041201,"wb_i023_green_77041201","candidate range readable with final roll","PASS","range index 1"
"stat-range-I023@green-2","I023","green",77041201,"wb_i023_green_77041201","candidate range readable with final roll","PASS","range index 2"
"stat-range-I023@green-3","I023","green",77041201,"wb_i023_green_77041201","candidate range readable with final roll","PASS","range index 3"
"determinism-I023@green","","",0,"","same base+rarity+seed is identical","PASS","wb_i023_green_77041201"
"seed-switch-I023@green","","",0,"","explicit seed change creates a distinct legal instance","PASS","wb_i023_green_77041202"
"candidate-I023@blue","","",0,"","candidate instance generated","PASS","Success:wb_i023_blue_77041201"
"projection-I023@blue","","",0,"","exact read-only projection","PASS","wb_i023_blue_77041201"
"viewmodel-I023@blue","","",0,"","15 prefab player slots + 3 debug candidate sections; empty/test slots hidden","PASS","15/3"
"stat-range-I023@blue-0","I023","blue",77041201,"wb_i023_blue_77041201","candidate range readable with final roll","PASS","range index 0"
"stat-range-I023@blue-1","I023","blue",77041201,"wb_i023_blue_77041201","candidate range readable with final roll","PASS","range index 1"
"stat-range-I023@blue-2","I023","blue",77041201,"wb_i023_blue_77041201","candidate range readable with final roll","PASS","range index 2"
"stat-range-I023@blue-3","I023","blue",77041201,"wb_i023_blue_77041201","candidate range readable with final roll","PASS","range index 3"
"determinism-I023@blue","","",0,"","same base+rarity+seed is identical","PASS","wb_i023_blue_77041201"
"seed-switch-I023@blue","","",0,"","explicit seed change creates a distinct legal instance","PASS","wb_i023_blue_77041202"
"candidate-I023@purple","","",0,"","candidate instance generated","PASS","Success:wb_i023_purple_77041201"
"projection-I023@purple","","",0,"","exact read-only projection","PASS","wb_i023_purple_77041201"
"viewmodel-I023@purple","","",0,"","15 prefab player slots + 3 debug candidate sections; empty/test slots hidden","PASS","15/3"
"stat-range-I023@purple-0","I023","purple",77041201,"wb_i023_purple_77041201","candidate range readable with final roll","PASS","range index 0"
"stat-range-I023@purple-1","I023","purple",77041201,"wb_i023_purple_77041201","candidate range readable with final roll","PASS","range index 1"
"stat-range-I023@purple-2","I023","purple",77041201,"wb_i023_purple_77041201","candidate range readable with final roll","PASS","range index 2"
"stat-range-I023@purple-3","I023","purple",77041201,"wb_i023_purple_77041201","candidate range readable with final roll","PASS","range index 3"
"determinism-I023@purple","","",0,"","same base+rarity+seed is identical","PASS","wb_i023_purple_77041201"
"seed-switch-I023@purple","","",0,"","explicit seed change creates a distinct legal instance","PASS","wb_i023_purple_77041202"
"candidate-I023@orange","","",0,"","candidate instance generated","PASS","Success:wb_i023_orange_77041201"
"projection-I023@orange","","",0,"","exact read-only projection","PASS","wb_i023_orange_77041201"
"viewmodel-I023@orange","","",0,"","15 prefab player slots + 3 debug candidate sections; empty/test slots hidden","PASS","15/3"
"stat-range-I023@orange-0","I023","orange",77041201,"wb_i023_orange_77041201","candidate range readable with final roll","PASS","range index 0"
"stat-range-I023@orange-1","I023","orange",77041201,"wb_i023_orange_77041201","candidate range readable with final roll","PASS","range index 1"
"stat-range-I023@orange-2","I023","orange",77041201,"wb_i023_orange_77041201","candidate range readable with final roll","PASS","range index 2"
"stat-range-I023@orange-3","I023","orange",77041201,"wb_i023_orange_77041201","candidate range readable with final roll","PASS","range index 3"
"determinism-I023@orange","","",0,"","same base+rarity+seed is identical","PASS","wb_i023_orange_77041201"
"seed-switch-I023@orange","","",0,"","explicit seed change creates a distinct legal instance","PASS","wb_i023_orange_77041202"
"base-query-I024","","",0,"","catalog base item query succeeds","PASS","I024"
"candidate-I024@white","","",0,"","candidate instance generated","PASS","Success:wb_i024_white_77041201"
"projection-I024@white","","",0,"","exact read-only projection","PASS","wb_i024_white_77041201"
"viewmodel-I024@white","","",0,"","15 prefab player slots + 3 debug candidate sections; empty/test slots hidden","PASS","15/3"
"stat-range-I024@white-0","I024","white",77041201,"wb_i024_white_77041201","candidate range readable with final roll","PASS","range index 0"
"stat-range-I024@white-1","I024","white",77041201,"wb_i024_white_77041201","candidate range readable with final roll","PASS","range index 1"
"stat-range-I024@white-2","I024","white",77041201,"wb_i024_white_77041201","candidate range readable with final roll","PASS","range index 2"
"stat-range-I024@white-3","I024","white",77041201,"wb_i024_white_77041201","candidate range readable with final roll","PASS","range index 3"
"determinism-I024@white","","",0,"","same base+rarity+seed is identical","PASS","wb_i024_white_77041201"
"seed-switch-I024@white","","",0,"","explicit seed change creates a distinct legal instance","PASS","wb_i024_white_77041202"
"candidate-I024@green","","",0,"","candidate instance generated","PASS","Success:wb_i024_green_77041201"
"projection-I024@green","","",0,"","exact read-only projection","PASS","wb_i024_green_77041201"
"viewmodel-I024@green","","",0,"","15 prefab player slots + 3 debug candidate sections; empty/test slots hidden","PASS","15/3"
"stat-range-I024@green-0","I024","green",77041201,"wb_i024_green_77041201","candidate range readable with final roll","PASS","range index 0"
"stat-range-I024@green-1","I024","green",77041201,"wb_i024_green_77041201","candidate range readable with final roll","PASS","range index 1"
"stat-range-I024@green-2","I024","green",77041201,"wb_i024_green_77041201","candidate range readable with final roll","PASS","range index 2"
"stat-range-I024@green-3","I024","green",77041201,"wb_i024_green_77041201","candidate range readable with final roll","PASS","range index 3"
"determinism-I024@green","","",0,"","same base+rarity+seed is identical","PASS","wb_i024_green_77041201"
"seed-switch-I024@green","","",0,"","explicit seed change creates a distinct legal instance","PASS","wb_i024_green_77041202"
"candidate-I024@blue","","",0,"","candidate instance generated","PASS","Success:wb_i024_blue_77041201"
"projection-I024@blue","","",0,"","exact read-only projection","PASS","wb_i024_blue_77041201"
"viewmodel-I024@blue","","",0,"","15 prefab player slots + 3 debug candidate sections; empty/test slots hidden","PASS","15/3"
"stat-range-I024@blue-0","I024","blue",77041201,"wb_i024_blue_77041201","candidate range readable with final roll","PASS","range index 0"
"stat-range-I024@blue-1","I024","blue",77041201,"wb_i024_blue_77041201","candidate range readable with final roll","PASS","range index 1"
"stat-range-I024@blue-2","I024","blue",77041201,"wb_i024_blue_77041201","candidate range readable with final roll","PASS","range index 2"
"stat-range-I024@blue-3","I024","blue",77041201,"wb_i024_blue_77041201","candidate range readable with final roll","PASS","range index 3"
"determinism-I024@blue","","",0,"","same base+rarity+seed is identical","PASS","wb_i024_blue_77041201"
"seed-switch-I024@blue","","",0,"","explicit seed change creates a distinct legal instance","PASS","wb_i024_blue_77041202"
"candidate-I024@purple","","",0,"","candidate instance generated","PASS","Success:wb_i024_purple_77041201"
"projection-I024@purple","","",0,"","exact read-only projection","PASS","wb_i024_purple_77041201"
"viewmodel-I024@purple","","",0,"","15 prefab player slots + 3 debug candidate sections; empty/test slots hidden","PASS","15/3"
"stat-range-I024@purple-0","I024","purple",77041201,"wb_i024_purple_77041201","candidate range readable with final roll","PASS","range index 0"
"stat-range-I024@purple-1","I024","purple",77041201,"wb_i024_purple_77041201","candidate range readable with final roll","PASS","range index 1"
"stat-range-I024@purple-2","I024","purple",77041201,"wb_i024_purple_77041201","candidate range readable with final roll","PASS","range index 2"
"stat-range-I024@purple-3","I024","purple",77041201,"wb_i024_purple_77041201","candidate range readable with final roll","PASS","range index 3"
"determinism-I024@purple","","",0,"","same base+rarity+seed is identical","PASS","wb_i024_purple_77041201"
"seed-switch-I024@purple","","",0,"","explicit seed change creates a distinct legal instance","PASS","wb_i024_purple_77041202"
"candidate-I024@orange","","",0,"","candidate instance generated","PASS","Success:wb_i024_orange_77041201"
"projection-I024@orange","","",0,"","exact read-only projection","PASS","wb_i024_orange_77041201"
"viewmodel-I024@orange","","",0,"","15 prefab player slots + 3 debug candidate sections; empty/test slots hidden","PASS","15/3"
"stat-range-I024@orange-0","I024","orange",77041201,"wb_i024_orange_77041201","candidate range readable with final roll","PASS","range index 0"
"stat-range-I024@orange-1","I024","orange",77041201,"wb_i024_orange_77041201","candidate range readable with final roll","PASS","range index 1"
"stat-range-I024@orange-2","I024","orange",77041201,"wb_i024_orange_77041201","candidate range readable with final roll","PASS","range index 2"
"stat-range-I024@orange-3","I024","orange",77041201,"wb_i024_orange_77041201","candidate range readable with final roll","PASS","range index 3"
"determinism-I024@orange","","",0,"","same base+rarity+seed is identical","PASS","wb_i024_orange_77041201"
"seed-switch-I024@orange","","",0,"","explicit seed change creates a distinct legal instance","PASS","wb_i024_orange_77041202"
"base-query-I025","","",0,"","catalog base item query succeeds","PASS","I025"
"candidate-I025@white","","",0,"","candidate instance generated","PASS","Success:wb_i025_white_77041201"
"projection-I025@white","","",0,"","exact read-only projection","PASS","wb_i025_white_77041201"
"viewmodel-I025@white","","",0,"","15 prefab player slots + 3 debug candidate sections; empty/test slots hidden","PASS","15/3"
"stat-range-I025@white-0","I025","white",77041201,"wb_i025_white_77041201","candidate range readable with final roll","PASS","range index 0"
"stat-range-I025@white-1","I025","white",77041201,"wb_i025_white_77041201","candidate range readable with final roll","PASS","range index 1"
"stat-range-I025@white-2","I025","white",77041201,"wb_i025_white_77041201","candidate range readable with final roll","PASS","range index 2"
"stat-range-I025@white-3","I025","white",77041201,"wb_i025_white_77041201","candidate range readable with final roll","PASS","range index 3"
"determinism-I025@white","","",0,"","same base+rarity+seed is identical","PASS","wb_i025_white_77041201"
"seed-switch-I025@white","","",0,"","explicit seed change creates a distinct legal instance","PASS","wb_i025_white_77041202"
"candidate-I025@green","","",0,"","candidate instance generated","PASS","Success:wb_i025_green_77041201"
"projection-I025@green","","",0,"","exact read-only projection","PASS","wb_i025_green_77041201"
"viewmodel-I025@green","","",0,"","15 prefab player slots + 3 debug candidate sections; empty/test slots hidden","PASS","15/3"
"stat-range-I025@green-0","I025","green",77041201,"wb_i025_green_77041201","candidate range readable with final roll","PASS","range index 0"
"stat-range-I025@green-1","I025","green",77041201,"wb_i025_green_77041201","candidate range readable with final roll","PASS","range index 1"
"stat-range-I025@green-2","I025","green",77041201,"wb_i025_green_77041201","candidate range readable with final roll","PASS","range index 2"
"stat-range-I025@green-3","I025","green",77041201,"wb_i025_green_77041201","candidate range readable with final roll","PASS","range index 3"
"determinism-I025@green","","",0,"","same base+rarity+seed is identical","PASS","wb_i025_green_77041201"
"seed-switch-I025@green","","",0,"","explicit seed change creates a distinct legal instance","PASS","wb_i025_green_77041202"
"candidate-I025@blue","","",0,"","candidate instance generated","PASS","Success:wb_i025_blue_77041201"
"projection-I025@blue","","",0,"","exact read-only projection","PASS","wb_i025_blue_77041201"
"viewmodel-I025@blue","","",0,"","15 prefab player slots + 3 debug candidate sections; empty/test slots hidden","PASS","15/3"
"stat-range-I025@blue-0","I025","blue",77041201,"wb_i025_blue_77041201","candidate range readable with final roll","PASS","range index 0"
"stat-range-I025@blue-1","I025","blue",77041201,"wb_i025_blue_77041201","candidate range readable with final roll","PASS","range index 1"
"stat-range-I025@blue-2","I025","blue",77041201,"wb_i025_blue_77041201","candidate range readable with final roll","PASS","range index 2"
"stat-range-I025@blue-3","I025","blue",77041201,"wb_i025_blue_77041201","candidate range readable with final roll","PASS","range index 3"
"determinism-I025@blue","","",0,"","same base+rarity+seed is identical","PASS","wb_i025_blue_77041201"
"seed-switch-I025@blue","","",0,"","explicit seed change creates a distinct legal instance","PASS","wb_i025_blue_77041202"
"candidate-I025@purple","","",0,"","candidate instance generated","PASS","Success:wb_i025_purple_77041201"
"projection-I025@purple","","",0,"","exact read-only projection","PASS","wb_i025_purple_77041201"
"viewmodel-I025@purple","","",0,"","15 prefab player slots + 3 debug candidate sections; empty/test slots hidden","PASS","15/3"
"stat-range-I025@purple-0","I025","purple",77041201,"wb_i025_purple_77041201","candidate range readable with final roll","PASS","range index 0"
"stat-range-I025@purple-1","I025","purple",77041201,"wb_i025_purple_77041201","candidate range readable with final roll","PASS","range index 1"
"stat-range-I025@purple-2","I025","purple",77041201,"wb_i025_purple_77041201","candidate range readable with final roll","PASS","range index 2"
"stat-range-I025@purple-3","I025","purple",77041201,"wb_i025_purple_77041201","candidate range readable with final roll","PASS","range index 3"
"determinism-I025@purple","","",0,"","same base+rarity+seed is identical","PASS","wb_i025_purple_77041201"
"seed-switch-I025@purple","","",0,"","explicit seed change creates a distinct legal instance","PASS","wb_i025_purple_77041202"
"candidate-I025@orange","","",0,"","candidate instance generated","PASS","Success:wb_i025_orange_77041201"
"projection-I025@orange","","",0,"","exact read-only projection","PASS","wb_i025_orange_77041201"
"viewmodel-I025@orange","","",0,"","15 prefab player slots + 3 debug candidate sections; empty/test slots hidden","PASS","15/3"
"stat-range-I025@orange-0","I025","orange",77041201,"wb_i025_orange_77041201","candidate range readable with final roll","PASS","range index 0"
"stat-range-I025@orange-1","I025","orange",77041201,"wb_i025_orange_77041201","candidate range readable with final roll","PASS","range index 1"
"stat-range-I025@orange-2","I025","orange",77041201,"wb_i025_orange_77041201","candidate range readable with final roll","PASS","range index 2"
"stat-range-I025@orange-3","I025","orange",77041201,"wb_i025_orange_77041201","candidate range readable with final roll","PASS","range index 3"
"determinism-I025@orange","","",0,"","same base+rarity+seed is identical","PASS","wb_i025_orange_77041201"
"seed-switch-I025@orange","","",0,"","explicit seed change creates a distinct legal instance","PASS","wb_i025_orange_77041202"
"base-query-I026","","",0,"","catalog base item query succeeds","PASS","I026"
"candidate-I026@white","","",0,"","candidate instance generated","PASS","Success:wb_i026_white_77041201"
"projection-I026@white","","",0,"","exact read-only projection","PASS","wb_i026_white_77041201"
"viewmodel-I026@white","","",0,"","15 prefab player slots + 3 debug candidate sections; empty/test slots hidden","PASS","15/3"
"stat-range-I026@white-0","I026","white",77041201,"wb_i026_white_77041201","candidate range readable with final roll","PASS","range index 0"
"stat-range-I026@white-1","I026","white",77041201,"wb_i026_white_77041201","candidate range readable with final roll","PASS","range index 1"
"stat-range-I026@white-2","I026","white",77041201,"wb_i026_white_77041201","candidate range readable with final roll","PASS","range index 2"
"stat-range-I026@white-3","I026","white",77041201,"wb_i026_white_77041201","candidate range readable with final roll","PASS","range index 3"
"determinism-I026@white","","",0,"","same base+rarity+seed is identical","PASS","wb_i026_white_77041201"
"seed-switch-I026@white","","",0,"","explicit seed change creates a distinct legal instance","PASS","wb_i026_white_77041202"
"candidate-I026@green","","",0,"","candidate instance generated","PASS","Success:wb_i026_green_77041201"
"projection-I026@green","","",0,"","exact read-only projection","PASS","wb_i026_green_77041201"
"viewmodel-I026@green","","",0,"","15 prefab player slots + 3 debug candidate sections; empty/test slots hidden","PASS","15/3"
"stat-range-I026@green-0","I026","green",77041201,"wb_i026_green_77041201","candidate range readable with final roll","PASS","range index 0"
"stat-range-I026@green-1","I026","green",77041201,"wb_i026_green_77041201","candidate range readable with final roll","PASS","range index 1"
"stat-range-I026@green-2","I026","green",77041201,"wb_i026_green_77041201","candidate range readable with final roll","PASS","range index 2"
"stat-range-I026@green-3","I026","green",77041201,"wb_i026_green_77041201","candidate range readable with final roll","PASS","range index 3"
"determinism-I026@green","","",0,"","same base+rarity+seed is identical","PASS","wb_i026_green_77041201"
"seed-switch-I026@green","","",0,"","explicit seed change creates a distinct legal instance","PASS","wb_i026_green_77041202"
"candidate-I026@blue","","",0,"","candidate instance generated","PASS","Success:wb_i026_blue_77041201"
"projection-I026@blue","","",0,"","exact read-only projection","PASS","wb_i026_blue_77041201"
"viewmodel-I026@blue","","",0,"","15 prefab player slots + 3 debug candidate sections; empty/test slots hidden","PASS","15/3"
"stat-range-I026@blue-0","I026","blue",77041201,"wb_i026_blue_77041201","candidate range readable with final roll","PASS","range index 0"
"stat-range-I026@blue-1","I026","blue",77041201,"wb_i026_blue_77041201","candidate range readable with final roll","PASS","range index 1"
"stat-range-I026@blue-2","I026","blue",77041201,"wb_i026_blue_77041201","candidate range readable with final roll","PASS","range index 2"
"stat-range-I026@blue-3","I026","blue",77041201,"wb_i026_blue_77041201","candidate range readable with final roll","PASS","range index 3"
"determinism-I026@blue","","",0,"","same base+rarity+seed is identical","PASS","wb_i026_blue_77041201"
"seed-switch-I026@blue","","",0,"","explicit seed change creates a distinct legal instance","PASS","wb_i026_blue_77041202"
"candidate-I026@purple","","",0,"","candidate instance generated","PASS","Success:wb_i026_purple_77041201"
"projection-I026@purple","","",0,"","exact read-only projection","PASS","wb_i026_purple_77041201"
"viewmodel-I026@purple","","",0,"","15 prefab player slots + 3 debug candidate sections; empty/test slots hidden","PASS","15/3"
"stat-range-I026@purple-0","I026","purple",77041201,"wb_i026_purple_77041201","candidate range readable with final roll","PASS","range index 0"
"stat-range-I026@purple-1","I026","purple",77041201,"wb_i026_purple_77041201","candidate range readable with final roll","PASS","range index 1"
"stat-range-I026@purple-2","I026","purple",77041201,"wb_i026_purple_77041201","candidate range readable with final roll","PASS","range index 2"
"stat-range-I026@purple-3","I026","purple",77041201,"wb_i026_purple_77041201","candidate range readable with final roll","PASS","range index 3"
"determinism-I026@purple","","",0,"","same base+rarity+seed is identical","PASS","wb_i026_purple_77041201"
"seed-switch-I026@purple","","",0,"","explicit seed change creates a distinct legal instance","PASS","wb_i026_purple_77041202"
"candidate-I026@orange","","",0,"","candidate instance generated","PASS","Success:wb_i026_orange_77041201"
"projection-I026@orange","","",0,"","exact read-only projection","PASS","wb_i026_orange_77041201"
"viewmodel-I026@orange","","",0,"","15 prefab player slots + 3 debug candidate sections; empty/test slots hidden","PASS","15/3"
"stat-range-I026@orange-0","I026","orange",77041201,"wb_i026_orange_77041201","candidate range readable with final roll","PASS","range index 0"
"stat-range-I026@orange-1","I026","orange",77041201,"wb_i026_orange_77041201","candidate range readable with final roll","PASS","range index 1"
"stat-range-I026@orange-2","I026","orange",77041201,"wb_i026_orange_77041201","candidate range readable with final roll","PASS","range index 2"
"stat-range-I026@orange-3","I026","orange",77041201,"wb_i026_orange_77041201","candidate range readable with final roll","PASS","range index 3"
"determinism-I026@orange","","",0,"","same base+rarity+seed is identical","PASS","wb_i026_orange_77041201"
"seed-switch-I026@orange","","",0,"","explicit seed change creates a distinct legal instance","PASS","wb_i026_orange_77041202"
"base-query-I027","","",0,"","catalog base item query succeeds","PASS","I027"
"candidate-I027@white","","",0,"","candidate instance generated","PASS","Success:wb_i027_white_77041201"
"projection-I027@white","","",0,"","exact read-only projection","PASS","wb_i027_white_77041201"
"viewmodel-I027@white","","",0,"","15 prefab player slots + 3 debug candidate sections; empty/test slots hidden","PASS","15/3"
"stat-range-I027@white-0","I027","white",77041201,"wb_i027_white_77041201","candidate range readable with final roll","PASS","range index 0"
"stat-range-I027@white-1","I027","white",77041201,"wb_i027_white_77041201","candidate range readable with final roll","PASS","range index 1"
"stat-range-I027@white-2","I027","white",77041201,"wb_i027_white_77041201","candidate range readable with final roll","PASS","range index 2"
"stat-range-I027@white-3","I027","white",77041201,"wb_i027_white_77041201","candidate range readable with final roll","PASS","range index 3"
"determinism-I027@white","","",0,"","same base+rarity+seed is identical","PASS","wb_i027_white_77041201"
"seed-switch-I027@white","","",0,"","explicit seed change creates a distinct legal instance","PASS","wb_i027_white_77041202"
"candidate-I027@green","","",0,"","candidate instance generated","PASS","Success:wb_i027_green_77041201"
"projection-I027@green","","",0,"","exact read-only projection","PASS","wb_i027_green_77041201"
"viewmodel-I027@green","","",0,"","15 prefab player slots + 3 debug candidate sections; empty/test slots hidden","PASS","15/3"
"stat-range-I027@green-0","I027","green",77041201,"wb_i027_green_77041201","candidate range readable with final roll","PASS","range index 0"
"stat-range-I027@green-1","I027","green",77041201,"wb_i027_green_77041201","candidate range readable with final roll","PASS","range index 1"
"stat-range-I027@green-2","I027","green",77041201,"wb_i027_green_77041201","candidate range readable with final roll","PASS","range index 2"
"stat-range-I027@green-3","I027","green",77041201,"wb_i027_green_77041201","candidate range readable with final roll","PASS","range index 3"
"determinism-I027@green","","",0,"","same base+rarity+seed is identical","PASS","wb_i027_green_77041201"
"seed-switch-I027@green","","",0,"","explicit seed change creates a distinct legal instance","PASS","wb_i027_green_77041202"
"candidate-I027@blue","","",0,"","candidate instance generated","PASS","Success:wb_i027_blue_77041201"
"projection-I027@blue","","",0,"","exact read-only projection","PASS","wb_i027_blue_77041201"
"viewmodel-I027@blue","","",0,"","15 prefab player slots + 3 debug candidate sections; empty/test slots hidden","PASS","15/3"
"stat-range-I027@blue-0","I027","blue",77041201,"wb_i027_blue_77041201","candidate range readable with final roll","PASS","range index 0"
"stat-range-I027@blue-1","I027","blue",77041201,"wb_i027_blue_77041201","candidate range readable with final roll","PASS","range index 1"
"stat-range-I027@blue-2","I027","blue",77041201,"wb_i027_blue_77041201","candidate range readable with final roll","PASS","range index 2"
"stat-range-I027@blue-3","I027","blue",77041201,"wb_i027_blue_77041201","candidate range readable with final roll","PASS","range index 3"
"determinism-I027@blue","","",0,"","same base+rarity+seed is identical","PASS","wb_i027_blue_77041201"
"seed-switch-I027@blue","","",0,"","explicit seed change creates a distinct legal instance","PASS","wb_i027_blue_77041202"
"candidate-I027@purple","","",0,"","candidate instance generated","PASS","Success:wb_i027_purple_77041201"
"projection-I027@purple","","",0,"","exact read-only projection","PASS","wb_i027_purple_77041201"
"viewmodel-I027@purple","","",0,"","15 prefab player slots + 3 debug candidate sections; empty/test slots hidden","PASS","15/3"
"stat-range-I027@purple-0","I027","purple",77041201,"wb_i027_purple_77041201","candidate range readable with final roll","PASS","range index 0"
"stat-range-I027@purple-1","I027","purple",77041201,"wb_i027_purple_77041201","candidate range readable with final roll","PASS","range index 1"
"stat-range-I027@purple-2","I027","purple",77041201,"wb_i027_purple_77041201","candidate range readable with final roll","PASS","range index 2"
"stat-range-I027@purple-3","I027","purple",77041201,"wb_i027_purple_77041201","candidate range readable with final roll","PASS","range index 3"
"determinism-I027@purple","","",0,"","same base+rarity+seed is identical","PASS","wb_i027_purple_77041201"
"seed-switch-I027@purple","","",0,"","explicit seed change creates a distinct legal instance","PASS","wb_i027_purple_77041202"
"candidate-I027@orange","","",0,"","candidate instance generated","PASS","Success:wb_i027_orange_77041201"
"projection-I027@orange","","",0,"","exact read-only projection","PASS","wb_i027_orange_77041201"
"viewmodel-I027@orange","","",0,"","15 prefab player slots + 3 debug candidate sections; empty/test slots hidden","PASS","15/3"
"stat-range-I027@orange-0","I027","orange",77041201,"wb_i027_orange_77041201","candidate range readable with final roll","PASS","range index 0"
"stat-range-I027@orange-1","I027","orange",77041201,"wb_i027_orange_77041201","candidate range readable with final roll","PASS","range index 1"
"stat-range-I027@orange-2","I027","orange",77041201,"wb_i027_orange_77041201","candidate range readable with final roll","PASS","range index 2"
"stat-range-I027@orange-3","I027","orange",77041201,"wb_i027_orange_77041201","candidate range readable with final roll","PASS","range index 3"
"determinism-I027@orange","","",0,"","same base+rarity+seed is identical","PASS","wb_i027_orange_77041201"
"seed-switch-I027@orange","","",0,"","explicit seed change creates a distinct legal instance","PASS","wb_i027_orange_77041202"
"base-query-I028","","",0,"","catalog base item query succeeds","PASS","I028"
"candidate-I028@white","","",0,"","candidate instance generated","PASS","Success:wb_i028_white_77041201"
"projection-I028@white","","",0,"","exact read-only projection","PASS","wb_i028_white_77041201"
"viewmodel-I028@white","","",0,"","15 prefab player slots + 3 debug candidate sections; empty/test slots hidden","PASS","15/3"
"stat-range-I028@white-0","I028","white",77041201,"wb_i028_white_77041201","candidate range readable with final roll","PASS","range index 0"
"stat-range-I028@white-1","I028","white",77041201,"wb_i028_white_77041201","candidate range readable with final roll","PASS","range index 1"
"stat-range-I028@white-2","I028","white",77041201,"wb_i028_white_77041201","candidate range readable with final roll","PASS","range index 2"
"stat-range-I028@white-3","I028","white",77041201,"wb_i028_white_77041201","candidate range readable with final roll","PASS","range index 3"
"determinism-I028@white","","",0,"","same base+rarity+seed is identical","PASS","wb_i028_white_77041201"
"seed-switch-I028@white","","",0,"","explicit seed change creates a distinct legal instance","PASS","wb_i028_white_77041202"
"candidate-I028@green","","",0,"","candidate instance generated","PASS","Success:wb_i028_green_77041201"
"projection-I028@green","","",0,"","exact read-only projection","PASS","wb_i028_green_77041201"
"viewmodel-I028@green","","",0,"","15 prefab player slots + 3 debug candidate sections; empty/test slots hidden","PASS","15/3"
"stat-range-I028@green-0","I028","green",77041201,"wb_i028_green_77041201","candidate range readable with final roll","PASS","range index 0"
"stat-range-I028@green-1","I028","green",77041201,"wb_i028_green_77041201","candidate range readable with final roll","PASS","range index 1"
"stat-range-I028@green-2","I028","green",77041201,"wb_i028_green_77041201","candidate range readable with final roll","PASS","range index 2"
"stat-range-I028@green-3","I028","green",77041201,"wb_i028_green_77041201","candidate range readable with final roll","PASS","range index 3"
"determinism-I028@green","","",0,"","same base+rarity+seed is identical","PASS","wb_i028_green_77041201"
"seed-switch-I028@green","","",0,"","explicit seed change creates a distinct legal instance","PASS","wb_i028_green_77041202"
"candidate-I028@blue","","",0,"","candidate instance generated","PASS","Success:wb_i028_blue_77041201"
"projection-I028@blue","","",0,"","exact read-only projection","PASS","wb_i028_blue_77041201"
"viewmodel-I028@blue","","",0,"","15 prefab player slots + 3 debug candidate sections; empty/test slots hidden","PASS","15/3"
"stat-range-I028@blue-0","I028","blue",77041201,"wb_i028_blue_77041201","candidate range readable with final roll","PASS","range index 0"
"stat-range-I028@blue-1","I028","blue",77041201,"wb_i028_blue_77041201","candidate range readable with final roll","PASS","range index 1"
"stat-range-I028@blue-2","I028","blue",77041201,"wb_i028_blue_77041201","candidate range readable with final roll","PASS","range index 2"
"stat-range-I028@blue-3","I028","blue",77041201,"wb_i028_blue_77041201","candidate range readable with final roll","PASS","range index 3"
"determinism-I028@blue","","",0,"","same base+rarity+seed is identical","PASS","wb_i028_blue_77041201"
"seed-switch-I028@blue","","",0,"","explicit seed change creates a distinct legal instance","PASS","wb_i028_blue_77041202"
"candidate-I028@purple","","",0,"","candidate instance generated","PASS","Success:wb_i028_purple_77041201"
"projection-I028@purple","","",0,"","exact read-only projection","PASS","wb_i028_purple_77041201"
"viewmodel-I028@purple","","",0,"","15 prefab player slots + 3 debug candidate sections; empty/test slots hidden","PASS","15/3"
"stat-range-I028@purple-0","I028","purple",77041201,"wb_i028_purple_77041201","candidate range readable with final roll","PASS","range index 0"
"stat-range-I028@purple-1","I028","purple",77041201,"wb_i028_purple_77041201","candidate range readable with final roll","PASS","range index 1"
"stat-range-I028@purple-2","I028","purple",77041201,"wb_i028_purple_77041201","candidate range readable with final roll","PASS","range index 2"
"stat-range-I028@purple-3","I028","purple",77041201,"wb_i028_purple_77041201","candidate range readable with final roll","PASS","range index 3"
"determinism-I028@purple","","",0,"","same base+rarity+seed is identical","PASS","wb_i028_purple_77041201"
"seed-switch-I028@purple","","",0,"","explicit seed change creates a distinct legal instance","PASS","wb_i028_purple_77041202"
"candidate-I028@orange","","",0,"","candidate instance generated","PASS","Success:wb_i028_orange_77041201"
"projection-I028@orange","","",0,"","exact read-only projection","PASS","wb_i028_orange_77041201"
"viewmodel-I028@orange","","",0,"","15 prefab player slots + 3 debug candidate sections; empty/test slots hidden","PASS","15/3"
"stat-range-I028@orange-0","I028","orange",77041201,"wb_i028_orange_77041201","candidate range readable with final roll","PASS","range index 0"
"stat-range-I028@orange-1","I028","orange",77041201,"wb_i028_orange_77041201","candidate range readable with final roll","PASS","range index 1"
"stat-range-I028@orange-2","I028","orange",77041201,"wb_i028_orange_77041201","candidate range readable with final roll","PASS","range index 2"
"stat-range-I028@orange-3","I028","orange",77041201,"wb_i028_orange_77041201","candidate range readable with final roll","PASS","range index 3"
"determinism-I028@orange","","",0,"","same base+rarity+seed is identical","PASS","wb_i028_orange_77041201"
"seed-switch-I028@orange","","",0,"","explicit seed change creates a distinct legal instance","PASS","wb_i028_orange_77041202"
"base-query-I029","","",0,"","catalog base item query succeeds","PASS","I029"
"candidate-I029@white","","",0,"","candidate instance generated","PASS","Success:wb_i029_white_77041201"
"projection-I029@white","","",0,"","exact read-only projection","PASS","wb_i029_white_77041201"
"viewmodel-I029@white","","",0,"","15 prefab player slots + 3 debug candidate sections; empty/test slots hidden","PASS","15/3"
"stat-range-I029@white-0","I029","white",77041201,"wb_i029_white_77041201","candidate range readable with final roll","PASS","range index 0"
"stat-range-I029@white-1","I029","white",77041201,"wb_i029_white_77041201","candidate range readable with final roll","PASS","range index 1"
"stat-range-I029@white-2","I029","white",77041201,"wb_i029_white_77041201","candidate range readable with final roll","PASS","range index 2"
"stat-range-I029@white-3","I029","white",77041201,"wb_i029_white_77041201","candidate range readable with final roll","PASS","range index 3"
"determinism-I029@white","","",0,"","same base+rarity+seed is identical","PASS","wb_i029_white_77041201"
"seed-switch-I029@white","","",0,"","explicit seed change creates a distinct legal instance","PASS","wb_i029_white_77041202"
"candidate-I029@green","","",0,"","candidate instance generated","PASS","Success:wb_i029_green_77041201"
"projection-I029@green","","",0,"","exact read-only projection","PASS","wb_i029_green_77041201"
"viewmodel-I029@green","","",0,"","15 prefab player slots + 3 debug candidate sections; empty/test slots hidden","PASS","15/3"
"stat-range-I029@green-0","I029","green",77041201,"wb_i029_green_77041201","candidate range readable with final roll","PASS","range index 0"
"stat-range-I029@green-1","I029","green",77041201,"wb_i029_green_77041201","candidate range readable with final roll","PASS","range index 1"
"stat-range-I029@green-2","I029","green",77041201,"wb_i029_green_77041201","candidate range readable with final roll","PASS","range index 2"
"stat-range-I029@green-3","I029","green",77041201,"wb_i029_green_77041201","candidate range readable with final roll","PASS","range index 3"
"determinism-I029@green","","",0,"","same base+rarity+seed is identical","PASS","wb_i029_green_77041201"
"seed-switch-I029@green","","",0,"","explicit seed change creates a distinct legal instance","PASS","wb_i029_green_77041202"
"candidate-I029@blue","","",0,"","candidate instance generated","PASS","Success:wb_i029_blue_77041201"
"projection-I029@blue","","",0,"","exact read-only projection","PASS","wb_i029_blue_77041201"
"viewmodel-I029@blue","","",0,"","15 prefab player slots + 3 debug candidate sections; empty/test slots hidden","PASS","15/3"
"stat-range-I029@blue-0","I029","blue",77041201,"wb_i029_blue_77041201","candidate range readable with final roll","PASS","range index 0"
"stat-range-I029@blue-1","I029","blue",77041201,"wb_i029_blue_77041201","candidate range readable with final roll","PASS","range index 1"
"stat-range-I029@blue-2","I029","blue",77041201,"wb_i029_blue_77041201","candidate range readable with final roll","PASS","range index 2"
"stat-range-I029@blue-3","I029","blue",77041201,"wb_i029_blue_77041201","candidate range readable with final roll","PASS","range index 3"
"determinism-I029@blue","","",0,"","same base+rarity+seed is identical","PASS","wb_i029_blue_77041201"
"seed-switch-I029@blue","","",0,"","explicit seed change creates a distinct legal instance","PASS","wb_i029_blue_77041202"
"candidate-I029@purple","","",0,"","candidate instance generated","PASS","Success:wb_i029_purple_77041201"
"projection-I029@purple","","",0,"","exact read-only projection","PASS","wb_i029_purple_77041201"
"viewmodel-I029@purple","","",0,"","15 prefab player slots + 3 debug candidate sections; empty/test slots hidden","PASS","15/3"
"stat-range-I029@purple-0","I029","purple",77041201,"wb_i029_purple_77041201","candidate range readable with final roll","PASS","range index 0"
"stat-range-I029@purple-1","I029","purple",77041201,"wb_i029_purple_77041201","candidate range readable with final roll","PASS","range index 1"
"stat-range-I029@purple-2","I029","purple",77041201,"wb_i029_purple_77041201","candidate range readable with final roll","PASS","range index 2"
"stat-range-I029@purple-3","I029","purple",77041201,"wb_i029_purple_77041201","candidate range readable with final roll","PASS","range index 3"
"determinism-I029@purple","","",0,"","same base+rarity+seed is identical","PASS","wb_i029_purple_77041201"
"seed-switch-I029@purple","","",0,"","explicit seed change creates a distinct legal instance","PASS","wb_i029_purple_77041202"
"candidate-I029@orange","","",0,"","candidate instance generated","PASS","Success:wb_i029_orange_77041201"
"projection-I029@orange","","",0,"","exact read-only projection","PASS","wb_i029_orange_77041201"
"viewmodel-I029@orange","","",0,"","15 prefab player slots + 3 debug candidate sections; empty/test slots hidden","PASS","15/3"
"stat-range-I029@orange-0","I029","orange",77041201,"wb_i029_orange_77041201","candidate range readable with final roll","PASS","range index 0"
"stat-range-I029@orange-1","I029","orange",77041201,"wb_i029_orange_77041201","candidate range readable with final roll","PASS","range index 1"
"stat-range-I029@orange-2","I029","orange",77041201,"wb_i029_orange_77041201","candidate range readable with final roll","PASS","range index 2"
"stat-range-I029@orange-3","I029","orange",77041201,"wb_i029_orange_77041201","candidate range readable with final roll","PASS","range index 3"
"determinism-I029@orange","","",0,"","same base+rarity+seed is identical","PASS","wb_i029_orange_77041201"
"seed-switch-I029@orange","","",0,"","explicit seed change creates a distinct legal instance","PASS","wb_i029_orange_77041202"
"base-query-I030","","",0,"","catalog base item query succeeds","PASS","I030"
"candidate-I030@white","","",0,"","candidate instance generated","PASS","Success:wb_i030_white_77041201"
"projection-I030@white","","",0,"","exact read-only projection","PASS","wb_i030_white_77041201"
"viewmodel-I030@white","","",0,"","15 prefab player slots + 3 debug candidate sections; empty/test slots hidden","PASS","15/3"
"stat-range-I030@white-0","I030","white",77041201,"wb_i030_white_77041201","candidate range readable with final roll","PASS","range index 0"
"stat-range-I030@white-1","I030","white",77041201,"wb_i030_white_77041201","candidate range readable with final roll","PASS","range index 1"
"stat-range-I030@white-2","I030","white",77041201,"wb_i030_white_77041201","candidate range readable with final roll","PASS","range index 2"
"stat-range-I030@white-3","I030","white",77041201,"wb_i030_white_77041201","candidate range readable with final roll","PASS","range index 3"
"determinism-I030@white","","",0,"","same base+rarity+seed is identical","PASS","wb_i030_white_77041201"
"seed-switch-I030@white","","",0,"","explicit seed change creates a distinct legal instance","PASS","wb_i030_white_77041202"
"candidate-I030@green","","",0,"","candidate instance generated","PASS","Success:wb_i030_green_77041201"
"projection-I030@green","","",0,"","exact read-only projection","PASS","wb_i030_green_77041201"
"viewmodel-I030@green","","",0,"","15 prefab player slots + 3 debug candidate sections; empty/test slots hidden","PASS","15/3"
"stat-range-I030@green-0","I030","green",77041201,"wb_i030_green_77041201","candidate range readable with final roll","PASS","range index 0"
"stat-range-I030@green-1","I030","green",77041201,"wb_i030_green_77041201","candidate range readable with final roll","PASS","range index 1"
"stat-range-I030@green-2","I030","green",77041201,"wb_i030_green_77041201","candidate range readable with final roll","PASS","range index 2"
"stat-range-I030@green-3","I030","green",77041201,"wb_i030_green_77041201","candidate range readable with final roll","PASS","range index 3"
"determinism-I030@green","","",0,"","same base+rarity+seed is identical","PASS","wb_i030_green_77041201"
"seed-switch-I030@green","","",0,"","explicit seed change creates a distinct legal instance","PASS","wb_i030_green_77041202"
"candidate-I030@blue","","",0,"","candidate instance generated","PASS","Success:wb_i030_blue_77041201"
"projection-I030@blue","","",0,"","exact read-only projection","PASS","wb_i030_blue_77041201"
"viewmodel-I030@blue","","",0,"","15 prefab player slots + 3 debug candidate sections; empty/test slots hidden","PASS","15/3"
"stat-range-I030@blue-0","I030","blue",77041201,"wb_i030_blue_77041201","candidate range readable with final roll","PASS","range index 0"
"stat-range-I030@blue-1","I030","blue",77041201,"wb_i030_blue_77041201","candidate range readable with final roll","PASS","range index 1"
"stat-range-I030@blue-2","I030","blue",77041201,"wb_i030_blue_77041201","candidate range readable with final roll","PASS","range index 2"
"stat-range-I030@blue-3","I030","blue",77041201,"wb_i030_blue_77041201","candidate range readable with final roll","PASS","range index 3"
"determinism-I030@blue","","",0,"","same base+rarity+seed is identical","PASS","wb_i030_blue_77041201"
"seed-switch-I030@blue","","",0,"","explicit seed change creates a distinct legal instance","PASS","wb_i030_blue_77041202"
"candidate-I030@purple","","",0,"","candidate instance generated","PASS","Success:wb_i030_purple_77041201"
"projection-I030@purple","","",0,"","exact read-only projection","PASS","wb_i030_purple_77041201"
"viewmodel-I030@purple","","",0,"","15 prefab player slots + 3 debug candidate sections; empty/test slots hidden","PASS","15/3"
"stat-range-I030@purple-0","I030","purple",77041201,"wb_i030_purple_77041201","candidate range readable with final roll","PASS","range index 0"
"stat-range-I030@purple-1","I030","purple",77041201,"wb_i030_purple_77041201","candidate range readable with final roll","PASS","range index 1"
"stat-range-I030@purple-2","I030","purple",77041201,"wb_i030_purple_77041201","candidate range readable with final roll","PASS","range index 2"
"stat-range-I030@purple-3","I030","purple",77041201,"wb_i030_purple_77041201","candidate range readable with final roll","PASS","range index 3"
"determinism-I030@purple","","",0,"","same base+rarity+seed is identical","PASS","wb_i030_purple_77041201"
"seed-switch-I030@purple","","",0,"","explicit seed change creates a distinct legal instance","PASS","wb_i030_purple_77041202"
"candidate-I030@orange","","",0,"","candidate instance generated","PASS","Success:wb_i030_orange_77041201"
"projection-I030@orange","","",0,"","exact read-only projection","PASS","wb_i030_orange_77041201"
"viewmodel-I030@orange","","",0,"","15 prefab player slots + 3 debug candidate sections; empty/test slots hidden","PASS","15/3"
"stat-range-I030@orange-0","I030","orange",77041201,"wb_i030_orange_77041201","candidate range readable with final roll","PASS","range index 0"
"stat-range-I030@orange-1","I030","orange",77041201,"wb_i030_orange_77041201","candidate range readable with final roll","PASS","range index 1"
"stat-range-I030@orange-2","I030","orange",77041201,"wb_i030_orange_77041201","candidate range readable with final roll","PASS","range index 2"
"stat-range-I030@orange-3","I030","orange",77041201,"wb_i030_orange_77041201","candidate range readable with final roll","PASS","range index 3"
"determinism-I030@orange","","",0,"","same base+rarity+seed is identical","PASS","wb_i030_orange_77041201"
"seed-switch-I030@orange","","",0,"","explicit seed change creates a distinct legal instance","PASS","wb_i030_orange_77041202"
"count-base-items","","",0,"","30/30","PASS","30/30"
"count-candidates","","",0,"","150/150","PASS","150/150"
"count-projections","","",0,"","150/150","PASS","150/150"
"count-viewmodels","","",0,"","150/150","PASS","150/150"
"count-stat-ranges","","",0,"","600/600","PASS","600/600"
"count-determinism","","",0,"","150/150","PASS","150/150"
"count-seed-switch","","",0,"","150/150","PASS","150/150"
"I031-generation-zero","","",0,"","I031 ordinary generation count 0","PASS","BASE_ITEM_NOT_ORDINARY: 'I031' is excluded from ordinary candidate generation."
"invalid-rarity-validation","","",0,"","validationErrors, no throw","PASS","RARITY_INVALID: 'red' is not white/green/blue/purple/orange."
"invalid-seed-validation","","",0,"","validationErrors, no throw","PASS","ROOT_SEED_INVALID: 'not-a-seed' is not a signed 64-bit integer."
"missing-profile-validation","","",0,"","validationErrors, no throw","PASS","PROFILE_MISSING: Candidate profile 'I001' was not found."
"catalog-candidate-context-isolation","","",0,"","Catalog keeps 31 including I031; Candidate keeps 30 ordinary profiles","PASS","31/30 isolated"
"same-base-rarity-multi-instance-strict","","",0,"","same base+rarity instances are distinct by itemInstanceId","PASS","wb_i001_green_77041201 | wb_i001_green_77041203"
"scene-candidate-controls","","",0,"","Catalog/Candidate modes + 5 rarity + seed + regenerate","PASS","present"
"scene-provider-boundary","","",0,"","devOnly read-only, 30 ordinary items, no formal writes","PASS","30"
"layout-1080x1920","","",0,"","no overlap/text overflow; long scroll; item switch resets top","FAIL","detail=974x403; content=2028; debug=974x403; reset=True"
"layout-720x1280","","",0,"","no overlap/text overflow; long scroll; item switch resets top","FAIL","detail=614x133; content=2028; debug=614x133; reset=True"
"regression-ItemBalanceWorkbenchReport","","",0,"","existing package report PASS; live candidate chain compiled/exercised","PASS","Docs/V0.4/Reports/ItemBalanceWorkbenchReport.md"
"regression-ItemRarityInstanceFoundationReport","","",0,"","existing package report PASS; live candidate chain compiled/exercised","PASS","Docs/V0.4/Reports/ItemRarityInstanceFoundationReport.md"
"regression-ItemStatRangeSchemaReport","","",0,"","existing package report PASS; live candidate chain compiled/exercised","PASS","Docs/V0.4/Reports/ItemStatRangeSchemaReport.md"
"regression-ItemCorePotentialAndBuildEligibilitySchemaReport","","",0,"","existing package report PASS; live candidate chain compiled/exercised","PASS","Docs/V0.4/Reports/ItemCorePotentialAndBuildEligibilitySchemaReport.md"
"regression-ItemAffixPoolAndRangeSchemaReport","","",0,"","existing package report PASS; live candidate chain compiled/exercised","PASS","Docs/V0.4/Reports/ItemAffixPoolAndRangeSchemaReport.md"
"regression-ItemInstanceRollEngineReport","","",0,"","existing package report PASS; live candidate chain compiled/exercised","PASS","Docs/V0.4/Reports/ItemInstanceRollEngineReport.md"
"regression-ItemDropGenerationSandboxReport","","",0,"","existing package report PASS; live candidate chain compiled/exercised","PASS","Docs/V0.4/Reports/ItemDropGenerationSandboxReport.md"
"regression-ItemGenerationSimulationValidatorReport","","",0,"","existing package report PASS; live candidate chain compiled/exercised","PASS","Docs/V0.4/Reports/ItemGenerationSimulationValidatorReport.md"
"regression-ItemInstanceProjectionContractReport","","",0,"","existing package report PASS; live candidate chain compiled/exercised","PASS","Docs/V0.4/Reports/ItemInstanceProjectionContractReport.md"
"regression-ItemDetailInstanceDataAdapterReport","","",0,"","existing package report PASS; live candidate chain compiled/exercised","PASS","Docs/V0.4/Reports/ItemDetailInstanceDataAdapterReport.md"
"regression-ItemDetailProjectionCompleteReport","","",0,"","existing package report PASS; live candidate chain compiled/exercised","PASS","Docs/V0.4/Reports/ItemDetailProjectionCompleteReport.md"
"regression-ItemSystemValidatorAndSnapshotReport","","",0,"","existing package report PASS; live candidate chain compiled/exercised","PASS","Docs/V0.4/Reports/ItemSystemValidatorAndSnapshotReport.md"
"regression-ItemInnerDataCatalogReport","","",0,"","existing package report PASS; live candidate chain compiled/exercised","PASS","Docs/V0.4/Reports/ItemInnerDataCatalogReport.md"
"regression-CoreAwakeningPreviewReport","","",0,"","existing package report PASS; live candidate chain compiled/exercised","PASS","Docs/V0.4/Reports/CoreAwakeningPreviewReport.md"
"regression-BuildSynergyCoreReport","","",0,"","existing package report PASS; live candidate chain compiled/exercised","PASS","Docs/V0.4/Reports/BuildSynergyCoreReport.md"
"leak-scan","","",0,"","no global Random/GetHashCode/formal Battle/RunFlow/Reward/Inventory/Save/BuildSettings wiring","PASS","clean"
"hash-profiles-30","","",0,"","before hash equals after hash","PASS","8DF5C186DF9FA61DE9E0854D6C4CCCAECF49E5C63900E45ACE98A5299D89A636 -> 8DF5C186DF9FA61DE9E0854D6C4CCCAECF49E5C63900E45ACE98A5299D89A636"
"hash-workbench-catalog","","",0,"","before hash equals after hash","PASS","683FE25CFB12BC863C510B52024C23AC5D01F6BB611F8B5DA025F807DBB1317B -> 683FE25CFB12BC863C510B52024C23AC5D01F6BB611F8B5DA025F807DBB1317B"
"hash-runtime-schema","","",0,"","before hash equals after hash","PASS","AEEEA9B9B4608B62DB16C9B7A9A836C5CADEA589C9F755D881B7B8AFD6F3208E -> AEEEA9B9B4608B62DB16C9B7A9A836C5CADEA589C9F755D881B7B8AFD6F3208E"
"hash-prefabs","","",0,"","before hash equals after hash","PASS","85650BBB8ED3D23D8FB14433C22B97811C4AA66297C6AF2D9426E8756A58D302 -> 85650BBB8ED3D23D8FB14433C22B97811C4AA66297C6AF2D9426E8756A58D302"
"hash-scenes-outside-target","","",0,"","before hash equals after hash","PASS","4859EF768FA8153F3C0E96C941EEA1F135B2B156803F55775AEE911D32A5C00A -> 4859EF768FA8153F3C0E96C941EEA1F135B2B156803F55775AEE911D32A5C00A"
"hash-buildsettings","","",0,"","before hash equals after hash","PASS","472269AA0CD12A093098703ACF5D12BC7B1FD901975E62F46B37727A62B6FAA3 -> 472269AA0CD12A093098703ACF5D12BC7B1FD901975E62F46B37727A62B6FAA3"
